task_id,goal_id,level,unit,lesson_id,source_file,source_line,source_heading,activity_order,source_exercise_number,entity_scope,current_representation,answer_key_status,status,notes
DL-A0-01-T01,DL-A0-01-G01,A0,1,a0-01-alphabet,content/A0/lesson-01-alphabet.md,67,### تمرين 1 — اختر النمط الصحيح,1,1,exercise_block; sub-items not separately identified,"Source lesson activity linked to active assessment item(s): DL-A0-01-Q01, DL-A0-01-Q02",present in source lesson,catalogued; linked to active A0 assessment,A0.1 text/source review 2026-10-07: data/reviews/a0-01-review.md; assessment a0-01-v2. Existing audio unchanged; written T06/P02 is not listening or pronunciation evidence.
DL-A0-01-T02,DL-A0-01-G01,A0,1,a0-01-alphabet,content/A0/lesson-01-alphabet.md,75,### تمرين 2 — ما الصوت الأقرب؟,2,2,exercise_block; sub-items not separately identified,"Source lesson activity linked to active assessment item(s): DL-A0-01-Q03, DL-A0-01-Q04, DL-A0-01-Q05, DL-A0-01-Q06, DL-A0-01-Q07",present in source lesson,catalogued; linked to active A0 assessment,A0.1 text/source review 2026-10-07: data/reviews/a0-01-review.md; assessment a0-01-v2. Existing audio unchanged; written T06/P02 is not listening or pronunciation evidence.
DL-A0-01-T03,DL-A0-01-G01,A0,1,a0-01-alphabet,content/A0/lesson-01-alphabet.md,84,### تمرين 3 — صِل الكلمة بالنمط,3,3,exercise_block; sub-items not separately identified,Source practice with answer key; no direct scored quiz item,present in source lesson,"catalogued; source practice, not independently scored",A0.1 text/source review 2026-10-07: data/reviews/a0-01-review.md; assessment a0-01-v2. Existing audio unchanged; written T06/P02 is not listening or pronunciation evidence.
DL-A0-01-T04,DL-A0-01-G01,A0,1,a0-01-alphabet,content/A0/lesson-01-alphabet.md,90,### تمرين 4 — تهجئة اسم,4,4,exercise_block; sub-items not separately identified,"Source lesson activity linked to active assessment item(s): DL-A0-01-P01, DL-A0-01-Q10",present in source lesson,catalogued; linked to active A0 assessment,A0.1 text/source review 2026-10-07: data/reviews/a0-01-review.md; assessment a0-01-v2. Existing audio unchanged; written T06/P02 is not listening or pronunciation evidence.
DL-A0-01-T05,DL-A0-01-G01,A0,1,a0-01-alphabet,content/A0/lesson-01-alphabet.md,94,### تمرين 5 — قراءة كلمات,5,5,exercise_block; sub-items not separately identified,"Source lesson activity linked to active assessment item(s): DL-A0-01-Q08, DL-A0-01-Q09",present in source lesson,catalogued; linked to active A0 assessment,A0.1 text/source review 2026-10-07: data/reviews/a0-01-review.md; assessment a0-01-v2. Existing audio unchanged; written T06/P02 is not listening or pronunciation evidence.
DL-A0-01-T06,DL-A0-01-G01,A0,1,a0-01-alphabet,content/A0/lesson-01-alphabet.md,103,### تمرين 6 — كتابة من الذاكرة (دون تسجيل صوتي),6,6,exercise_block; sub-items not separately identified,Source lesson activity linked to active assessment item(s): DL-A0-01-P02,present in source lesson,catalogued; linked to active A0 assessment,A0.1 text/source review 2026-10-07: data/reviews/a0-01-review.md; assessment a0-01-v2. Existing audio unchanged; written T06/P02 is not listening or pronunciation evidence.
DL-A0-01-T07,DL-A0-01-G01,A0,1,a0-01-alphabet,content/A0/lesson-01-alphabet.md,107,### تمرين 7 — تحدّي سريع,7,7,exercise_block; sub-items not separately identified,Source practice with answer key; no direct scored quiz item,present in source lesson,"catalogued; source practice, not independently scored",A0.1 text/source review 2026-10-07: data/reviews/a0-01-review.md; assessment a0-01-v2. Existing audio unchanged; written T06/P02 is not listening or pronunciation evidence.
DL-A0-02-T01,DL-A0-02-G01,A0,2,a0-02-greetings,content/A0/lesson-02-greetings.md,68,### تمرين 1 — اختر التحية المناسبة,1,1,exercise_block; sub-items not separately identified,"Source lesson activity linked to active assessment item(s): DL-A0-02-Q01, DL-A0-02-Q02, DL-A0-02-Q03",present in source lesson,catalogued; linked to active A0 assessment,CR2 source-supported text review 2026-10-07: data/reviews/a0-02-review.md; a0-02-v2; existing audio unchanged; local self-check is not automatic pronunciation scoring.
DL-A0-02-T02,DL-A0-02-G01,A0,2,a0-02-greetings,content/A0/lesson-02-greetings.md,76,### تمرين 2 — أكمل الفعل,2,2,exercise_block; sub-items not separately identified,"Source lesson activity linked to active assessment item(s): DL-A0-02-Q04, DL-A0-02-Q05",present in source lesson,catalogued; linked to active A0 assessment,CR2 source-supported text review 2026-10-07: data/reviews/a0-02-review.md; a0-02-v2; existing audio unchanged; local self-check is not automatic pronunciation scoring.
DL-A0-02-T03,DL-A0-02-G01,A0,2,a0-02-greetings,content/A0/lesson-02-greetings.md,83,### تمرين 3 — رسمي أم غير رسمي؟,3,3,exercise_block; sub-items not separately identified,"Source lesson activity linked to active assessment item(s): DL-A0-02-Q06, DL-A0-02-Q09",present in source lesson,catalogued; linked to active A0 assessment,CR2 source-supported text review 2026-10-07: data/reviews/a0-02-review.md; a0-02-v2; existing audio unchanged; local self-check is not automatic pronunciation scoring.
DL-A0-02-T04,DL-A0-02-G01,A0,2,a0-02-greetings,content/A0/lesson-02-greetings.md,91,### تمرين 4 — رتّب الكلمات,4,4,exercise_block; sub-items not separately identified,Source practice with answer key; no direct scored quiz item,present in source lesson,"catalogued; source practice, not independently scored",CR2 source-supported text review 2026-10-07: data/reviews/a0-02-review.md; a0-02-v2; existing audio unchanged; local self-check is not automatic pronunciation scoring.
DL-A0-02-T05,DL-A0-02-G01,A0,2,a0-02-greetings,content/A0/lesson-02-greetings.md,100,### تمرين 5 — اختر الرد الطبيعي,5,5,exercise_block; sub-items not separately identified,"Source lesson activity linked to active assessment item(s): DL-A0-02-Q07, DL-A0-02-Q08",present in source lesson,catalogued; linked to active A0 assessment,CR2 source-supported text review 2026-10-07: data/reviews/a0-02-review.md; a0-02-v2; existing audio unchanged; local self-check is not automatic pronunciation scoring.
DL-A0-02-T06,DL-A0-02-G01,A0,2,a0-02-greetings,content/A0/lesson-02-greetings.md,109,### تمرين 6 — أكمل الحوار,6,6,exercise_block; sub-items not separately identified,Source lesson activity linked to active assessment item(s): DL-A0-02-Q10,present in source lesson,catalogued; linked to active A0 assessment,CR2 source-supported text review 2026-10-07: data/reviews/a0-02-review.md; a0-02-v2; existing audio unchanged; local self-check is not automatic pronunciation scoring.
DL-A0-02-T07,DL-A0-02-G01,A0,2,a0-02-greetings,content/A0/lesson-02-greetings.md,118,### تمرين 7 — تحدّث,7,7,exercise_block; sub-items not separately identified,Source lesson activity linked to active assessment item(s): DL-A0-02-P01,present in source lesson,catalogued; linked to active A0 assessment,CR2 source-supported text review 2026-10-07: data/reviews/a0-02-review.md; a0-02-v2; existing audio unchanged; local self-check is not automatic pronunciation scoring.
DL-A0-02-T08,DL-A0-02-G01,A0,2,a0-02-greetings,content/A0/lesson-02-greetings.md,124,### تمرين 8 — كتابة قصيرة,8,8,exercise_block; sub-items not separately identified,Source lesson activity linked to active assessment item(s): DL-A0-02-P02,present in source lesson,catalogued; linked to active A0 assessment,CR2 source-supported text review 2026-10-07: data/reviews/a0-02-review.md; a0-02-v2; existing audio unchanged; local self-check is not automatic pronunciation scoring.
DL-A0-03-T01,DL-A0-03-G01,A0,3,a0-03-numbers-personal-info,content/A0/lesson-03-numbers-personal-info.md,64,### تمرين 1 — اكتب الرقم بالألمانية,1,1,exercise_block; sub-items not separately identified,"Source activity linked to active assessment: DL-A0-03-Q01, DL-A0-03-Q02, DL-A0-03-Q03, DL-A0-03-Q04, DL-A0-03-Q10",present in source lesson,catalogued; linked to active A0 assessment,CR3 text review; existing 2 audio assets/7 clips preserved; no new acoustic review. Local self-check is not independent language or speech scoring.
DL-A0-03-T02,DL-A0-03-G01,A0,3,a0-03-numbers-personal-info,content/A0/lesson-03-numbers-personal-info.md,68,### تمرين 2 — اكتب الرقم بالأرقام,2,2,exercise_block; sub-items not separately identified,"Source activity linked to active assessment: DL-A0-03-Q05, DL-A0-03-Q06",present in source lesson,catalogued; linked to active A0 assessment,CR3 text review; existing 2 audio assets/7 clips preserved; no new acoustic review. Local self-check is not independent language or speech scoring.
DL-A0-03-T03,DL-A0-03-G01,A0,3,a0-03-numbers-personal-info,content/A0/lesson-03-numbers-personal-info.md,72,### تمرين 3 — توسعة اختيارية: أكمل العدد المركب,3,3,exercise_block; sub-items not separately identified,Optional extension; excluded from core mastery assessment.,present in source lesson,"catalogued; optional extension, not scored",CR3 text review; existing 2 audio assets/7 clips preserved; no new acoustic review. Local self-check is not independent language or speech scoring.
DL-A0-03-T04,DL-A0-03-G01,A0,3,a0-03-numbers-personal-info,content/A0/lesson-03-numbers-personal-info.md,79,### تمرين 4 — اختر السؤال المناسب,4,4,exercise_block; sub-items not separately identified,"Source activity linked to active assessment: DL-A0-03-Q07, DL-A0-03-Q08",present in source lesson,catalogued; linked to active A0 assessment,CR3 text review; existing 2 audio assets/7 clips preserved; no new acoustic review. Local self-check is not independent language or speech scoring.
DL-A0-03-T05,DL-A0-03-G01,A0,3,a0-03-numbers-personal-info,content/A0/lesson-03-numbers-personal-info.md,85,### تمرين 5 — أكمل الحوار,5,5,exercise_block; sub-items not separately identified,Source practice with answer key; no directly linked structured assessment item.,present in source lesson,catalogued; not yet structured for app scoring,CR3 text review; existing 2 audio assets/7 clips preserved; no new acoustic review. Local self-check is not independent language or speech scoring.
DL-A0-03-T06,DL-A0-03-G01,A0,3,a0-03-numbers-personal-info,content/A0/lesson-03-numbers-personal-info.md,94,### تمرين 6 — رقم الهاتف,6,6,exercise_block; sub-items not separately identified,"Source activity linked to active assessment: DL-A0-03-Q09, DL-A0-03-P02",present in source lesson,catalogued; linked to active A0 assessment,CR3 text review; existing 2 audio assets/7 clips preserved; no new acoustic review. Local self-check is not independent language or speech scoring.
DL-A0-03-T07,DL-A0-03-G01,A0,3,a0-03-numbers-personal-info,content/A0/lesson-03-numbers-personal-info.md,98,### تمرين 7 — مقابلة قصيرة,7,7,exercise_block; sub-items not separately identified,Source activity linked to active assessment: DL-A0-03-P01,present in source lesson,catalogued; linked to active A0 assessment,CR3 text review; existing 2 audio assets/7 clips preserved; no new acoustic review. Local self-check is not independent language or speech scoring.
DL-A0-03-T08,DL-A0-03-G01,A0,3,a0-03-numbers-personal-info,content/A0/lesson-03-numbers-personal-info.md,102,### تمرين 8 — بطاقة تعارف,8,8,exercise_block; sub-items not separately identified,Source activity linked to active assessment: DL-A0-03-P01,present in source lesson,catalogued; linked to active A0 assessment,CR3 text review; existing 2 audio assets/7 clips preserved; no new acoustic review. Local self-check is not independent language or speech scoring.
DL-A0-04-T01,DL-A0-04-G01,A0,4,a0-04-first-sentences,content/A0/lesson-04-first-sentences.md,79,### تمرين 1 — اختر الضمير المناسب,1,1,exercise_block; sub-items not separately identified,Source activity linked to active assessment: DL-A0-04-Q01,present in source lesson,catalogued; linked to active A0 assessment,CR4 source-supported text review: data/reviews/a0-04-review.md; a0-04-v2. Existing model audio unchanged; no separate T08 dialogue recording; no new acoustic review. Self-check is not automatic language/speech scoring.
DL-A0-04-T02,DL-A0-04-G01,A0,4,a0-04-first-sentences,content/A0/lesson-04-first-sentences.md,86,### تمرين 2 — أكمل بـ sein,2,2,exercise_block; sub-items not separately identified,"Source activity linked to active assessment: DL-A0-04-Q02, DL-A0-04-Q03, DL-A0-04-Q08, DL-A0-04-Q09",present in source lesson,catalogued; linked to active A0 assessment,CR4 source-supported text review: data/reviews/a0-04-review.md; a0-04-v2. Existing model audio unchanged; no separate T08 dialogue recording; no new acoustic review. Self-check is not automatic language/speech scoring.
DL-A0-04-T03,DL-A0-04-G01,A0,4,a0-04-first-sentences,content/A0/lesson-04-first-sentences.md,94,### تمرين 3 — أكمل بـ haben,3,3,exercise_block; sub-items not separately identified,"Source activity linked to active assessment: DL-A0-04-Q04, DL-A0-04-Q10",present in source lesson,catalogued; linked to active A0 assessment,CR4 source-supported text review: data/reviews/a0-04-review.md; a0-04-v2. Existing model audio unchanged; no separate T08 dialogue recording; no new acoustic review. Self-check is not automatic language/speech scoring.
DL-A0-04-T04,DL-A0-04-G01,A0,4,a0-04-first-sentences,content/A0/lesson-04-first-sentences.md,102,### تمرين 4 — صح أم خطأ؟ صحّح الخطأ,4,4,exercise_block; sub-items not separately identified,Source activity linked to active assessment: DL-A0-04-Q05,present in source lesson,catalogued; linked to active A0 assessment,CR4 source-supported text review: data/reviews/a0-04-review.md; a0-04-v2. Existing model audio unchanged; no separate T08 dialogue recording; no new acoustic review. Self-check is not automatic language/speech scoring.
DL-A0-04-T05,DL-A0-04-G01,A0,4,a0-04-first-sentences,content/A0/lesson-04-first-sentences.md,109,### تمرين 5 — رتّب الكلمات,5,5,exercise_block; sub-items not separately identified,Source activity linked to active assessment: DL-A0-04-Q06,present in source lesson,catalogued; linked to active A0 assessment,CR4 source-supported text review: data/reviews/a0-04-review.md; a0-04-v2. Existing model audio unchanged; no separate T08 dialogue recording; no new acoustic review. Self-check is not automatic language/speech scoring.
DL-A0-04-T06,DL-A0-04-G01,A0,4,a0-04-first-sentences,content/A0/lesson-04-first-sentences.md,118,### تمرين 6 — حوّل إلى سؤال,6,6,exercise_block; sub-items not separately identified,Source activity linked to active assessment: DL-A0-04-Q07,present in source lesson,catalogued; linked to active A0 assessment,CR4 source-supported text review: data/reviews/a0-04-review.md; a0-04-v2. Existing model audio unchanged; no separate T08 dialogue recording; no new acoustic review. Self-check is not automatic language/speech scoring.
DL-A0-04-T07,DL-A0-04-G01,A0,4,a0-04-first-sentences,content/A0/lesson-04-first-sentences.md,124,### تمرين 7 — أربع جمل عن النفس وشخص آخر,7,7,exercise_block; sub-items not separately identified,Source activity linked to active assessment: DL-A0-04-P01,present in source lesson,catalogued; linked to active A0 assessment,CR4 source-supported text review: data/reviews/a0-04-review.md; a0-04-v2. Existing model audio unchanged; no separate T08 dialogue recording; no new acoustic review. Self-check is not automatic language/speech scoring.
DL-A0-04-T08,DL-A0-04-G01,A0,4,a0-04-first-sentences,content/A0/lesson-04-first-sentences.md,128,### تمرين 8 — حوار قصير,8,8,exercise_block; sub-items not separately identified,Source activity linked to active assessment: DL-A0-04-P02,present in source lesson,catalogued; linked to active A0 assessment,CR4 source-supported text review: data/reviews/a0-04-review.md; a0-04-v2. Existing model audio unchanged; no separate T08 dialogue recording; no new acoustic review. Self-check is not automatic language/speech scoring.
DL-A0-05-T01,DL-A0-05-G01,A0,5,a0-05-classroom-phrases,content/A0/lesson-05-classroom-phrases.md,52,### تمرين 1 — صِل العبارة بمعناها,1,1,exercise_block; sub-items not separately identified,Source activity linked to active assessment: DL-A0-05-Q01,present in source lesson,catalogued; linked to active A0 assessment,CR5 source-supported text review: data/reviews/a0-05-review.md; a0-05-v2. Existing 2 audio assets/6 clips unchanged; T06 dialogue not separately recorded. Self-check is not automatic language/speech scoring.
DL-A0-05-T02,DL-A0-05-G01,A0,5,a0-05-classroom-phrases,content/A0/lesson-05-classroom-phrases.md,61,### تمرين 2 — أكمل بالكلمة المناسبة,2,2,exercise_block; sub-items not separately identified,"Source activity linked to active assessment: DL-A0-05-Q02, DL-A0-05-Q03",present in source lesson,catalogued; linked to active A0 assessment,CR5 source-supported text review: data/reviews/a0-05-review.md; a0-05-v2. Existing 2 audio assets/6 clips unchanged; T06 dialogue not separately recorded. Self-check is not automatic language/speech scoring.
DL-A0-05-T03,DL-A0-05-G01,A0,5,a0-05-classroom-phrases,content/A0/lesson-05-classroom-phrases.md,70,### تمرين 3 — رسمي أم غير رسمي؟,3,3,exercise_block; sub-items not separately identified,"Source activity linked to active assessment: DL-A0-05-Q04, DL-A0-05-Q09, DL-A0-05-Q10",present in source lesson,catalogued; linked to active A0 assessment,CR5 source-supported text review: data/reviews/a0-05-review.md; a0-05-v2. Existing 2 audio assets/6 clips unchanged; T06 dialogue not separately recorded. Self-check is not automatic language/speech scoring.
DL-A0-05-T04,DL-A0-05-G01,A0,5,a0-05-classroom-phrases,content/A0/lesson-05-classroom-phrases.md,79,### تمرين 4 — رتّب الكلمات,4,4,exercise_block; sub-items not separately identified,Source activity linked to active assessment: DL-A0-05-Q05,present in source lesson,catalogued; linked to active A0 assessment,CR5 source-supported text review: data/reviews/a0-05-review.md; a0-05-v2. Existing 2 audio assets/6 clips unchanged; T06 dialogue not separately recorded. Self-check is not automatic language/speech scoring.
DL-A0-05-T05,DL-A0-05-G01,A0,5,a0-05-classroom-phrases,content/A0/lesson-05-classroom-phrases.md,88,### تمرين 5 — اختر الطلب اللطيف,5,5,exercise_block; sub-items not separately identified,Source activity linked to active assessment: DL-A0-05-Q06,present in source lesson,catalogued; linked to active A0 assessment,CR5 source-supported text review: data/reviews/a0-05-review.md; a0-05-v2. Existing 2 audio assets/6 clips unchanged; T06 dialogue not separately recorded. Self-check is not automatic language/speech scoring.
DL-A0-05-T06,DL-A0-05-G01,A0,5,a0-05-classroom-phrases,content/A0/lesson-05-classroom-phrases.md,93,### تمرين 6 — أكمل الحوار,6,6,exercise_block; sub-items not separately identified,"Source activity linked to active assessment: DL-A0-05-Q07, DL-A0-05-Q08",present in source lesson,catalogued; linked to active A0 assessment,CR5 source-supported text review: data/reviews/a0-05-review.md; a0-05-v2. Existing 2 audio assets/6 clips unchanged; T06 dialogue not separately recorded. Self-check is not automatic language/speech scoring.
DL-A0-05-T07,DL-A0-05-G01,A0,5,a0-05-classroom-phrases,content/A0/lesson-05-classroom-phrases.md,105,### تمرين 7 — مهمة تواصل,7,7,exercise_block; sub-items not separately identified,Source activity linked to active assessment: DL-A0-05-P01,present in source lesson,catalogued; linked to active A0 assessment,CR5 source-supported text review: data/reviews/a0-05-review.md; a0-05-v2. Existing 2 audio assets/6 clips unchanged; T06 dialogue not separately recorded. Self-check is not automatic language/speech scoring.
DL-A0-05-T08,DL-A0-05-G01,A0,5,a0-05-classroom-phrases,content/A0/lesson-05-classroom-phrases.md,119,### تمرين 8 — بطاقة مساعدة شخصية,8,8,exercise_block; sub-items not separately identified,Source activity linked to active assessment: DL-A0-05-P02,present in source lesson,catalogued; linked to active A0 assessment,CR5 source-supported text review: data/reviews/a0-05-review.md; a0-05-v2. Existing 2 audio assets/6 clips unchanged; T06 dialogue not separately recorded. Self-check is not automatic language/speech scoring.
DL-A1-01-T01,DL-A1-01-G01,A1,1,a1-01-introductions-languages-hobbies,content/A1/lesson-01-introductions-languages-hobbies.md,142,### تمرين 1 — صِل المفردة بالمعنى,1,1,exercise_block; sub-items not separately identified,Source activity; active links: DL-A1-01-Q01,source answer key retained; structured items and self-check rubrics reviewed,present in source lesson; represented in ready A1 assessment,"CR7 a1-01-v2: individual text/source review in data/reviews/a1-01-review.json; two existing audio clips unchanged, no acoustic review or audio prerequisite."
DL-A1-01-T02,DL-A1-01-G01,A1,1,a1-01-introductions-languages-hobbies,content/A1/lesson-01-introductions-languages-hobbies.md,148,### تمرين 2 — اختر التصريف المناسب,2,2,exercise_block; sub-items not separately identified,"Source activity; active links: DL-A1-01-Q02, DL-A1-01-Q03",source answer key retained; structured items and self-check rubrics reviewed,present in source lesson; represented in ready A1 assessment,"CR7 a1-01-v2: individual text/source review in data/reviews/a1-01-review.json; two existing audio clips unchanged, no acoustic review or audio prerequisite."
DL-A1-01-T03,DL-A1-01-G01,A1,1,a1-01-introductions-languages-hobbies,content/A1/lesson-01-introductions-languages-hobbies.md,156,### تمرين 3 — رتّب الكلمات لتكوين جملة,3,3,exercise_block; sub-items not separately identified,"Source activity; active links: DL-A1-01-Q04, DL-A1-01-Q06",source answer key retained; structured items and self-check rubrics reviewed,present in source lesson; represented in ready A1 assessment,"CR7 a1-01-v2: individual text/source review in data/reviews/a1-01-review.json; two existing audio clips unchanged, no acoustic review or audio prerequisite."
DL-A1-01-T04,DL-A1-01-G01,A1,1,a1-01-introductions-languages-hobbies,content/A1/lesson-01-introductions-languages-hobbies.md,165,### تمرين 4 — ضع gern في المكان المناسب,4,4,exercise_block; sub-items not separately identified,Source activity; active links: DL-A1-01-Q05,source answer key retained; structured items and self-check rubrics reviewed,present in source lesson; represented in ready A1 assessment,"CR7 a1-01-v2: individual text/source review in data/reviews/a1-01-review.json; two existing audio clips unchanged, no acoustic review or audio prerequisite."
DL-A1-01-T05,DL-A1-01-G01,A1,1,a1-01-introductions-languages-hobbies,content/A1/lesson-01-introductions-languages-hobbies.md,171,### تمرين 5 — أكمل من النص,5,5,exercise_block; sub-items not separately identified,Source activity; active links: none; unscored source practice retained,source answer key retained; structured items and self-check rubrics reviewed,present in source lesson; represented in ready A1 assessment,"CR7 a1-01-v2: individual text/source review in data/reviews/a1-01-review.json; two existing audio clips unchanged, no acoustic review or audio prerequisite."
DL-A1-01-T06,DL-A1-01-G01,A1,1,a1-01-introductions-languages-hobbies,content/A1/lesson-01-introductions-languages-hobbies.md,180,### تمرين 6 — فهم القراءة,6,6,exercise_block; sub-items not separately identified,Source activity; active links: none; unscored source practice retained,source answer key retained; structured items and self-check rubrics reviewed,present in source lesson; represented in ready A1 assessment,"CR7 a1-01-v2: individual text/source review in data/reviews/a1-01-review.json; two existing audio clips unchanged, no acoustic review or audio prerequisite."
DL-A1-01-T07,DL-A1-01-G01,A1,1,a1-01-introductions-languages-hobbies,content/A1/lesson-01-introductions-languages-hobbies.md,188,### تمرين 7 — أكمل نص الاستماع,7,7,exercise_block; sub-items not separately identified,Source activity; active links: none; unscored source practice retained,source answer key retained; structured items and self-check rubrics reviewed,present in source lesson; represented in ready A1 assessment,"CR7 a1-01-v2: individual text/source review in data/reviews/a1-01-review.json; two existing audio clips unchanged, no acoustic review or audio prerequisite."
DL-A1-01-T08,DL-A1-01-G01,A1,1,a1-01-introductions-languages-hobbies,content/A1/lesson-01-introductions-languages-hobbies.md,196,### تمرين 8 — كوّن السؤال المناسب,8,8,exercise_block; sub-items not separately identified,"Source activity; active links: DL-A1-01-Q07, DL-A1-01-Q09",source answer key retained; structured items and self-check rubrics reviewed,present in source lesson; represented in ready A1 assessment,"CR7 a1-01-v2: individual text/source review in data/reviews/a1-01-review.json; two existing audio clips unchanged, no acoustic review or audio prerequisite."
DL-A1-01-T09,DL-A1-01-G01,A1,1,a1-01-introductions-languages-hobbies,content/A1/lesson-01-introductions-languages-hobbies.md,203,### تمرين 9 — بطاقة معلومات,9,9,exercise_block; sub-items not separately identified,"Source activity; active links: DL-A1-01-Q08, DL-A1-01-P01",source answer key retained; structured items and self-check rubrics reviewed,present in source lesson; represented in ready A1 assessment,"CR7 a1-01-v2: individual text/source review in data/reviews/a1-01-review.json; two existing audio clips unchanged, no acoustic review or audio prerequisite."
DL-A1-01-T10,DL-A1-01-G01,A1,1,a1-01-introductions-languages-hobbies,content/A1/lesson-01-introductions-languages-hobbies.md,211,### تمرين 10 — محادثة ثنائية,10,10,exercise_block; sub-items not separately identified,"Source activity; active links: DL-A1-01-Q10, DL-A1-01-P02",source answer key retained; structured items and self-check rubrics reviewed,present in source lesson; represented in ready A1 assessment,"CR7 a1-01-v2: individual text/source review in data/reviews/a1-01-review.json; two existing audio clips unchanged, no acoustic review or audio prerequisite."
DL-A1-02-T01,DL-A1-02-G01,A1,2,a1-02-work-family,content/A1/lesson-02-work-family.md,130,### تمرين 1 — اختر المفردة,1,1,exercise_block; sub-items not separately identified,Source activity; active links: DL-A1-02-Q01,source answer key retained; structured items and self-check rubrics reviewed,present in source lesson; represented in ready A1 assessment,"CR8 a1-02-v2: text review in data/reviews/a1-02-review.json; two existing audio clips unchanged, no acoustic review or audio prerequisite."
DL-A1-02-T02,DL-A1-02-G01,A1,2,a1-02-work-family,content/A1/lesson-02-work-family.md,137,### تمرين 2 — أكمل بـmein أو meine,2,2,exercise_block; sub-items not separately identified,"Source activity; active links: DL-A1-02-Q02, DL-A1-02-Q03",source answer key retained; structured items and self-check rubrics reviewed,present in source lesson; represented in ready A1 assessment,"CR8 a1-02-v2: text review in data/reviews/a1-02-review.json; two existing audio clips unchanged, no acoustic review or audio prerequisite."
DL-A1-02-T03,DL-A1-02-G01,A1,2,a1-02-work-family,content/A1/lesson-02-work-family.md,144,### تمرين 3 — أكمل الفعل,3,3,exercise_block; sub-items not separately identified,Source activity; active links: DL-A1-02-Q04,source answer key retained; structured items and self-check rubrics reviewed,present in source lesson; represented in ready A1 assessment,"CR8 a1-02-v2: text review in data/reviews/a1-02-review.json; two existing audio clips unchanged, no acoustic review or audio prerequisite."
DL-A1-02-T04,DL-A1-02-G01,A1,2,a1-02-work-family,content/A1/lesson-02-work-family.md,151,### تمرين 4 — كوّن جملة,4,4,exercise_block; sub-items not separately identified,"Source activity; active links: DL-A1-02-Q05, DL-A1-02-Q09",source answer key retained; structured items and self-check rubrics reviewed,present in source lesson; represented in ready A1 assessment,"CR8 a1-02-v2: text review in data/reviews/a1-02-review.json; two existing audio clips unchanged, no acoustic review or audio prerequisite."
DL-A1-02-T05,DL-A1-02-G01,A1,2,a1-02-work-family,content/A1/lesson-02-work-family.md,159,### تمرين 5 — اسأل عن المهنة ومكان العمل والإخوة,5,5,exercise_block; sub-items not separately identified,Source activity; active links: DL-A1-02-Q06,source answer key retained; structured items and self-check rubrics reviewed,present in source lesson; represented in ready A1 assessment,"CR8 a1-02-v2: text review in data/reviews/a1-02-review.json; two existing audio clips unchanged, no acoustic review or audio prerequisite."
DL-A1-02-T06,DL-A1-02-G01,A1,2,a1-02-work-family,content/A1/lesson-02-work-family.md,167,### تمرين 6 — فهم القراءة,6,6,exercise_block; sub-items not separately identified,"Source activity; active links: DL-A1-02-Q07, DL-A1-02-Q08",source answer key retained; structured items and self-check rubrics reviewed,present in source lesson; represented in ready A1 assessment,"CR8 a1-02-v2: text review in data/reviews/a1-02-review.json; two existing audio clips unchanged, no acoustic review or audio prerequisite."
DL-A1-02-T07,DL-A1-02-G01,A1,2,a1-02-work-family,content/A1/lesson-02-work-family.md,176,### تمرين 7 — فهم الاستماع,7,7,exercise_block; sub-items not separately identified,Source activity; active links: none; unscored source practice retained,source answer key retained; structured items and self-check rubrics reviewed,present in source lesson; represented in ready A1 assessment,"CR8 a1-02-v2: text review in data/reviews/a1-02-review.json; two existing audio clips unchanged, no acoustic review or audio prerequisite."
DL-A1-02-T08,DL-A1-02-G01,A1,2,a1-02-work-family,content/A1/lesson-02-work-family.md,184,### تمرين 8 — ملف عائلي قصير,8,8,exercise_block; sub-items not separately identified,Source activity; active links: DL-A1-02-P01,source answer key retained; structured items and self-check rubrics reviewed,present in source lesson; represented in ready A1 assessment,"CR8 a1-02-v2: text review in data/reviews/a1-02-review.json; two existing audio clips unchanged, no acoustic review or audio prerequisite."
DL-A1-02-T09,DL-A1-02-G01,A1,2,a1-02-work-family,content/A1/lesson-02-work-family.md,188,### تمرين 9 — محادثة ثنائية,9,9,exercise_block; sub-items not separately identified,"Source activity; active links: DL-A1-02-Q10, DL-A1-02-P02",source answer key retained; structured items and self-check rubrics reviewed,present in source lesson; represented in ready A1 assessment,"CR8 a1-02-v2: text review in data/reviews/a1-02-review.json; two existing audio clips unchanged, no acoustic review or audio prerequisite."
DL-A1-03-T01,DL-A1-03-G01,A1,3,a1-03-city-cafe-hotel,content/A1/lesson-03-city-cafe-hotel.md,129,### تمرين 1 — أكمل اسم المكان,1,1,exercise_block; sub-items not separately identified,"Source activity; active links: DL-A1-03-Q01, DL-A1-03-Q08, DL-A1-03-Q09",source answer key retained; structured items and self-check rubrics reviewed,present in source lesson; represented in ready A1 assessment,CR9 a1-03-v2: individual source review in data/reviews/a1-03-review.json; 3 audio assets/12 clips unchanged; no acoustic approval.
DL-A1-03-T02,DL-A1-03-G01,A1,3,a1-03-city-cafe-hotel,content/A1/lesson-03-city-cafe-hotel.md,138,### تمرين 2 — اختر الاتجاه,2,2,exercise_block; sub-items not separately identified,Source activity; active links: DL-A1-03-Q02,source answer key retained; structured items and self-check rubrics reviewed,present in source lesson; represented in ready A1 assessment,CR9 a1-03-v2: individual source review in data/reviews/a1-03-review.json; 3 audio assets/12 clips unchanged; no acoustic approval.
DL-A1-03-T03,DL-A1-03-G01,A1,3,a1-03-city-cafe-hotel,content/A1/lesson-03-city-cafe-hotel.md,144,### تمرين 3 — أكمل بـmöchte أو möchtest أو möchten,3,3,exercise_block; sub-items not separately identified,"Source activity; active links: DL-A1-03-Q03, DL-A1-03-Q04",source answer key retained; structured items and self-check rubrics reviewed,present in source lesson; represented in ready A1 assessment,CR9 a1-03-v2: individual source review in data/reviews/a1-03-review.json; 3 audio assets/12 clips unchanged; no acoustic approval.
DL-A1-03-T04,DL-A1-03-G01,A1,3,a1-03-city-cafe-hotel,content/A1/lesson-03-city-cafe-hotel.md,152,### تمرين 4 — اختر أداة الطلب المناسبة,4,4,exercise_block; sub-items not separately identified,Source activity; active links: DL-A1-03-Q05,source answer key retained; structured items and self-check rubrics reviewed,present in source lesson; represented in ready A1 assessment,CR9 a1-03-v2: individual source review in data/reviews/a1-03-review.json; 3 audio assets/12 clips unchanged; no acoustic approval.
DL-A1-03-T05,DL-A1-03-G01,A1,3,a1-03-city-cafe-hotel,content/A1/lesson-03-city-cafe-hotel.md,158,### تمرين 5 — رتّب الحوار,5,5,exercise_block; sub-items not separately identified,Source activity; active links: none; unscored source practice retained,source answer key retained; structured items and self-check rubrics reviewed,present in source lesson; represented in ready A1 assessment,CR9 a1-03-v2: individual source review in data/reviews/a1-03-review.json; 3 audio assets/12 clips unchanged; no acoustic approval.
DL-A1-03-T06,DL-A1-03-G01,A1,3,a1-03-city-cafe-hotel,content/A1/lesson-03-city-cafe-hotel.md,169,### تمرين 6 — قراءة,6,6,exercise_block; sub-items not separately identified,Source activity; active links: none; unscored source practice retained,source answer key retained; structured items and self-check rubrics reviewed,present in source lesson; represented in ready A1 assessment,CR9 a1-03-v2: individual source review in data/reviews/a1-03-review.json; 3 audio assets/12 clips unchanged; no acoustic approval.
DL-A1-03-T07,DL-A1-03-G01,A1,3,a1-03-city-cafe-hotel,content/A1/lesson-03-city-cafe-hotel.md,177,### تمرين 7 — استماع/قراءة الاتجاه,7,7,exercise_block; sub-items not separately identified,Source activity; active links: DL-A1-03-Q06,source answer key retained; structured items and self-check rubrics reviewed,present in source lesson; represented in ready A1 assessment,CR9 a1-03-v2: individual source review in data/reviews/a1-03-review.json; 3 audio assets/12 clips unchanged; no acoustic approval.
DL-A1-03-T08,DL-A1-03-G01,A1,3,a1-03-city-cafe-hotel,content/A1/lesson-03-city-cafe-hotel.md,183,### تمرين 8 — موقف تمثيلي,8,8,exercise_block; sub-items not separately identified,"Source activity; active links: DL-A1-03-Q10, DL-A1-03-P01",source answer key retained; structured items and self-check rubrics reviewed,present in source lesson; represented in ready A1 assessment,CR9 a1-03-v2: individual source review in data/reviews/a1-03-review.json; 3 audio assets/12 clips unchanged; no acoustic approval.
DL-A1-03-T09,DL-A1-03-G01,A1,3,a1-03-city-cafe-hotel,content/A1/lesson-03-city-cafe-hotel.md,187,### تمرين 9 — مسار خيالي مكتوب,9,9,exercise_block; sub-items not separately identified,"Source activity; active links: DL-A1-03-Q07, DL-A1-03-P02",source answer key retained; structured items and self-check rubrics reviewed,present in source lesson; represented in ready A1 assessment,CR9 a1-03-v2: individual source review in data/reviews/a1-03-review.json; 3 audio assets/12 clips unchanged; no acoustic approval.
DL-A1-04-T01,DL-A1-04-G01,A1,4,a1-04-daily-routine-time,content/A1/lesson-04-daily-routine-time.md,122,### تمرين 1 — اختر حرف الجر المناسب,1,1,exercise_block; sub-items not separately identified,"Source activity; active links: DL-A1-04-Q01, DL-A1-04-Q02, DL-A1-04-Q03",source answer key retained; structured items and self-check rubrics reviewed,present in source lesson; represented in ready A1 assessment,"CR10 a1-04-v2: individual review in data/reviews/a1-04-review.json; 2 audio assets/2 clips preserved, not acoustically reviewed."
DL-A1-04-T02,DL-A1-04-G01,A1,4,a1-04-daily-routine-time,content/A1/lesson-04-daily-routine-time.md,128,### تمرين 2 — اكتب الوقت بالكلمات,2,2,exercise_block; sub-items not separately identified,Source activity; active links: DL-A1-04-Q04,source answer key retained; structured items and self-check rubrics reviewed,present in source lesson; represented in ready A1 assessment,"CR10 a1-04-v2: individual review in data/reviews/a1-04-review.json; 2 audio assets/2 clips preserved, not acoustically reviewed."
DL-A1-04-T03,DL-A1-04-G01,A1,4,a1-04-daily-routine-time,content/A1/lesson-04-daily-routine-time.md,136,### تمرين 3 — أكمل الفعل المنفصل,3,3,exercise_block; sub-items not separately identified,"Source activity; active links: DL-A1-04-Q05, DL-A1-04-Q10",source answer key retained; structured items and self-check rubrics reviewed,present in source lesson; represented in ready A1 assessment,"CR10 a1-04-v2: individual review in data/reviews/a1-04-review.json; 2 audio assets/2 clips preserved, not acoustically reviewed."
DL-A1-04-T04,DL-A1-04-G01,A1,4,a1-04-daily-routine-time,content/A1/lesson-04-daily-routine-time.md,142,### تمرين 4 — رتّب الجملة,4,4,exercise_block; sub-items not separately identified,"Source activity; active links: DL-A1-04-Q06, DL-A1-04-Q07",source answer key retained; structured items and self-check rubrics reviewed,present in source lesson; represented in ready A1 assessment,"CR10 a1-04-v2: individual review in data/reviews/a1-04-review.json; 2 audio assets/2 clips preserved, not acoustically reviewed."
DL-A1-04-T05,DL-A1-04-G01,A1,4,a1-04-daily-routine-time,content/A1/lesson-04-daily-routine-time.md,150,### تمرين 5 — اختر الجملة الصحيحة,5,5,exercise_block; sub-items not separately identified,Source activity; active links: none; unscored source practice retained,source answer key retained; structured items and self-check rubrics reviewed,present in source lesson; represented in ready A1 assessment,"CR10 a1-04-v2: individual review in data/reviews/a1-04-review.json; 2 audio assets/2 clips preserved, not acoustically reviewed."
DL-A1-04-T06,DL-A1-04-G01,A1,4,a1-04-daily-routine-time,content/A1/lesson-04-daily-routine-time.md,156,### تمرين 6 — فهم القراءة والمفردات,6,6,exercise_block; sub-items not separately identified,Source activity; active links: DL-A1-04-Q09,source answer key retained; structured items and self-check rubrics reviewed,present in source lesson; represented in ready A1 assessment,"CR10 a1-04-v2: individual review in data/reviews/a1-04-review.json; 2 audio assets/2 clips preserved, not acoustically reviewed."
DL-A1-04-T07,DL-A1-04-G01,A1,4,a1-04-daily-routine-time,content/A1/lesson-04-daily-routine-time.md,166,### تمرين 7 — فهم الاستماع,7,7,exercise_block; sub-items not separately identified,Source activity; active links: none; unscored source practice retained,source answer key retained; structured items and self-check rubrics reviewed,present in source lesson; represented in ready A1 assessment,"CR10 a1-04-v2: individual review in data/reviews/a1-04-review.json; 2 audio assets/2 clips preserved, not acoustically reviewed."
DL-A1-04-T08,DL-A1-04-G01,A1,4,a1-04-daily-routine-time,content/A1/lesson-04-daily-routine-time.md,175,### تمرين 8 — اكتب يومًا عاديًا,8,8,exercise_block; sub-items not separately identified,Source activity; active links: DL-A1-04-P01,source answer key retained; structured items and self-check rubrics reviewed,present in source lesson; represented in ready A1 assessment,"CR10 a1-04-v2: individual review in data/reviews/a1-04-review.json; 2 audio assets/2 clips preserved, not acoustically reviewed."
DL-A1-04-T09,DL-A1-04-G01,A1,4,a1-04-daily-routine-time,content/A1/lesson-04-daily-routine-time.md,181,### تمرين 9 — تحدّث,9,9,exercise_block; sub-items not separately identified,"Source activity; active links: DL-A1-04-Q08, DL-A1-04-P02",source answer key retained; structured items and self-check rubrics reviewed,present in source lesson; represented in ready A1 assessment,"CR10 a1-04-v2: individual review in data/reviews/a1-04-review.json; 2 audio assets/2 clips preserved, not acoustically reviewed."
DL-A1-05-T01,DL-A1-05-G01,A1,5,a1-05-food-drink,content/A1/lesson-05-food-drink.md,120,### تمرين 1 — اختر الكلمة المناسبة,1,1,exercise_block; sub-items not separately identified,"Source activity; active links: DL-A1-05-Q01, DL-A1-05-Q06, DL-A1-05-Q07",source answer key retained; structured items and self-check rubrics reviewed,present in source lesson; represented in ready A1 assessment,CR11 a1-05-v2: individual review in data/reviews/a1-05-review.json; 2 audio assets/2 clips unchanged; cafe dialogue is unrecorded text.
DL-A1-05-T02,DL-A1-05-G01,A1,5,a1-05-food-drink,content/A1/lesson-05-food-drink.md,129,### تمرين 2 — أكمل بالفعل essen,2,2,exercise_block; sub-items not separately identified,"Source activity; active links: DL-A1-05-Q02, DL-A1-05-Q05",source answer key retained; structured items and self-check rubrics reviewed,present in source lesson; represented in ready A1 assessment,CR11 a1-05-v2: individual review in data/reviews/a1-05-review.json; 2 audio assets/2 clips unchanged; cafe dialogue is unrecorded text.
DL-A1-05-T03,DL-A1-05-G01,A1,5,a1-05-food-drink,content/A1/lesson-05-food-drink.md,136,### تمرين 3 — اختر mag أو möchte,3,3,exercise_block; sub-items not separately identified,"Source activity; active links: DL-A1-05-Q03, DL-A1-05-Q04",source answer key retained; structured items and self-check rubrics reviewed,present in source lesson; represented in ready A1 assessment,CR11 a1-05-v2: individual review in data/reviews/a1-05-review.json; 2 audio assets/2 clips unchanged; cafe dialogue is unrecorded text.
DL-A1-05-T04,DL-A1-05-G01,A1,5,a1-05-food-drink,content/A1/lesson-05-food-drink.md,141,### تمرين 4 — أكمل الحوار,4,4,exercise_block; sub-items not separately identified,"Source activity; active links: DL-A1-05-Q08, DL-A1-05-Q10, DL-A1-05-P02",source answer key retained; structured items and self-check rubrics reviewed,present in source lesson; represented in ready A1 assessment,CR11 a1-05-v2: individual review in data/reviews/a1-05-review.json; 2 audio assets/2 clips unchanged; cafe dialogue is unrecorded text.
DL-A1-05-T05,DL-A1-05-G01,A1,5,a1-05-food-drink,content/A1/lesson-05-food-drink.md,157,### تمرين 5 — قراءة,5,5,exercise_block; sub-items not separately identified,Source activity; active links: none; unscored practice retained,source answer key retained; structured items and self-check rubrics reviewed,present in source lesson; represented in ready A1 assessment,CR11 a1-05-v2: individual review in data/reviews/a1-05-review.json; 2 audio assets/2 clips unchanged; cafe dialogue is unrecorded text.
DL-A1-05-T06,DL-A1-05-G01,A1,5,a1-05-food-drink,content/A1/lesson-05-food-drink.md,166,### تمرين 6 — استماع,6,6,exercise_block; sub-items not separately identified,Source activity; active links: none; unscored practice retained,source answer key retained; structured items and self-check rubrics reviewed,present in source lesson; represented in ready A1 assessment,CR11 a1-05-v2: individual review in data/reviews/a1-05-review.json; 2 audio assets/2 clips unchanged; cafe dialogue is unrecorded text.
DL-A1-05-T07,DL-A1-05-G01,A1,5,a1-05-food-drink,content/A1/lesson-05-food-drink.md,174,### تمرين 7 — أعد ترتيب الطلب,7,7,exercise_block; sub-items not separately identified,Source activity; active links: none; unscored practice retained,source answer key retained; structured items and self-check rubrics reviewed,present in source lesson; represented in ready A1 assessment,CR11 a1-05-v2: individual review in data/reviews/a1-05-review.json; 2 audio assets/2 clips unchanged; cafe dialogue is unrecorded text.
DL-A1-05-T08,DL-A1-05-G01,A1,5,a1-05-food-drink,content/A1/lesson-05-food-drink.md,185,### تمرين 8 — وجبات يوم واحد,8,8,exercise_block; sub-items not separately identified,"Source activity; active links: DL-A1-05-Q09, DL-A1-05-P01",source answer key retained; structured items and self-check rubrics reviewed,present in source lesson; represented in ready A1 assessment,CR11 a1-05-v2: individual review in data/reviews/a1-05-review.json; 2 audio assets/2 clips unchanged; cafe dialogue is unrecorded text.
DL-A1-06-T01,DL-A1-06-G01,A1,6,a1-06-yesterday-perfekt,content/A1/lesson-06-yesterday-perfekt.md,122,### تمرين 1 — أكمل بالمساعد المصرف,1,1,exercise_block; sub-items not separately identified,"Source activity; active links: DL-A1-06-Q01, DL-A1-06-Q02",source answer key retained; structured items and self-check rubrics reviewed,present in source lesson; represented in ready A1 assessment,"CR12 a1-06-v2: individual review in data/reviews/a1-06-review.json; 2 audio assets/2 clips unchanged, no acoustic review."
DL-A1-06-T02,DL-A1-06-G01,A1,6,a1-06-yesterday-perfekt,content/A1/lesson-06-yesterday-perfekt.md,132,### تمرين 2 — كوّن Partizip II,2,2,exercise_block; sub-items not separately identified,"Source activity; active links: DL-A1-06-Q03, DL-A1-06-Q04, DL-A1-06-Q09",source answer key retained; structured items and self-check rubrics reviewed,present in source lesson; represented in ready A1 assessment,"CR12 a1-06-v2: individual review in data/reviews/a1-06-review.json; 2 audio assets/2 clips unchanged, no acoustic review."
DL-A1-06-T03,DL-A1-06-G01,A1,6,a1-06-yesterday-perfekt,content/A1/lesson-06-yesterday-perfekt.md,141,### تمرين 3 — أكمل الجملة,3,3,exercise_block; sub-items not separately identified,"Source activity; active links: DL-A1-06-Q06, DL-A1-06-Q07, DL-A1-06-Q08",source answer key retained; structured items and self-check rubrics reviewed,present in source lesson; represented in ready A1 assessment,"CR12 a1-06-v2: individual review in data/reviews/a1-06-review.json; 2 audio assets/2 clips unchanged, no acoustic review."
DL-A1-06-T04,DL-A1-06-G01,A1,6,a1-06-yesterday-perfekt,content/A1/lesson-06-yesterday-perfekt.md,147,### تمرين 4 — رتّب الكلمات وحوّل الزمن,4,4,exercise_block; sub-items not separately identified,"Source activity; active links: DL-A1-06-Q05, DL-A1-06-Q10, DL-A1-06-P02",source answer key retained; structured items and self-check rubrics reviewed,present in source lesson; represented in ready A1 assessment,"CR12 a1-06-v2: individual review in data/reviews/a1-06-review.json; 2 audio assets/2 clips unchanged, no acoustic review."
DL-A1-06-T05,DL-A1-06-G01,A1,6,a1-06-yesterday-perfekt,content/A1/lesson-06-yesterday-perfekt.md,159,### تمرين 5 — اختر الجملة الصحيحة,5,5,exercise_block; sub-items not separately identified,Source activity; active links: none; unscored practice retained,source answer key retained; structured items and self-check rubrics reviewed,present in source lesson; represented in ready A1 assessment,"CR12 a1-06-v2: individual review in data/reviews/a1-06-review.json; 2 audio assets/2 clips unchanged, no acoustic review."
DL-A1-06-T06,DL-A1-06-G01,A1,6,a1-06-yesterday-perfekt,content/A1/lesson-06-yesterday-perfekt.md,165,### تمرين 6 — فهم القراءة,6,6,exercise_block; sub-items not separately identified,Source activity; active links: none; unscored practice retained,source answer key retained; structured items and self-check rubrics reviewed,present in source lesson; represented in ready A1 assessment,"CR12 a1-06-v2: individual review in data/reviews/a1-06-review.json; 2 audio assets/2 clips unchanged, no acoustic review."
DL-A1-06-T07,DL-A1-06-G01,A1,6,a1-06-yesterday-perfekt,content/A1/lesson-06-yesterday-perfekt.md,173,### تمرين 7 — فهم الاستماع,7,7,exercise_block; sub-items not separately identified,Source activity; active links: none; unscored practice retained,source answer key retained; structured items and self-check rubrics reviewed,present in source lesson; represented in ready A1 assessment,"CR12 a1-06-v2: individual review in data/reviews/a1-06-review.json; 2 audio assets/2 clips unchanged, no acoustic review."
DL-A1-06-T08,DL-A1-06-G01,A1,6,a1-06-yesterday-perfekt,content/A1/lesson-06-yesterday-perfekt.md,182,### تمرين 8 — سرد كتابي عن أمس,8,8,exercise_block; sub-items not separately identified,Source activity; active links: DL-A1-06-P01,source answer key retained; structured items and self-check rubrics reviewed,present in source lesson; represented in ready A1 assessment,"CR12 a1-06-v2: individual review in data/reviews/a1-06-review.json; 2 audio assets/2 clips unchanged, no acoustic review."
DL-A1-07-T01,DL-A1-07-G01,A1,7,a1-07-travel-weather,content/A1/lesson-07-travel-weather.md,127,### تمرين 1 — صِل وسيلة النقل,1,1,exercise_block; sub-items not separately identified,Source exercise; linked IDs: ,source answer key retained; structured items and self-check rubrics reviewed,present in source lesson; represented in ready A1 assessment,"CR13: individually reviewed A1.7 v2; source-aligned tasks, no acoustic approval or audio requirement."
DL-A1-07-T02,DL-A1-07-G01,A1,7,a1-07-travel-weather,content/A1/lesson-07-travel-weather.md,133,### تمرين 2 — أكمل بـmit dem أو mit der,2,2,exercise_block; sub-items not separately identified,"Source exercise; linked IDs: DL-A1-07-Q01, DL-A1-07-Q02, DL-A1-07-Q08",source answer key retained; structured items and self-check rubrics reviewed,present in source lesson; represented in ready A1 assessment,"CR13: individually reviewed A1.7 v2; source-aligned tasks, no acoustic approval or audio requirement."
DL-A1-07-T03,DL-A1-07-G01,A1,7,a1-07-travel-weather,content/A1/lesson-07-travel-weather.md,140,### تمرين 3 — أكمل المعلومة المناسبة,3,3,exercise_block; sub-items not separately identified,"Source exercise; linked IDs: DL-A1-07-Q03, DL-A1-07-Q04, DL-A1-07-Q05, DL-A1-07-Q09",source answer key retained; structured items and self-check rubrics reviewed,present in source lesson; represented in ready A1 assessment,"CR13: individually reviewed A1.7 v2; source-aligned tasks, no acoustic approval or audio requirement."
DL-A1-07-T04,DL-A1-07-G01,A1,7,a1-07-travel-weather,content/A1/lesson-07-travel-weather.md,147,### تمرين 4 — اختر العبارة المناسبة,4,4,exercise_block; sub-items not separately identified,"Source exercise; linked IDs: DL-A1-07-Q06, DL-A1-07-Q07, DL-A1-07-Q10, DL-A1-07-P02",source answer key retained; structured items and self-check rubrics reviewed,present in source lesson; represented in ready A1 assessment,"CR13: individually reviewed A1.7 v2; source-aligned tasks, no acoustic approval or audio requirement."
DL-A1-07-T05,DL-A1-07-G01,A1,7,a1-07-travel-weather,content/A1/lesson-07-travel-weather.md,158,### تمرين 5 — رتّب الجملة,5,5,exercise_block; sub-items not separately identified,Source exercise; linked IDs: ,source answer key retained; structured items and self-check rubrics reviewed,present in source lesson; represented in ready A1 assessment,"CR13: individually reviewed A1.7 v2; source-aligned tasks, no acoustic approval or audio requirement."
DL-A1-07-T06,DL-A1-07-G01,A1,7,a1-07-travel-weather,content/A1/lesson-07-travel-weather.md,166,### تمرين 6 — فهم القراءة,6,6,exercise_block; sub-items not separately identified,Source exercise; linked IDs: ,source answer key retained; structured items and self-check rubrics reviewed,present in source lesson; represented in ready A1 assessment,"CR13: individually reviewed A1.7 v2; source-aligned tasks, no acoustic approval or audio requirement."
DL-A1-07-T07,DL-A1-07-G01,A1,7,a1-07-travel-weather,content/A1/lesson-07-travel-weather.md,173,### تمرين 7 — فهم الاستماع,7,7,exercise_block; sub-items not separately identified,Source exercise; linked IDs: ,source answer key retained; structured items and self-check rubrics reviewed,present in source lesson; represented in ready A1 assessment,"CR13: individually reviewed A1.7 v2; source-aligned tasks, no acoustic approval or audio requirement."
DL-A1-07-T08,DL-A1-07-G01,A1,7,a1-07-travel-weather,content/A1/lesson-07-travel-weather.md,182,### تمرين 8 — خطط رحلة قصيرة,8,8,exercise_block; sub-items not separately identified,Source exercise; linked IDs: DL-A1-07-P01,source answer key retained; structured items and self-check rubrics reviewed,present in source lesson; represented in ready A1 assessment,"CR13: individually reviewed A1.7 v2; source-aligned tasks, no acoustic approval or audio requirement."
DL-A1-08-T01,DL-A1-08-G01,A1,8,a1-08-shopping-clothes,content/A1/lesson-08-shopping-clothes.md,112,### تمرين 1 — اختر القطعة المناسبة,1,1,exercise_block; sub-items not separately identified,Source exercise; linked IDs: DL-A1-08-Q01,source answer key retained; structured items and self-check rubrics reviewed,present in source lesson; represented in ready A1 assessment,"CR14: A1.8 v2; source-aligned oral customer role and written list/action; existing audio unchanged, no acoustic approval."
DL-A1-08-T02,DL-A1-08-G01,A1,8,a1-08-shopping-clothes,content/A1/lesson-08-shopping-clothes.md,118,### تمرين 2 — صرّف müssen بحسب الفاعل,2,2,exercise_block; sub-items not separately identified,"Source exercise; linked IDs: DL-A1-08-Q02, DL-A1-08-Q03",source answer key retained; structured items and self-check rubrics reviewed,present in source lesson; represented in ready A1 assessment,"CR14: A1.8 v2; source-aligned oral customer role and written list/action; existing audio unchanged, no acoustic approval."
DL-A1-08-T03,DL-A1-08-G01,A1,8,a1-08-shopping-clothes,content/A1/lesson-08-shopping-clothes.md,125,### تمرين 3 — ضع الفعل في النهاية,3,3,exercise_block; sub-items not separately identified,"Source exercise; linked IDs: DL-A1-08-Q04, DL-A1-08-Q09, DL-A1-08-P02",source answer key retained; structured items and self-check rubrics reviewed,present in source lesson; represented in ready A1 assessment,"CR14: A1.8 v2; source-aligned oral customer role and written list/action; existing audio unchanged, no acoustic approval."
DL-A1-08-T04,DL-A1-08-G01,A1,8,a1-08-shopping-clothes,content/A1/lesson-08-shopping-clothes.md,136,### تمرين 4 — أكمل سؤال المتجر,4,4,exercise_block; sub-items not separately identified,"Source exercise; linked IDs: DL-A1-08-Q05, DL-A1-08-Q06",source answer key retained; structured items and self-check rubrics reviewed,present in source lesson; represented in ready A1 assessment,"CR14: A1.8 v2; source-aligned oral customer role and written list/action; existing audio unchanged, no acoustic approval."
DL-A1-08-T05,DL-A1-08-G01,A1,8,a1-08-shopping-clothes,content/A1/lesson-08-shopping-clothes.md,146,### تمرين 5 — اقرأ وحدد صحيح/خطأ,5,5,exercise_block; sub-items not separately identified,Source exercise; linked IDs: ,source answer key retained; structured items and self-check rubrics reviewed,present in source lesson; represented in ready A1 assessment,"CR14: A1.8 v2; source-aligned oral customer role and written list/action; existing audio unchanged, no acoustic approval."
DL-A1-08-T06,DL-A1-08-G01,A1,8,a1-08-shopping-clothes,content/A1/lesson-08-shopping-clothes.md,153,### تمرين 6 — استماع,6,6,exercise_block; sub-items not separately identified,Source exercise; linked IDs: DL-A1-08-Q07,source answer key retained; structured items and self-check rubrics reviewed,present in source lesson; represented in ready A1 assessment,"CR14: A1.8 v2; source-aligned oral customer role and written list/action; existing audio unchanged, no acoustic approval."
DL-A1-08-T07,DL-A1-08-G01,A1,8,a1-08-shopping-clothes,content/A1/lesson-08-shopping-clothes.md,162,### تمرين 7 — الرد وطلب التجربة,7,7,exercise_block; sub-items not separately identified,Source exercise; linked IDs: DL-A1-08-Q10,source answer key retained; structured items and self-check rubrics reviewed,present in source lesson; represented in ready A1 assessment,"CR14: A1.8 v2; source-aligned oral customer role and written list/action; existing audio unchanged, no acoustic approval."
DL-A1-08-T08,DL-A1-08-G01,A1,8,a1-08-shopping-clothes,content/A1/lesson-08-shopping-clothes.md,167,### تمرين 8 — موقف تمثيلي,8,8,exercise_block; sub-items not separately identified,"Source exercise; linked IDs: DL-A1-08-Q08, DL-A1-08-P01",source answer key retained; structured items and self-check rubrics reviewed,present in source lesson; represented in ready A1 assessment,"CR14: A1.8 v2; source-aligned oral customer role and written list/action; existing audio unchanged, no acoustic approval."
DL-A1-09-T01,DL-A1-09-G01,A1,9,a1-09-work-appointments,content/A1/lesson-09-work-appointments.md,120,### تمرين 1 — اختر الكلمة المناسبة,1,1,exercise_block; sub-items not separately identified,"Source exercise; linked IDs: DL-A1-09-Q01, DL-A1-09-Q07",source answer key retained; structured items and self-check rubrics reviewed,present in source lesson; represented in ready A1 assessment,"CR15: A1.9 v2; supported reading/key, scoped order, four-turn appointment and written problem/effect/alternative; audio unchanged."
DL-A1-09-T02,DL-A1-09-G01,A1,9,a1-09-work-appointments,content/A1/lesson-09-work-appointments.md,127,### تمرين 2 — أكمل بـam أو um,2,2,exercise_block; sub-items not separately identified,"Source exercise; linked IDs: DL-A1-09-Q02, DL-A1-09-Q03",source answer key retained; structured items and self-check rubrics reviewed,present in source lesson; represented in ready A1 assessment,"CR15: A1.9 v2; supported reading/key, scoped order, four-turn appointment and written problem/effect/alternative; audio unchanged."
DL-A1-09-T03,DL-A1-09-G01,A1,9,a1-09-work-appointments,content/A1/lesson-09-work-appointments.md,134,### تمرين 3 — صرّف können,3,3,exercise_block; sub-items not separately identified,"Source exercise; linked IDs: DL-A1-09-Q04, DL-A1-09-Q09",source answer key retained; structured items and self-check rubrics reviewed,present in source lesson; represented in ready A1 assessment,"CR15: A1.9 v2; supported reading/key, scoped order, four-turn appointment and written problem/effect/alternative; audio unchanged."
DL-A1-09-T04,DL-A1-09-G01,A1,9,a1-09-work-appointments,content/A1/lesson-09-work-appointments.md,141,### تمرين 4 — ضع الفعل الأساسي في النهاية,4,4,exercise_block; sub-items not separately identified,"Source exercise; linked IDs: DL-A1-09-Q05, DL-A1-09-Q08",source answer key retained; structured items and self-check rubrics reviewed,present in source lesson; represented in ready A1 assessment,"CR15: A1.9 v2; supported reading/key, scoped order, four-turn appointment and written problem/effect/alternative; audio unchanged."
DL-A1-09-T05,DL-A1-09-G01,A1,9,a1-09-work-appointments,content/A1/lesson-09-work-appointments.md,148,### تمرين 5 — اختر النمط الأساسي واكتب رسالة,5,5,exercise_block; sub-items not separately identified,"Source exercise; linked IDs: DL-A1-09-Q06, DL-A1-09-P02",source answer key retained; structured items and self-check rubrics reviewed,present in source lesson; represented in ready A1 assessment,"CR15: A1.9 v2; supported reading/key, scoped order, four-turn appointment and written problem/effect/alternative; audio unchanged."
DL-A1-09-T06,DL-A1-09-G01,A1,9,a1-09-work-appointments,content/A1/lesson-09-work-appointments.md,161,### تمرين 6 — فهم القراءة,6,6,exercise_block; sub-items not separately identified,Source exercise; linked IDs: ,source answer key retained; structured items and self-check rubrics reviewed,present in source lesson; represented in ready A1 assessment,"CR15: A1.9 v2; supported reading/key, scoped order, four-turn appointment and written problem/effect/alternative; audio unchanged."
DL-A1-09-T07,DL-A1-09-G01,A1,9,a1-09-work-appointments,content/A1/lesson-09-work-appointments.md,170,### تمرين 7 — فهم الاستماع,7,7,exercise_block; sub-items not separately identified,Source exercise; linked IDs: ,source answer key retained; structured items and self-check rubrics reviewed,present in source lesson; represented in ready A1 assessment,"CR15: A1.9 v2; supported reading/key, scoped order, four-turn appointment and written problem/effect/alternative; audio unchanged."
DL-A1-09-T08,DL-A1-09-G01,A1,9,a1-09-work-appointments,content/A1/lesson-09-work-appointments.md,179,### تمرين 8 — رتّب موعدًا,8,8,exercise_block; sub-items not separately identified,"Source exercise; linked IDs: DL-A1-09-Q10, DL-A1-09-P01",source answer key retained; structured items and self-check rubrics reviewed,present in source lesson; represented in ready A1 assessment,"CR15: A1.9 v2; supported reading/key, scoped order, four-turn appointment and written problem/effect/alternative; audio unchanged."
DL-A1-10-T01,DL-A1-10-G01,A1,10,a1-10-hobbies-health,content/A1/lesson-10-hobbies-health.md,115,### تمرين 1 — صِل الهواية بالمعنى,1,1,exercise_block; sub-items not separately identified,Source exercise; linked IDs: DL-A1-10-Q01,source answer key retained; structured items and self-check rubrics reviewed,present in source lesson; represented in ready A1 assessment,CR16: A1.10 v2; scoped instructions and text evidence; six spoken clinic turns versus three written sentences; no clinical grading.
DL-A1-10-T02,DL-A1-10-G01,A1,10,a1-10-hobbies-health,content/A1/lesson-10-hobbies-health.md,124,### تمرين 2 — اختر العرض المناسب,2,2,exercise_block; sub-items not separately identified,"Source exercise; linked IDs: DL-A1-10-Q02, DL-A1-10-Q09",source answer key retained; structured items and self-check rubrics reviewed,present in source lesson; represented in ready A1 assessment,CR16: A1.10 v2; scoped instructions and text evidence; six spoken clinic turns versus three written sentences; no clinical grading.
DL-A1-10-T03,DL-A1-10-G01,A1,10,a1-10-hobbies-health,content/A1/lesson-10-hobbies-health.md,131,### تمرين 3 — أكمل تصريف sollen,3,3,exercise_block; sub-items not separately identified,"Source exercise; linked IDs: DL-A1-10-Q03, DL-A1-10-Q10",source answer key retained; structured items and self-check rubrics reviewed,present in source lesson; represented in ready A1 assessment,CR16: A1.10 v2; scoped instructions and text evidence; six spoken clinic turns versus three written sentences; no clinical grading.
DL-A1-10-T04,DL-A1-10-G01,A1,10,a1-10-hobbies-health,content/A1/lesson-10-hobbies-health.md,138,### تمرين 4 — أكمل الجملة بالفعل في النهاية,4,4,exercise_block; sub-items not separately identified,"Source exercise; linked IDs: DL-A1-10-Q04, DL-A1-10-Q08",source answer key retained; structured items and self-check rubrics reviewed,present in source lesson; represented in ready A1 assessment,CR16: A1.10 v2; scoped instructions and text evidence; six spoken clinic turns versus three written sentences; no clinical grading.
DL-A1-10-T05,DL-A1-10-G01,A1,10,a1-10-hobbies-health,content/A1/lesson-10-hobbies-health.md,145,### تمرين 5 — اختر العبارة وتدرّب على الزيارة,5,5,exercise_block; sub-items not separately identified,"Source exercise; linked IDs: DL-A1-10-Q05, DL-A1-10-P01",source answer key retained; structured items and self-check rubrics reviewed,present in source lesson; represented in ready A1 assessment,CR16: A1.10 v2; scoped instructions and text evidence; six spoken clinic turns versus three written sentences; no clinical grading.
DL-A1-10-T06,DL-A1-10-G01,A1,10,a1-10-hobbies-health,content/A1/lesson-10-hobbies-health.md,154,### تمرين 6 — فهم القراءة,6,6,exercise_block; sub-items not separately identified,"Source exercise; linked IDs: DL-A1-10-Q06, DL-A1-10-Q07",source answer key retained; structured items and self-check rubrics reviewed,present in source lesson; represented in ready A1 assessment,CR16: A1.10 v2; scoped instructions and text evidence; six spoken clinic turns versus three written sentences; no clinical grading.
DL-A1-10-T07,DL-A1-10-G01,A1,10,a1-10-hobbies-health,content/A1/lesson-10-hobbies-health.md,163,### تمرين 7 — فهم الاستماع,7,7,exercise_block; sub-items not separately identified,Source exercise; linked IDs: ,source answer key retained; structured items and self-check rubrics reviewed,present in source lesson; represented in ready A1 assessment,CR16: A1.10 v2; scoped instructions and text evidence; six spoken clinic turns versus three written sentences; no clinical grading.
DL-A1-10-T08,DL-A1-10-G01,A1,10,a1-10-hobbies-health,content/A1/lesson-10-hobbies-health.md,172,### تمرين 8 — ملاحظة مكتوبة من ثلاث جمل,8,8,exercise_block; sub-items not separately identified,Source exercise; linked IDs: DL-A1-10-P02,source answer key retained; structured items and self-check rubrics reviewed,present in source lesson; represented in ready A1 assessment,CR16: A1.10 v2; scoped instructions and text evidence; six spoken clinic turns versus three written sentences; no clinical grading.
DL-A1-11-T01,DL-A1-11-G01,A1,11,a1-11-home-directions,content/A1/lesson-11-home-directions.md,109,### تمرين 1 — اختر الغرفة المناسبة,1,1,exercise_block; sub-items not separately identified,"Source exercise; linked IDs: DL-A1-11-Q01, DL-A1-11-Q02",source answer key retained; structured items and self-check rubrics reviewed,present in source lesson; represented in ready A1 assessment,"CR17: A1.11 v2; indefinite accusative, explicit evidence, written four-sentence home and spoken five-sentence route; audio unchanged."
DL-A1-11-T02,DL-A1-11-G01,A1,11,a1-11-home-directions,content/A1/lesson-11-home-directions.md,116,### تمرين 2 — أكمل بـ einen أو eine أو ein,2,2,exercise_block; sub-items not separately identified,"Source exercise; linked IDs: DL-A1-11-Q03, DL-A1-11-Q04, DL-A1-11-Q10",source answer key retained; structured items and self-check rubrics reviewed,present in source lesson; represented in ready A1 assessment,"CR17: A1.11 v2; indefinite accusative, explicit evidence, written four-sentence home and spoken five-sentence route; audio unchanged."
DL-A1-11-T03,DL-A1-11-G01,A1,11,a1-11-home-directions,content/A1/lesson-11-home-directions.md,126,### تمرين 3 — أكمل اتجاه الطريق,3,3,exercise_block; sub-items not separately identified,Source exercise; linked IDs: DL-A1-11-Q07,source answer key retained; structured items and self-check rubrics reviewed,present in source lesson; represented in ready A1 assessment,"CR17: A1.11 v2; indefinite accusative, explicit evidence, written four-sentence home and spoken five-sentence route; audio unchanged."
DL-A1-11-T04,DL-A1-11-G01,A1,11,a1-11-home-directions,content/A1/lesson-11-home-directions.md,133,### تمرين 4 — رتّب الجملة,4,4,exercise_block; sub-items not separately identified,"Source exercise; linked IDs: DL-A1-11-Q05, DL-A1-11-Q06, DL-A1-11-Q08",source answer key retained; structured items and self-check rubrics reviewed,present in source lesson; represented in ready A1 assessment,"CR17: A1.11 v2; indefinite accusative, explicit evidence, written four-sentence home and spoken five-sentence route; audio unchanged."
DL-A1-11-T05,DL-A1-11-G01,A1,11,a1-11-home-directions,content/A1/lesson-11-home-directions.md,141,### تمرين 5 — اقرأ وحدّد صحيحًا أو خطأ,5,5,exercise_block; sub-items not separately identified,Source exercise; linked IDs: DL-A1-11-Q09,source answer key retained; structured items and self-check rubrics reviewed,present in source lesson; represented in ready A1 assessment,"CR17: A1.11 v2; indefinite accusative, explicit evidence, written four-sentence home and spoken five-sentence route; audio unchanged."
DL-A1-11-T06,DL-A1-11-G01,A1,11,a1-11-home-directions,content/A1/lesson-11-home-directions.md,148,### تمرين 6 — فهم الاستماع,6,6,exercise_block; sub-items not separately identified,Source exercise; linked IDs: ,source answer key retained; structured items and self-check rubrics reviewed,present in source lesson; represented in ready A1 assessment,"CR17: A1.11 v2; indefinite accusative, explicit evidence, written four-sentence home and spoken five-sentence route; audio unchanged."
DL-A1-11-T07,DL-A1-11-G01,A1,11,a1-11-home-directions,content/A1/lesson-11-home-directions.md,157,### تمرين 7 — السؤال عن الطريق وتطبيقه,7,7,exercise_block; sub-items not separately identified,Source exercise; linked IDs: DL-A1-11-P02,source answer key retained; structured items and self-check rubrics reviewed,present in source lesson; represented in ready A1 assessment,"CR17: A1.11 v2; indefinite accusative, explicit evidence, written four-sentence home and spoken five-sentence route; audio unchanged."
DL-A1-11-T08,DL-A1-11-G01,A1,11,a1-11-home-directions,content/A1/lesson-11-home-directions.md,170,### تمرين 8 — وصف مسكن كتابةً,8,8,exercise_block; sub-items not separately identified,Source exercise; linked IDs: DL-A1-11-P01,source answer key retained; structured items and self-check rubrics reviewed,present in source lesson; represented in ready A1 assessment,"CR17: A1.11 v2; indefinite accusative, explicit evidence, written four-sentence home and spoken five-sentence route; audio unchanged."
DL-A1-12-T01,DL-A1-12-G01,A1,12,a1-12-trip-invitations,content/A1/lesson-12-trip-invitations.md,117,### تمرين 1 — اختر التعبير المناسب,1,1,exercise_block; sub-items not separately identified,"Source exercise; linked IDs: DL-A1-12-Q01, DL-A1-12-Q02, DL-A1-12-Q03, DL-A1-12-Q04, DL-A1-12-Q07, DL-A1-12-Q09",source answer key retained; structured items and self-check rubrics reviewed,present in source lesson; represented in ready A1 assessment,"CR18: A1.12 v2; bounded modal/separation, letter punctuation, written two-sentence response and spoken six-sentence invitation/confirmation; audio unchanged."
DL-A1-12-T02,DL-A1-12-G01,A1,12,a1-12-trip-invitations,content/A1/lesson-12-trip-invitations.md,126,### تمرين 2 — أكمل بـ kann أو kannst أو können,2,2,exercise_block; sub-items not separately identified,Source exercise; linked IDs: DL-A1-12-Q05,source answer key retained; structured items and self-check rubrics reviewed,present in source lesson; represented in ready A1 assessment,"CR18: A1.12 v2; bounded modal/separation, letter punctuation, written two-sentence response and spoken six-sentence invitation/confirmation; audio unchanged."
DL-A1-12-T03,DL-A1-12-G01,A1,12,a1-12-trip-invitations,content/A1/lesson-12-trip-invitations.md,133,### تمرين 3 — ضع الفعل في النهاية,3,3,exercise_block; sub-items not separately identified,Source exercise; linked IDs: DL-A1-12-Q06,source answer key retained; structured items and self-check rubrics reviewed,present in source lesson; represented in ready A1 assessment,"CR18: A1.12 v2; bounded modal/separation, letter punctuation, written two-sentence response and spoken six-sentence invitation/confirmation; audio unchanged."
DL-A1-12-T04,DL-A1-12-G01,A1,12,a1-12-trip-invitations,content/A1/lesson-12-trip-invitations.md,140,### تمرين 4 — رتّب الدعوة,4,4,exercise_block; sub-items not separately identified,Source exercise; linked IDs: ,source answer key retained; structured items and self-check rubrics reviewed,present in source lesson; represented in ready A1 assessment,"CR18: A1.12 v2; bounded modal/separation, letter punctuation, written two-sentence response and spoken six-sentence invitation/confirmation; audio unchanged."
DL-A1-12-T05,DL-A1-12-G01,A1,12,a1-12-trip-invitations,content/A1/lesson-12-trip-invitations.md,152,### تمرين 5 — فهم الرسالة,5,5,exercise_block; sub-items not separately identified,Source exercise; linked IDs: DL-A1-12-Q08,source answer key retained; structured items and self-check rubrics reviewed,present in source lesson; represented in ready A1 assessment,"CR18: A1.12 v2; bounded modal/separation, letter punctuation, written two-sentence response and spoken six-sentence invitation/confirmation; audio unchanged."
DL-A1-12-T06,DL-A1-12-G01,A1,12,a1-12-trip-invitations,content/A1/lesson-12-trip-invitations.md,161,### تمرين 6 — فهم الاستماع,6,6,exercise_block; sub-items not separately identified,Source exercise; linked IDs: ,source answer key retained; structured items and self-check rubrics reviewed,present in source lesson; represented in ready A1 assessment,"CR18: A1.12 v2; bounded modal/separation, letter punctuation, written two-sentence response and spoken six-sentence invitation/confirmation; audio unchanged."
DL-A1-12-T07,DL-A1-12-G01,A1,12,a1-12-trip-invitations,content/A1/lesson-12-trip-invitations.md,170,### تمرين 7 — ردّ على الدعوة,7,7,exercise_block; sub-items not separately identified,"Source exercise; linked IDs: DL-A1-12-Q10, DL-A1-12-P01",source answer key retained; structured items and self-check rubrics reviewed,present in source lesson; represented in ready A1 assessment,"CR18: A1.12 v2; bounded modal/separation, letter punctuation, written two-sentence response and spoken six-sentence invitation/confirmation; audio unchanged."
DL-A1-12-T08,DL-A1-12-G01,A1,12,a1-12-trip-invitations,content/A1/lesson-12-trip-invitations.md,174,### تمرين 8 — مهمة ختامية A1,8,8,exercise_block; sub-items not separately identified,Source exercise; linked IDs: DL-A1-12-P02,source answer key retained; structured items and self-check rubrics reviewed,present in source lesson; represented in ready A1 assessment,"CR18: A1.12 v2; bounded modal/separation, letter punctuation, written two-sentence response and spoken six-sentence invitation/confirmation; audio unchanged."
DL-A2-01-T01,DL-A2-01-G01,A2,1,a2-01-routines-abilities-experiences,content/A2/lesson-01-routines-abilities-experiences.md,132,### تمرين 1 — اختر seit أو vor,1,1,exercise_block; sub-items not separately identified,"Source exercise; linked IDs: DL-A2-01-Q01, DL-A2-01-Q02",source answer key retained; structured items and self-check rubrics reviewed,present in source lesson; represented in ready A2 assessment,"CR19: A2.1 v2; vor means prior time, not completion; T08 A spoken four sentences / B written four sentences; existing audio preserved."
DL-A2-01-T02,DL-A2-01-G01,A2,1,a2-01-routines-abilities-experiences,content/A2/lesson-01-routines-abilities-experiences.md,139,### تمرين 2 — أكمل التركيب,2,2,exercise_block; sub-items not separately identified,Source exercise; linked IDs: DL-A2-01-Q03,source answer key retained; structured items and self-check rubrics reviewed,present in source lesson; represented in ready A2 assessment,"CR19: A2.1 v2; vor means prior time, not completion; T08 A spoken four sentences / B written four sentences; existing audio preserved."
DL-A2-01-T03,DL-A2-01-G01,A2,1,a2-01-routines-abilities-experiences,content/A2/lesson-01-routines-abilities-experiences.md,145,### تمرين 3 — أكمل Perfekt بـ haben أو sein,3,3,exercise_block; sub-items not separately identified,Source exercise; linked IDs: DL-A2-01-Q04,source answer key retained; structured items and self-check rubrics reviewed,present in source lesson; represented in ready A2 assessment,"CR19: A2.1 v2; vor means prior time, not completion; T08 A spoken four sentences / B written four sentences; existing audio preserved."
DL-A2-01-T04,DL-A2-01-G01,A2,1,a2-01-routines-abilities-experiences,content/A2/lesson-01-routines-abilities-experiences.md,152,### تمرين 4 — أكمل بـ können مصرّفًا,4,4,exercise_block; sub-items not separately identified,Source exercise; linked IDs: DL-A2-01-Q05,source answer key retained; structured items and self-check rubrics reviewed,present in source lesson; represented in ready A2 assessment,"CR19: A2.1 v2; vor means prior time, not completion; T08 A spoken four sentences / B written four sentences; existing audio preserved."
DL-A2-01-T05,DL-A2-01-G01,A2,1,a2-01-routines-abilities-experiences,content/A2/lesson-01-routines-abilities-experiences.md,159,### تمرين 5 — رتّب الكلمات,5,5,exercise_block; sub-items not separately identified,Source exercise; linked IDs: DL-A2-01-Q06,source answer key retained; structured items and self-check rubrics reviewed,present in source lesson; represented in ready A2 assessment,"CR19: A2.1 v2; vor means prior time, not completion; T08 A spoken four sentences / B written four sentences; existing audio preserved."
DL-A2-01-T06,DL-A2-01-G01,A2,1,a2-01-routines-abilities-experiences,content/A2/lesson-01-routines-abilities-experiences.md,168,### تمرين 6 — فهم القراءة,6,6,exercise_block; sub-items not separately identified,"Source exercise; linked IDs: DL-A2-01-Q07, DL-A2-01-Q08, DL-A2-01-Q10",source answer key retained; structured items and self-check rubrics reviewed,present in source lesson; represented in ready A2 assessment,"CR19: A2.1 v2; vor means prior time, not completion; T08 A spoken four sentences / B written four sentences; existing audio preserved."
DL-A2-01-T07,DL-A2-01-G01,A2,1,a2-01-routines-abilities-experiences,content/A2/lesson-01-routines-abilities-experiences.md,179,### تمرين 7 — فهم الاستماع,7,7,exercise_block; sub-items not separately identified,Source exercise; linked IDs: ,source answer key retained; structured items and self-check rubrics reviewed,present in source lesson; represented in ready A2 assessment,"CR19: A2.1 v2; vor means prior time, not completion; T08 A spoken four sentences / B written four sentences; existing audio preserved."
DL-A2-01-T08,DL-A2-01-G01,A2,1,a2-01-routines-abilities-experiences,content/A2/lesson-01-routines-abilities-experiences.md,188,### تمرين 8 — تحدث/كتابة,8,8,exercise_block; sub-items not separately identified,"Source exercise; linked IDs: DL-A2-01-Q09, DL-A2-01-P01, DL-A2-01-P02",source answer key retained; structured items and self-check rubrics reviewed,present in source lesson; represented in ready A2 assessment,"CR19: A2.1 v2; vor means prior time, not completion; T08 A spoken four sentences / B written four sentences; existing audio preserved."
DL-A2-02-T01,DL-A2-02-G01,A2,2,a2-02-travel-comparisons,content/A2/lesson-02-travel-comparisons.md,152,### تمرين 1 — أكمل صيغة المقارنة,1,1,exercise_block; sub-items not separately identified,Source exercise; linked IDs: DL-A2-02-Q01,source answer key retained; structured items and self-check rubrics reviewed,present in source lesson; represented in ready A2 assessment,"CR20: A2.2 v2; Q05 -> T07; P01/T08 fictional table + spoken four sentences, P02/T07 written four sentences; recorded speech unchanged."
DL-A2-02-T02,DL-A2-02-G01,A2,2,a2-02-travel-comparisons,content/A2/lesson-02-travel-comparisons.md,160,### تمرين 2 — أكمل بـ als أو wie,2,2,exercise_block; sub-items not separately identified,Source exercise; linked IDs: DL-A2-02-Q02,source answer key retained; structured items and self-check rubrics reviewed,present in source lesson; represented in ready A2 assessment,"CR20: A2.2 v2; Q05 -> T07; P01/T08 fictional table + spoken four sentences, P02/T07 written four sentences; recorded speech unchanged."
DL-A2-02-T03,DL-A2-02-G01,A2,2,a2-02-travel-comparisons,content/A2/lesson-02-travel-comparisons.md,166,### تمرين 3 — اختر صيغة التفضيل,3,3,exercise_block; sub-items not separately identified,"Source exercise; linked IDs: DL-A2-02-Q03, DL-A2-02-Q10",source answer key retained; structured items and self-check rubrics reviewed,present in source lesson; represented in ready A2 assessment,"CR20: A2.2 v2; Q05 -> T07; P01/T08 fictional table + spoken four sentences, P02/T07 written four sentences; recorded speech unchanged."
DL-A2-02-T04,DL-A2-02-G01,A2,2,a2-02-travel-comparisons,content/A2/lesson-02-travel-comparisons.md,172,### تمرين 4 — كوّن جمل مقارنة,4,4,exercise_block; sub-items not separately identified,Source exercise; linked IDs: DL-A2-02-Q04,source answer key retained; structured items and self-check rubrics reviewed,present in source lesson; represented in ready A2 assessment,"CR20: A2.2 v2; Q05 -> T07; P01/T08 fictional table + spoken four sentences, P02/T07 written four sentences; recorded speech unchanged."
DL-A2-02-T05,DL-A2-02-G01,A2,2,a2-02-travel-comparisons,content/A2/lesson-02-travel-comparisons.md,180,### تمرين 5 — فهم القراءة,5,5,exercise_block; sub-items not separately identified,"Source exercise; linked IDs: DL-A2-02-Q06, DL-A2-02-Q07, DL-A2-02-Q08, DL-A2-02-Q09",source answer key retained; structured items and self-check rubrics reviewed,present in source lesson; represented in ready A2 assessment,"CR20: A2.2 v2; Q05 -> T07; P01/T08 fictional table + spoken four sentences, P02/T07 written four sentences; recorded speech unchanged."
DL-A2-02-T06,DL-A2-02-G01,A2,2,a2-02-travel-comparisons,content/A2/lesson-02-travel-comparisons.md,189,### تمرين 6 — فهم الاستماع,6,6,exercise_block; sub-items not separately identified,Source exercise; linked IDs: ,source answer key retained; structured items and self-check rubrics reviewed,present in source lesson; represented in ready A2 assessment,"CR20: A2.2 v2; Q05 -> T07; P01/T08 fictional table + spoken four sentences, P02/T07 written four sentences; recorded speech unchanged."
DL-A2-02-T07,DL-A2-02-G01,A2,2,a2-02-travel-comparisons,content/A2/lesson-02-travel-comparisons.md,198,### تمرين 7 — اختر وسيلة النقل,7,7,exercise_block; sub-items not separately identified,"Source exercise; linked IDs: DL-A2-02-Q05, DL-A2-02-P02",source answer key retained; structured items and self-check rubrics reviewed,present in source lesson; represented in ready A2 assessment,"CR20: A2.2 v2; Q05 -> T07; P01/T08 fictional table + spoken four sentences, P02/T07 written four sentences; recorded speech unchanged."
DL-A2-02-T08,DL-A2-02-G01,A2,2,a2-02-travel-comparisons,content/A2/lesson-02-travel-comparisons.md,202,### تمرين 8 — خطّط رحلة مقارنة,8,8,exercise_block; sub-items not separately identified,Source exercise; linked IDs: DL-A2-02-P01,source answer key retained; structured items and self-check rubrics reviewed,present in source lesson; represented in ready A2 assessment,"CR20: A2.2 v2; Q05 -> T07; P01/T08 fictional table + spoken four sentences, P02/T07 written four sentences; recorded speech unchanged."
DL-A2-03-T01,DL-A2-03-G01,A2,3,a2-03-food-nutrition-shopping,content/A2/lesson-03-food-nutrition-shopping.md,116,### تمرين 1 — اختر الكلمة المناسبة,1,1,exercise_block; sub-items not separately identified,Source exercise; linked IDs: DL-A2-03-Q01,source answer key retained; structured items and self-check rubrics reviewed,present in source lesson; represented in ready A2 assessment,"CR21: A2.3 v2; Q09/T04, Q10/T03; T08A/P01 written list and question, T08B/P02 spoken four turns and man comment; existing audio unchanged."
DL-A2-03-T02,DL-A2-03-G01,A2,3,a2-03-food-nutrition-shopping,content/A2/lesson-03-food-nutrition-shopping.md,123,### تمرين 2 — أكمل بـ Wie viel أو Wie viele,2,2,exercise_block; sub-items not separately identified,Source exercise; linked IDs: DL-A2-03-Q02,source answer key retained; structured items and self-check rubrics reviewed,present in source lesson; represented in ready A2 assessment,"CR21: A2.3 v2; Q09/T04, Q10/T03; T08A/P01 written list and question, T08B/P02 spoken four turns and man comment; existing audio unchanged."
DL-A2-03-T03,DL-A2-03-G01,A2,3,a2-03-food-nutrition-shopping,content/A2/lesson-03-food-nutrition-shopping.md,130,### تمرين 3 — صرّف الفعل المعطى مع man,3,3,exercise_block; sub-items not separately identified,"Source exercise; linked IDs: DL-A2-03-Q03, DL-A2-03-Q10",source answer key retained; structured items and self-check rubrics reviewed,present in source lesson; represented in ready A2 assessment,"CR21: A2.3 v2; Q09/T04, Q10/T03; T08A/P01 written list and question, T08B/P02 spoken four turns and man comment; existing audio unchanged."
DL-A2-03-T04,DL-A2-03-G01,A2,3,a2-03-food-nutrition-shopping,content/A2/lesson-03-food-nutrition-shopping.md,140,### تمرين 4 — أكمل وحدة الكمية,4,4,exercise_block; sub-items not separately identified,"Source exercise; linked IDs: DL-A2-03-Q04, DL-A2-03-Q09",source answer key retained; structured items and self-check rubrics reviewed,present in source lesson; represented in ready A2 assessment,"CR21: A2.3 v2; Q09/T04, Q10/T03; T08A/P01 written list and question, T08B/P02 spoken four turns and man comment; existing audio unchanged."
DL-A2-03-T05,DL-A2-03-G01,A2,3,a2-03-food-nutrition-shopping,content/A2/lesson-03-food-nutrition-shopping.md,149,### تمرين 5 — رتّب طلب المطعم وافهم الحوار,5,5,exercise_block; sub-items not separately identified,"Source exercise; linked IDs: DL-A2-03-Q05, DL-A2-03-Q06",source answer key retained; structured items and self-check rubrics reviewed,present in source lesson; represented in ready A2 assessment,"CR21: A2.3 v2; Q09/T04, Q10/T03; T08A/P01 written list and question, T08B/P02 spoken four turns and man comment; existing audio unchanged."
DL-A2-03-T06,DL-A2-03-G01,A2,3,a2-03-food-nutrition-shopping,content/A2/lesson-03-food-nutrition-shopping.md,158,### تمرين 6 — فهم القراءة,6,6,exercise_block; sub-items not separately identified,"Source exercise; linked IDs: DL-A2-03-Q07, DL-A2-03-Q08",source answer key retained; structured items and self-check rubrics reviewed,present in source lesson; represented in ready A2 assessment,"CR21: A2.3 v2; Q09/T04, Q10/T03; T08A/P01 written list and question, T08B/P02 spoken four turns and man comment; existing audio unchanged."
DL-A2-03-T07,DL-A2-03-G01,A2,3,a2-03-food-nutrition-shopping,content/A2/lesson-03-food-nutrition-shopping.md,167,### تمرين 7 — فهم الاستماع,7,7,exercise_block; sub-items not separately identified,Source exercise; linked IDs: ,source answer key retained; structured items and self-check rubrics reviewed,present in source lesson; represented in ready A2 assessment,"CR21: A2.3 v2; Q09/T04, Q10/T03; T08A/P01 written list and question, T08B/P02 spoken four turns and man comment; existing audio unchanged."
DL-A2-03-T08,DL-A2-03-G01,A2,3,a2-03-food-nutrition-shopping,content/A2/lesson-03-food-nutrition-shopping.md,176,### تمرين 8 — تسوّق أو اطلب,8,8,exercise_block; sub-items not separately identified,"Source exercise; linked IDs: DL-A2-03-P01, DL-A2-03-P02",source answer key retained; structured items and self-check rubrics reviewed,present in source lesson; represented in ready A2 assessment,"CR21: A2.3 v2; Q09/T04, Q10/T03; T08A/P01 written list and question, T08B/P02 spoken four turns and man comment; existing audio unchanged."
DL-A2-04-T01,DL-A2-04-G01,A2,4,a2-04-office-phone-appointments,content/A2/lesson-04-office-phone-appointments.md,107,### تمرين 1 — اختر العبارة المناسبة,1,1,exercise_block; sub-items not separately identified,"Source exercise; linked IDs: DL-A2-04-Q01, DL-A2-04-Q07, DL-A2-04-Q09, DL-A2-04-Q10",source answer key retained; structured items and self-check rubrics reviewed,present in source lesson; represented in ready A2 assessment,"CR22: A2.4 v2; Q04/T03, Q09-Q10/T01; T08A/P01 six spoken turns, T08B/P02 written email; existing audio preserved."
DL-A2-04-T02,DL-A2-04-G01,A2,4,a2-04-office-phone-appointments,content/A2/lesson-04-office-phone-appointments.md,115,### تمرين 2 — أكمل بـ ob أو wann,2,2,exercise_block; sub-items not separately identified,Source exercise; linked IDs: DL-A2-04-Q02,source answer key retained; structured items and self-check rubrics reviewed,present in source lesson; represented in ready A2 assessment,"CR22: A2.4 v2; Q04/T03, Q09-Q10/T01; T08A/P01 six spoken turns, T08B/P02 written email; existing audio preserved."
DL-A2-04-T03,DL-A2-04-G01,A2,4,a2-04-office-phone-appointments,content/A2/lesson-04-office-phone-appointments.md,122,### تمرين 3 — حوّل السؤال المباشر إلى غير مباشر,3,3,exercise_block; sub-items not separately identified,"Source exercise; linked IDs: DL-A2-04-Q03, DL-A2-04-Q04",source answer key retained; structured items and self-check rubrics reviewed,present in source lesson; represented in ready A2 assessment,"CR22: A2.4 v2; Q04/T03, Q09-Q10/T01; T08A/P01 six spoken turns, T08B/P02 written email; existing audio preserved."
DL-A2-04-T04,DL-A2-04-G01,A2,4,a2-04-office-phone-appointments,content/A2/lesson-04-office-phone-appointments.md,128,### تمرين 4 — ضع الفعل في نهاية السؤال غير المباشر,4,4,exercise_block; sub-items not separately identified,Source exercise; linked IDs: ,source answer key retained; structured items and self-check rubrics reviewed,present in source lesson; represented in ready A2 assessment,"CR22: A2.4 v2; Q04/T03, Q09-Q10/T01; T08A/P01 six spoken turns, T08B/P02 written email; existing audio preserved."
DL-A2-04-T05,DL-A2-04-G01,A2,4,a2-04-office-phone-appointments,content/A2/lesson-04-office-phone-appointments.md,134,### تمرين 5 — قراءة البريد,5,5,exercise_block; sub-items not separately identified,"Source exercise; linked IDs: DL-A2-04-Q05, DL-A2-04-Q06",source answer key retained; structured items and self-check rubrics reviewed,present in source lesson; represented in ready A2 assessment,"CR22: A2.4 v2; Q04/T03, Q09-Q10/T01; T08A/P01 six spoken turns, T08B/P02 written email; existing audio preserved."
DL-A2-04-T06,DL-A2-04-G01,A2,4,a2-04-office-phone-appointments,content/A2/lesson-04-office-phone-appointments.md,143,### تمرين 6 — فهم الاستماع,6,6,exercise_block; sub-items not separately identified,Source exercise; linked IDs: ,source answer key retained; structured items and self-check rubrics reviewed,present in source lesson; represented in ready A2 assessment,"CR22: A2.4 v2; Q04/T03, Q09-Q10/T01; T08A/P01 six spoken turns, T08B/P02 written email; existing audio preserved."
DL-A2-04-T07,DL-A2-04-G01,A2,4,a2-04-office-phone-appointments,content/A2/lesson-04-office-phone-appointments.md,151,### تمرين 7 — أصلح ترتيب الفعل,7,7,exercise_block; sub-items not separately identified,Source exercise; linked IDs: DL-A2-04-Q08,source answer key retained; structured items and self-check rubrics reviewed,present in source lesson; represented in ready A2 assessment,"CR22: A2.4 v2; Q04/T03, Q09-Q10/T01; T08A/P01 six spoken turns, T08B/P02 written email; existing audio preserved."
DL-A2-04-T08,DL-A2-04-G01,A2,4,a2-04-office-phone-appointments,content/A2/lesson-04-office-phone-appointments.md,158,### تمرين 8 — مكالمة ورسالة لتغيير الموعد,8,8,exercise_block; sub-items not separately identified,"Source exercise; linked IDs: DL-A2-04-P01, DL-A2-04-P02",source answer key retained; structured items and self-check rubrics reviewed,present in source lesson; represented in ready A2 assessment,"CR22: A2.4 v2; Q04/T03, Q09-Q10/T01; T08A/P01 six spoken turns, T08B/P02 written email; existing audio preserved."
DL-A2-05-T01,DL-A2-05-G01,A2,5,a2-05-training-routine-wenn,content/A2/lesson-05-training-routine-wenn.md,89,### تمرين 1 — اختر المفردة المناسبة,1,1,exercise_block; sub-items not separately identified,Source exercise; linked IDs: DL-A2-05-Q01,source answer key retained; structured items and self-check rubrics reviewed,present in source lesson; represented in ready A2 assessment,"CR23: A2.5 v2; Q02/Q10 T04, Q08 T03; T08/P01 written schedule, T07/P02 spoken given situations; audio unchanged."
DL-A2-05-T02,DL-A2-05-G01,A2,5,a2-05-training-routine-wenn,content/A2/lesson-05-training-routine-wenn.md,96,### تمرين 2 — أكمل بـ wenn,2,2,exercise_block; sub-items not separately identified,Source exercise; linked IDs: ,source answer key retained; structured items and self-check rubrics reviewed,present in source lesson; represented in ready A2 assessment,"CR23: A2.5 v2; Q02/Q10 T04, Q08 T03; T08/P01 written schedule, T07/P02 spoken given situations; audio unchanged."
DL-A2-05-T03,DL-A2-05-G01,A2,5,a2-05-training-routine-wenn,content/A2/lesson-05-training-routine-wenn.md,102,### تمرين 3 — ضع الفعل المصرف في نهاية جملة wenn,3,3,exercise_block; sub-items not separately identified,"Source exercise; linked IDs: DL-A2-05-Q03, DL-A2-05-Q08",source answer key retained; structured items and self-check rubrics reviewed,present in source lesson; represented in ready A2 assessment,"CR23: A2.5 v2; Q02/Q10 T04, Q08 T03; T08/P01 written schedule, T07/P02 spoken given situations; audio unchanged."
DL-A2-05-T04,DL-A2-05-G01,A2,5,a2-05-training-routine-wenn,content/A2/lesson-05-training-routine-wenn.md,109,### تمرين 4 — رتّب الكلمات,4,4,exercise_block; sub-items not separately identified,"Source exercise; linked IDs: DL-A2-05-Q02, DL-A2-05-Q04, DL-A2-05-Q10",source answer key retained; structured items and self-check rubrics reviewed,present in source lesson; represented in ready A2 assessment,"CR23: A2.5 v2; Q02/Q10 T04, Q08 T03; T08/P01 written schedule, T07/P02 spoken given situations; audio unchanged."
DL-A2-05-T05,DL-A2-05-G01,A2,5,a2-05-training-routine-wenn,content/A2/lesson-05-training-routine-wenn.md,117,### تمرين 5 — فهم القراءة,5,5,exercise_block; sub-items not separately identified,"Source exercise; linked IDs: DL-A2-05-Q05, DL-A2-05-Q06, DL-A2-05-Q07",source answer key retained; structured items and self-check rubrics reviewed,present in source lesson; represented in ready A2 assessment,"CR23: A2.5 v2; Q02/Q10 T04, Q08 T03; T08/P01 written schedule, T07/P02 spoken given situations; audio unchanged."
DL-A2-05-T06,DL-A2-05-G01,A2,5,a2-05-training-routine-wenn,content/A2/lesson-05-training-routine-wenn.md,128,### تمرين 6 — فهم الاستماع,6,6,exercise_block; sub-items not separately identified,Source exercise; linked IDs: ,source answer key retained; structured items and self-check rubrics reviewed,present in source lesson; represented in ready A2 assessment,"CR23: A2.5 v2; Q02/Q10 T04, Q08 T03; T08/P01 written schedule, T07/P02 spoken given situations; audio unchanged."
DL-A2-05-T07,DL-A2-05-G01,A2,5,a2-05-training-routine-wenn,content/A2/lesson-05-training-routine-wenn.md,136,### تمرين 7 — اربط المواقف ثم صغها مع wenn,7,7,exercise_block; sub-items not separately identified,"Source exercise; linked IDs: DL-A2-05-Q09, DL-A2-05-P02",source answer key retained; structured items and self-check rubrics reviewed,present in source lesson; represented in ready A2 assessment,"CR23: A2.5 v2; Q02/Q10 T04, Q08 T03; T08/P01 written schedule, T07/P02 spoken given situations; audio unchanged."
DL-A2-05-T08,DL-A2-05-G01,A2,5,a2-05-training-routine-wenn,content/A2/lesson-05-training-routine-wenn.md,154,### تمرين 8 — P01: اكتب جدولًا خياليًا,8,8,exercise_block; sub-items not separately identified,Source exercise; linked IDs: DL-A2-05-P01,source answer key retained; structured items and self-check rubrics reviewed,present in source lesson; represented in ready A2 assessment,"CR23: A2.5 v2; Q02/Q10 T04, Q08 T03; T08/P01 written schedule, T07/P02 spoken given situations; audio unchanged."
DL-A2-06-T01,DL-A2-06-G01,A2,6,a2-06-family-happiness-gifts,content/A2/lesson-06-family-happiness-gifts.md,95,### تمرين 1 — اختر المفردة المناسبة,1,1,exercise_block; sub-items not separately identified,Source exercise; linked IDs: DL-A2-06-Q01,source answer key retained; structured items and self-check rubrics reviewed,present in source lesson; represented in ready A2 assessment,"CR24: A2.6 v2; Q02/T07; T03 modal+infinitive, T07 auf; T08A/P01 spoken description, T08B/P02 written invitation; audio preserved."
DL-A2-06-T02,DL-A2-06-G01,A2,6,a2-06-family-happiness-gifts,content/A2/lesson-06-family-happiness-gifts.md,102,### تمرين 2 — أضف dass في المكان المناسب,2,2,exercise_block; sub-items not separately identified,Source exercise; linked IDs: ,source answer key retained; structured items and self-check rubrics reviewed,present in source lesson; represented in ready A2 assessment,"CR24: A2.6 v2; Q02/T07; T03 modal+infinitive, T07 auf; T08A/P01 spoken description, T08B/P02 written invitation; audio preserved."
DL-A2-06-T03,DL-A2-06-G01,A2,6,a2-06-family-happiness-gifts,content/A2/lesson-06-family-happiness-gifts.md,108,### تمرين 3 — أكمل الفعل أو رتّب الفعلين في التابعة,3,3,exercise_block; sub-items not separately identified,"Source exercise; linked IDs: DL-A2-06-Q03, DL-A2-06-Q10",source answer key retained; structured items and self-check rubrics reviewed,present in source lesson; represented in ready A2 assessment,"CR24: A2.6 v2; Q02/T07; T03 modal+infinitive, T07 auf; T08A/P01 spoken description, T08B/P02 written invitation; audio preserved."
DL-A2-06-T04,DL-A2-06-G01,A2,6,a2-06-family-happiness-gifts,content/A2/lesson-06-family-happiness-gifts.md,115,### تمرين 4 — ادمج الجمل باستخدام dass,4,4,exercise_block; sub-items not separately identified,Source exercise; linked IDs: DL-A2-06-Q04,source answer key retained; structured items and self-check rubrics reviewed,present in source lesson; represented in ready A2 assessment,"CR24: A2.6 v2; Q02/T07; T03 modal+infinitive, T07 auf; T08A/P01 spoken description, T08B/P02 written invitation; audio preserved."
DL-A2-06-T05,DL-A2-06-G01,A2,6,a2-06-family-happiness-gifts,content/A2/lesson-06-family-happiness-gifts.md,121,### تمرين 5 — فهم القراءة,5,5,exercise_block; sub-items not separately identified,"Source exercise; linked IDs: DL-A2-06-Q05, DL-A2-06-Q06, DL-A2-06-Q07",source answer key retained; structured items and self-check rubrics reviewed,present in source lesson; represented in ready A2 assessment,"CR24: A2.6 v2; Q02/T07; T03 modal+infinitive, T07 auf; T08A/P01 spoken description, T08B/P02 written invitation; audio preserved."
DL-A2-06-T06,DL-A2-06-G01,A2,6,a2-06-family-happiness-gifts,content/A2/lesson-06-family-happiness-gifts.md,130,### تمرين 6 — فهم الاستماع,6,6,exercise_block; sub-items not separately identified,Source exercise; linked IDs: DL-A2-06-Q08,source answer key retained; structured items and self-check rubrics reviewed,present in source lesson; represented in ready A2 assessment,"CR24: A2.6 v2; Q02/T07; T03 modal+infinitive, T07 auf; T08A/P01 spoken description, T08B/P02 written invitation; audio preserved."
DL-A2-06-T07,DL-A2-06-G01,A2,6,a2-06-family-happiness-gifts,content/A2/lesson-06-family-happiness-gifts.md,139,### تمرين 7 — رتّب الجمل وميّز صيغة التطلع,7,7,exercise_block; sub-items not separately identified,"Source exercise; linked IDs: DL-A2-06-Q02, DL-A2-06-Q09",source answer key retained; structured items and self-check rubrics reviewed,present in source lesson; represented in ready A2 assessment,"CR24: A2.6 v2; Q02/T07; T03 modal+infinitive, T07 auf; T08A/P01 spoken description, T08B/P02 written invitation; audio preserved."
DL-A2-06-T08,DL-A2-06-G01,A2,6,a2-06-family-happiness-gifts,content/A2/lesson-06-family-happiness-gifts.md,147,### تمرين 8 — وصف مناسبة ودعوة,8,8,exercise_block; sub-items not separately identified,"Source exercise; linked IDs: DL-A2-06-P01, DL-A2-06-P02",source answer key retained; structured items and self-check rubrics reviewed,present in source lesson; represented in ready A2 assessment,"CR24: A2.6 v2; Q02/T07; T03 modal+infinitive, T07 auf; T08A/P01 spoken description, T08B/P02 written invitation; audio preserved."
DL-A2-07-T01,DL-A2-07-G01,A2,7,a2-07-language-learning-travel-purpose,content/A2/lesson-07-language-learning-travel-purpose.md,90,### تمرين 1 — صِل الفعل بالغاية,1,1,exercise_block; sub-items not separately identified,CR25 source exercise; linked assessments: DL-A2-07-Q01,source answer key retained; structured items and self-check rubrics reviewed,present in source lesson; represented in ready A2 assessment,"CR25: individually reviewed purpose, subjects, infinitive form and evidence; a2-07-v2. P01 spoken plan, P02 written preparation. Q08 remains T05; no new audio approval."
DL-A2-07-T02,DL-A2-07-G01,A2,7,a2-07-language-learning-travel-purpose,content/A2/lesson-07-language-learning-travel-purpose.md,98,### تمرين 2 — أكمل بـum … zu,2,2,exercise_block; sub-items not separately identified,CR25 source exercise; linked assessments: source practice only,source answer key retained; structured items and self-check rubrics reviewed,present in source lesson; represented in ready A2 assessment,"CR25: individually reviewed purpose, subjects, infinitive form and evidence; a2-07-v2. P01 spoken plan, P02 written preparation. Q08 remains T05; no new audio approval."
DL-A2-07-T03,DL-A2-07-G01,A2,7,a2-07-language-learning-travel-purpose,content/A2/lesson-07-language-learning-travel-purpose.md,104,### تمرين 3 — حوّل إلى تركيب الغاية,3,3,exercise_block; sub-items not separately identified,CR25 source exercise; linked assessments: DL-A2-07-Q03,source answer key retained; structured items and self-check rubrics reviewed,present in source lesson; represented in ready A2 assessment,"CR25: individually reviewed purpose, subjects, infinitive form and evidence; a2-07-v2. P01 spoken plan, P02 written preparation. Q08 remains T05; no new audio approval."
DL-A2-07-T04,DL-A2-07-G01,A2,7,a2-07-language-learning-travel-purpose,content/A2/lesson-07-language-learning-travel-purpose.md,110,### تمرين 4 — اختر المصدر الصحيح,4,4,exercise_block; sub-items not separately identified,CR25 source exercise; linked assessments: DL-A2-07-Q04,source answer key retained; structured items and self-check rubrics reviewed,present in source lesson; represented in ready A2 assessment,"CR25: individually reviewed purpose, subjects, infinitive form and evidence; a2-07-v2. P01 spoken plan, P02 written preparation. Q08 remains T05; no new audio approval."
DL-A2-07-T05,DL-A2-07-G01,A2,7,a2-07-language-learning-travel-purpose,content/A2/lesson-07-language-learning-travel-purpose.md,118,### تمرين 5 — فهم القراءة,5,5,exercise_block; sub-items not separately identified,CR25 source exercise; linked assessments: DL-A2-07-Q05;DL-A2-07-Q06;DL-A2-07-Q07;DL-A2-07-Q08,source answer key retained; structured items and self-check rubrics reviewed,present in source lesson; represented in ready A2 assessment,"CR25: individually reviewed purpose, subjects, infinitive form and evidence; a2-07-v2. P01 spoken plan, P02 written preparation. Q08 remains T05; no new audio approval."
DL-A2-07-T06,DL-A2-07-G01,A2,7,a2-07-language-learning-travel-purpose,content/A2/lesson-07-language-learning-travel-purpose.md,127,### تمرين 6 — فهم الاستماع,6,6,exercise_block; sub-items not separately identified,CR25 source exercise; linked assessments: source practice only,source answer key retained; structured items and self-check rubrics reviewed,present in source lesson; represented in ready A2 assessment,"CR25: individually reviewed purpose, subjects, infinitive form and evidence; a2-07-v2. P01 spoken plan, P02 written preparation. Q08 remains T05; no new audio approval."
DL-A2-07-T07,DL-A2-07-G01,A2,7,a2-07-language-learning-travel-purpose,content/A2/lesson-07-language-learning-travel-purpose.md,136,### تمرين 7 — الفاعل والفاصلة,7,7,exercise_block; sub-items not separately identified,CR25 source exercise; linked assessments: DL-A2-07-Q02;DL-A2-07-Q09;DL-A2-07-Q10,source answer key retained; structured items and self-check rubrics reviewed,present in source lesson; represented in ready A2 assessment,"CR25: individually reviewed purpose, subjects, infinitive form and evidence; a2-07-v2. P01 spoken plan, P02 written preparation. Q08 remains T05; no new audio approval."
DL-A2-07-T08,DL-A2-07-G01,A2,7,a2-07-language-learning-travel-purpose,content/A2/lesson-07-language-learning-travel-purpose.md,145,### تمرين 8 — خطّط لهدف,8,8,exercise_block; sub-items not separately identified,CR25 source exercise; linked assessments: DL-A2-07-P01;DL-A2-07-P02,source answer key retained; structured items and self-check rubrics reviewed,present in source lesson; represented in ready A2 assessment,"CR25: individually reviewed purpose, subjects, infinitive form and evidence; a2-07-v2. P01 spoken plan, P02 written preparation. Q08 remains T05; no new audio approval."
DL-A2-08-T01,DL-A2-08-G01,A2,8,a2-08-media-news-passive,content/A2/lesson-08-media-news-passive.md,120,### تمرين 1 — صرّف werden,1,1,exercise_block; sub-items not separately identified,CR26 source exercise; linked assessments: DL-A2-08-Q01,source answer key retained; structured items and self-check rubrics reviewed,present in source lesson; represented in ready A2 assessment,"CR26: case/agreement and Vorgangspassiv reviewed; a2-08-v2. P01 spoken fictional news; P02 written T03 transformation. Unchanged audio with explicit MODEL pronoun-list caveat, not new approval."
DL-A2-08-T02,DL-A2-08-G01,A2,8,a2-08-media-news-passive,content/A2/lesson-08-media-news-passive.md,127,### تمرين 2 — أكمل Partizip II,2,2,exercise_block; sub-items not separately identified,CR26 source exercise; linked assessments: DL-A2-08-Q02,source answer key retained; structured items and self-check rubrics reviewed,present in source lesson; represented in ready A2 assessment,"CR26: case/agreement and Vorgangspassiv reviewed; a2-08-v2. P01 spoken fictional news; P02 written T03 transformation. Unchanged audio with explicit MODEL pronoun-list caveat, not new approval."
DL-A2-08-T03,DL-A2-08-G01,A2,8,a2-08-media-news-passive,content/A2/lesson-08-media-news-passive.md,134,### تمرين 3 — حوّل إلى المبني للمجهول,3,3,exercise_block; sub-items not separately identified,CR26 source exercise; linked assessments: DL-A2-08-Q03;DL-A2-08-P02,source answer key retained; structured items and self-check rubrics reviewed,present in source lesson; represented in ready A2 assessment,"CR26: case/agreement and Vorgangspassiv reviewed; a2-08-v2. P01 spoken fictional news; P02 written T03 transformation. Unchanged audio with explicit MODEL pronoun-list caveat, not new approval."
DL-A2-08-T04,DL-A2-08-G01,A2,8,a2-08-media-news-passive,content/A2/lesson-08-media-news-passive.md,147,### تمرين 4 — اختر صيغة الحدث في المضارع,4,4,exercise_block; sub-items not separately identified,CR26 source exercise; linked assessments: DL-A2-08-Q10,source answer key retained; structured items and self-check rubrics reviewed,present in source lesson; represented in ready A2 assessment,"CR26: case/agreement and Vorgangspassiv reviewed; a2-08-v2. P01 spoken fictional news; P02 written T03 transformation. Unchanged audio with explicit MODEL pronoun-list caveat, not new approval."
DL-A2-08-T05,DL-A2-08-G01,A2,8,a2-08-media-news-passive,content/A2/lesson-08-media-news-passive.md,156,### تمرين 5 — فهم القراءة,5,5,exercise_block; sub-items not separately identified,CR26 source exercise; linked assessments: DL-A2-08-Q05;DL-A2-08-Q06;DL-A2-08-Q07,source answer key retained; structured items and self-check rubrics reviewed,present in source lesson; represented in ready A2 assessment,"CR26: case/agreement and Vorgangspassiv reviewed; a2-08-v2. P01 spoken fictional news; P02 written T03 transformation. Unchanged audio with explicit MODEL pronoun-list caveat, not new approval."
DL-A2-08-T06,DL-A2-08-G01,A2,8,a2-08-media-news-passive,content/A2/lesson-08-media-news-passive.md,165,### تمرين 6 — فهم الاستماع,6,6,exercise_block; sub-items not separately identified,CR26 source exercise; linked assessments: DL-A2-08-Q08,source answer key retained; structured items and self-check rubrics reviewed,present in source lesson; represented in ready A2 assessment,"CR26: case/agreement and Vorgangspassiv reviewed; a2-08-v2. P01 spoken fictional news; P02 written T03 transformation. Unchanged audio with explicit MODEL pronoun-list caveat, not new approval."
DL-A2-08-T07,DL-A2-08-G01,A2,8,a2-08-media-news-passive,content/A2/lesson-08-media-news-passive.md,174,### تمرين 7 — ميّز المبني للمعلوم والمجهول,7,7,exercise_block; sub-items not separately identified,CR26 source exercise; linked assessments: DL-A2-08-Q04;DL-A2-08-Q09,source answer key retained; structured items and self-check rubrics reviewed,present in source lesson; represented in ready A2 assessment,"CR26: case/agreement and Vorgangspassiv reviewed; a2-08-v2. P01 spoken fictional news; P02 written T03 transformation. Unchanged audio with explicit MODEL pronoun-list caveat, not new approval."
DL-A2-08-T08,DL-A2-08-G01,A2,8,a2-08-media-news-passive,content/A2/lesson-08-media-news-passive.md,184,### تمرين 8 — اكتب خبرًا قصيرًا,8,8,exercise_block; sub-items not separately identified,CR26 source exercise; linked assessments: DL-A2-08-P01,source answer key retained; structured items and self-check rubrics reviewed,present in source lesson; represented in ready A2 assessment,"CR26: case/agreement and Vorgangspassiv reviewed; a2-08-v2. P01 spoken fictional news; P02 written T03 transformation. Unchanged audio with explicit MODEL pronoun-list caveat, not new approval."
DL-A2-09-T01,DL-A2-09-G01,A2,9,a2-09-products-technology-complaints,content/A2/lesson-09-products-technology-complaints.md,101,### تمرين 1 — اختر الكلمة المناسبة,1,1,exercise_block; sub-items not separately identified,CR27 source exercise; linked assessments: DL-A2-09-Q01,source answer key retained; structured items and self-check rubrics reviewed,present in source lesson; represented in ready A2 assessment,"CR27: polite modal requests, role/evidence boundaries and ob practiced; a2-09-v2. P01 written complaint, P02 spoken roles. Existing audio/voices unchanged with PHR text caveat, not new approval."
DL-A2-09-T02,DL-A2-09-G01,A2,9,a2-09-products-technology-complaints,content/A2/lesson-09-products-technology-complaints.md,108,### تمرين 2 — أكمل بصيغة könnte المناسبة,2,2,exercise_block; sub-items not separately identified,CR27 source exercise; linked assessments: DL-A2-09-Q02,source answer key retained; structured items and self-check rubrics reviewed,present in source lesson; represented in ready A2 assessment,"CR27: polite modal requests, role/evidence boundaries and ob practiced; a2-09-v2. P01 written complaint, P02 spoken roles. Existing audio/voices unchanged with PHR text caveat, not new approval."
DL-A2-09-T03,DL-A2-09-G01,A2,9,a2-09-products-technology-complaints,content/A2/lesson-09-products-technology-complaints.md,115,### تمرين 3 — ضع المصدر في نهاية السؤال,3,3,exercise_block; sub-items not separately identified,CR27 source exercise; linked assessments: DL-A2-09-Q03,source answer key retained; structured items and self-check rubrics reviewed,present in source lesson; represented in ready A2 assessment,"CR27: polite modal requests, role/evidence boundaries and ob practiced; a2-09-v2. P01 written complaint, P02 spoken roles. Existing audio/voices unchanged with PHR text caveat, not new approval."
DL-A2-09-T04,DL-A2-09-G01,A2,9,a2-09-products-technology-complaints,content/A2/lesson-09-products-technology-complaints.md,121,### تمرين 4 — ميّز طلب الزبونة وردّ الموظف,4,4,exercise_block; sub-items not separately identified,CR27 source exercise; linked assessments: DL-A2-09-Q04,source answer key retained; structured items and self-check rubrics reviewed,present in source lesson; represented in ready A2 assessment,"CR27: polite modal requests, role/evidence boundaries and ob practiced; a2-09-v2. P01 written complaint, P02 spoken roles. Existing audio/voices unchanged with PHR text caveat, not new approval."
DL-A2-09-T05,DL-A2-09-G01,A2,9,a2-09-products-technology-complaints,content/A2/lesson-09-products-technology-complaints.md,128,### تمرين 5 — فهم الرسالة,5,5,exercise_block; sub-items not separately identified,CR27 source exercise; linked assessments: DL-A2-09-Q05;DL-A2-09-Q06;DL-A2-09-Q07,source answer key retained; structured items and self-check rubrics reviewed,present in source lesson; represented in ready A2 assessment,"CR27: polite modal requests, role/evidence boundaries and ob practiced; a2-09-v2. P01 written complaint, P02 spoken roles. Existing audio/voices unchanged with PHR text caveat, not new approval."
DL-A2-09-T06,DL-A2-09-G01,A2,9,a2-09-products-technology-complaints,content/A2/lesson-09-products-technology-complaints.md,137,### تمرين 6 — فهم الاستماع,6,6,exercise_block; sub-items not separately identified,CR27 source exercise; linked assessments: DL-A2-09-Q08,source answer key retained; structured items and self-check rubrics reviewed,present in source lesson; represented in ready A2 assessment,"CR27: polite modal requests, role/evidence boundaries and ob practiced; a2-09-v2. P01 written complaint, P02 spoken roles. Existing audio/voices unchanged with PHR text caveat, not new approval."
DL-A2-09-T07,DL-A2-09-G01,A2,9,a2-09-products-technology-complaints,content/A2/lesson-09-products-technology-complaints.md,146,### تمرين 7 — رتّب الكلمات,7,7,exercise_block; sub-items not separately identified,CR27 source exercise; linked assessments: DL-A2-09-Q09;DL-A2-09-Q10,source answer key retained; structured items and self-check rubrics reviewed,present in source lesson; represented in ready A2 assessment,"CR27: polite modal requests, role/evidence boundaries and ob practiced; a2-09-v2. P01 written complaint, P02 spoken roles. Existing audio/voices unchanged with PHR text caveat, not new approval."
DL-A2-09-T08,DL-A2-09-G01,A2,9,a2-09-products-technology-complaints,content/A2/lesson-09-products-technology-complaints.md,154,### تمرين 8 — اكتب شكوى قصيرة,8,8,exercise_block; sub-items not separately identified,CR27 source exercise; linked assessments: DL-A2-09-P01;DL-A2-09-P02,source answer key retained; structured items and self-check rubrics reviewed,present in source lesson; represented in ready A2 assessment,"CR27: polite modal requests, role/evidence boundaries and ob practiced; a2-09-v2. P01 written complaint, P02 spoken roles. Existing audio/voices unchanged with PHR text caveat, not new approval."
DL-A2-10-T01,DL-A2-10-G01,A2,10,a2-10-sports-health-feelings-weil,content/A2/lesson-10-sports-health-feelings-weil.md,90,### تمرين 1 — اختر المفردة المناسبة,1,1,exercise_block; sub-items not separately identified,CR28 source exercise; linked assessments: DL-A2-10-Q01,source answer key retained; structured items and self-check rubrics reviewed,present in source lesson; represented in ready A2 assessment,"CR28: causal weil/denn and finite-verb placement; bounded meaning and neutral listening evidence; a2-10-v2. P01 spoken fictional activity; P02 written causal transformations. Existing audio/voices/status unchanged, no new acoustic approval."
DL-A2-10-T02,DL-A2-10-G01,A2,10,a2-10-sports-health-feelings-weil,content/A2/lesson-10-sports-health-feelings-weil.md,97,### تمرين 2 — ضع الفعل في نهاية جملة weil,2,2,exercise_block; sub-items not separately identified,CR28 source exercise; linked assessments: source practice only,source answer key retained; structured items and self-check rubrics reviewed,present in source lesson; represented in ready A2 assessment,"CR28: causal weil/denn and finite-verb placement; bounded meaning and neutral listening evidence; a2-10-v2. P01 spoken fictional activity; P02 written causal transformations. Existing audio/voices/status unchanged, no new acoustic approval."
DL-A2-10-T03,DL-A2-10-G01,A2,10,a2-10-sports-health-feelings-weil,content/A2/lesson-10-sports-health-feelings-weil.md,103,### تمرين 3 — أكمل بـweil أو denn,3,3,exercise_block; sub-items not separately identified,CR28 source exercise; linked assessments: DL-A2-10-Q03;DL-A2-10-Q09,source answer key retained; structured items and self-check rubrics reviewed,present in source lesson; represented in ready A2 assessment,"CR28: causal weil/denn and finite-verb placement; bounded meaning and neutral listening evidence; a2-10-v2. P01 spoken fictional activity; P02 written causal transformations. Existing audio/voices/status unchanged, no new acoustic approval."
DL-A2-10-T04,DL-A2-10-G01,A2,10,a2-10-sports-health-feelings-weil,content/A2/lesson-10-sports-health-feelings-weil.md,108,### تمرين 4 — رتّب الكلمات,4,4,exercise_block; sub-items not separately identified,CR28 source exercise; linked assessments: DL-A2-10-Q02;DL-A2-10-Q04,source answer key retained; structured items and self-check rubrics reviewed,present in source lesson; represented in ready A2 assessment,"CR28: causal weil/denn and finite-verb placement; bounded meaning and neutral listening evidence; a2-10-v2. P01 spoken fictional activity; P02 written causal transformations. Existing audio/voices/status unchanged, no new acoustic approval."
DL-A2-10-T05,DL-A2-10-G01,A2,10,a2-10-sports-health-feelings-weil,content/A2/lesson-10-sports-health-feelings-weil.md,115,### تمرين 5 — فهم القراءة,5,5,exercise_block; sub-items not separately identified,CR28 source exercise; linked assessments: DL-A2-10-Q05;DL-A2-10-Q06;DL-A2-10-Q07;DL-A2-10-Q10,source answer key retained; structured items and self-check rubrics reviewed,present in source lesson; represented in ready A2 assessment,"CR28: causal weil/denn and finite-verb placement; bounded meaning and neutral listening evidence; a2-10-v2. P01 spoken fictional activity; P02 written causal transformations. Existing audio/voices/status unchanged, no new acoustic approval."
DL-A2-10-T06,DL-A2-10-G01,A2,10,a2-10-sports-health-feelings-weil,content/A2/lesson-10-sports-health-feelings-weil.md,124,### تمرين 6 — فهم الاستماع,6,6,exercise_block; sub-items not separately identified,CR28 source exercise; linked assessments: DL-A2-10-Q08,source answer key retained; structured items and self-check rubrics reviewed,present in source lesson; represented in ready A2 assessment,"CR28: causal weil/denn and finite-verb placement; bounded meaning and neutral listening evidence; a2-10-v2. P01 spoken fictional activity; P02 written causal transformations. Existing audio/voices/status unchanged, no new acoustic approval."
DL-A2-10-T07,DL-A2-10-G01,A2,10,a2-10-sports-health-feelings-weil,content/A2/lesson-10-sports-health-feelings-weil.md,133,### تمرين 7 — أكمل من عندك,7,7,exercise_block; sub-items not separately identified,CR28 source exercise; linked assessments: DL-A2-10-P02,source answer key retained; structured items and self-check rubrics reviewed,present in source lesson; represented in ready A2 assessment,"CR28: causal weil/denn and finite-verb placement; bounded meaning and neutral listening evidence; a2-10-v2. P01 spoken fictional activity; P02 written causal transformations. Existing audio/voices/status unchanged, no new acoustic approval."
DL-A2-10-T08,DL-A2-10-G01,A2,10,a2-10-sports-health-feelings-weil,content/A2/lesson-10-sports-health-feelings-weil.md,144,### تمرين 8 — تحدث/كتابة,8,8,exercise_block; sub-items not separately identified,CR28 source exercise; linked assessments: DL-A2-10-P01,source answer key retained; structured items and self-check rubrics reviewed,present in source lesson; represented in ready A2 assessment,"CR28: causal weil/denn and finite-verb placement; bounded meaning and neutral listening evidence; a2-10-v2. P01 spoken fictional activity; P02 written causal transformations. Existing audio/voices/status unchanged, no new acoustic approval."
DL-A2-11-T01,DL-A2-11-G01,A2,11,a2-11-housing-neighborhood-wohin,content/A2/lesson-11-housing-neighborhood-wohin.md,118,### تمرين 1 — أكمل بـWo أو Wohin,1,1,exercise_block; sub-items not separately identified,CR29 source exercise; linked assessments: DL-A2-11-Q01,source answer key retained; structured items and self-check rubrics reviewed,present in source lesson; represented in ready A2 assessment,"CR29: scoped two-way prepositions, position vs destination, verb/object contrast; a2-11-v2. P01 spoken fictional room; P02 written fictional neighbor request. Existing audio, voices and status unchanged; no new acoustic approval."
DL-A2-11-T02,DL-A2-11-G01,A2,11,a2-11-housing-neighborhood-wohin,content/A2/lesson-11-housing-neighborhood-wohin.md,125,### تمرين 2 — اختر الأداة المناسبة,2,2,exercise_block; sub-items not separately identified,CR29 source exercise; linked assessments: DL-A2-11-Q02;DL-A2-11-Q03;DL-A2-11-Q10,source answer key retained; structured items and self-check rubrics reviewed,present in source lesson; represented in ready A2 assessment,"CR29: scoped two-way prepositions, position vs destination, verb/object contrast; a2-11-v2. P01 spoken fictional room; P02 written fictional neighbor request. Existing audio, voices and status unchanged; no new acoustic approval."
DL-A2-11-T03,DL-A2-11-G01,A2,11,a2-11-housing-neighborhood-wohin,content/A2/lesson-11-housing-neighborhood-wohin.md,134,### تمرين 3 — اختر الفعل المناسب,3,3,exercise_block; sub-items not separately identified,CR29 source exercise; linked assessments: DL-A2-11-Q04,source answer key retained; structured items and self-check rubrics reviewed,present in source lesson; represented in ready A2 assessment,"CR29: scoped two-way prepositions, position vs destination, verb/object contrast; a2-11-v2. P01 spoken fictional room; P02 written fictional neighbor request. Existing audio, voices and status unchanged; no new acoustic approval."
DL-A2-11-T04,DL-A2-11-G01,A2,11,a2-11-housing-neighborhood-wohin,content/A2/lesson-11-housing-neighborhood-wohin.md,141,### تمرين 4 — رتّب الكلمات,4,4,exercise_block; sub-items not separately identified,CR29 source exercise; linked assessments: DL-A2-11-Q05,source answer key retained; structured items and self-check rubrics reviewed,present in source lesson; represented in ready A2 assessment,"CR29: scoped two-way prepositions, position vs destination, verb/object contrast; a2-11-v2. P01 spoken fictional room; P02 written fictional neighbor request. Existing audio, voices and status unchanged; no new acoustic approval."
DL-A2-11-T05,DL-A2-11-G01,A2,11,a2-11-housing-neighborhood-wohin,content/A2/lesson-11-housing-neighborhood-wohin.md,149,### تمرين 5 — فهم القراءة,5,5,exercise_block; sub-items not separately identified,CR29 source exercise; linked assessments: DL-A2-11-Q06;DL-A2-11-Q07,source answer key retained; structured items and self-check rubrics reviewed,present in source lesson; represented in ready A2 assessment,"CR29: scoped two-way prepositions, position vs destination, verb/object contrast; a2-11-v2. P01 spoken fictional room; P02 written fictional neighbor request. Existing audio, voices and status unchanged; no new acoustic approval."
DL-A2-11-T06,DL-A2-11-G01,A2,11,a2-11-housing-neighborhood-wohin,content/A2/lesson-11-housing-neighborhood-wohin.md,159,### تمرين 6 — فهم الاستماع,6,6,exercise_block; sub-items not separately identified,CR29 source exercise; linked assessments: DL-A2-11-Q08,source answer key retained; structured items and self-check rubrics reviewed,present in source lesson; represented in ready A2 assessment,"CR29: scoped two-way prepositions, position vs destination, verb/object contrast; a2-11-v2. P01 spoken fictional room; P02 written fictional neighbor request. Existing audio, voices and status unchanged; no new acoustic approval."
DL-A2-11-T07,DL-A2-11-G01,A2,11,a2-11-housing-neighborhood-wohin,content/A2/lesson-11-housing-neighborhood-wohin.md,168,### تمرين 7 — اختر العبارة المهذبة,7,7,exercise_block; sub-items not separately identified,CR29 source exercise; linked assessments: DL-A2-11-Q09;DL-A2-11-P02,source answer key retained; structured items and self-check rubrics reviewed,present in source lesson; represented in ready A2 assessment,"CR29: scoped two-way prepositions, position vs destination, verb/object contrast; a2-11-v2. P01 spoken fictional room; P02 written fictional neighbor request. Existing audio, voices and status unchanged; no new acoustic approval."
DL-A2-11-T08,DL-A2-11-G01,A2,11,a2-11-housing-neighborhood-wohin,content/A2/lesson-11-housing-neighborhood-wohin.md,177,### تمرين 8 — صِف غرفة,8,8,exercise_block; sub-items not separately identified,CR29 source exercise; linked assessments: DL-A2-11-P01,source answer key retained; structured items and self-check rubrics reviewed,present in source lesson; represented in ready A2 assessment,"CR29: scoped two-way prepositions, position vs destination, verb/object contrast; a2-11-v2. P01 spoken fictional room; P02 written fictional neighbor request. Existing audio, voices and status unchanged; no new acoustic approval."
DL-A2-12-T01,DL-A2-12-G01,A2,12,a2-12-holidays-festivals-culture,content/A2/lesson-12-holidays-festivals-culture.md,92,### تمرين 1 — اختر الكلمة المناسبة,1,1,exercise_block; sub-items not separately identified,CR30 source exercise; linked assessments: DL-A2-12-Q01,source answer key retained; structured items and self-check rubrics reviewed,present in source lesson; represented in ready A2 assessment,"CR30: corrected bevor chronology/Q10 option; scoped nachdem tense and bounded program evidence; a2-12-v2. P01 spoken five-sentence plan; P02 written fixed timeline. Existing audio, voices, status unchanged; no new acoustic approval."
DL-A2-12-T02,DL-A2-12-G01,A2,12,a2-12-holidays-festivals-culture,content/A2/lesson-12-holidays-festivals-culture.md,99,### تمرين 2 — أكمل الرابط أو صيغة الفعل,2,2,exercise_block; sub-items not separately identified,CR30 source exercise; linked assessments: source practice only,source answer key retained; structured items and self-check rubrics reviewed,present in source lesson; represented in ready A2 assessment,"CR30: corrected bevor chronology/Q10 option; scoped nachdem tense and bounded program evidence; a2-12-v2. P01 spoken five-sentence plan; P02 written fixed timeline. Existing audio, voices, status unchanged; no new acoustic approval."
DL-A2-12-T03,DL-A2-12-G01,A2,12,a2-12-holidays-festivals-culture,content/A2/lesson-12-holidays-festivals-culture.md,107,### تمرين 3 — ضع الفعل في نهاية الجملة التابعة,3,3,exercise_block; sub-items not separately identified,CR30 source exercise; linked assessments: DL-A2-12-Q03,source answer key retained; structured items and self-check rubrics reviewed,present in source lesson; represented in ready A2 assessment,"CR30: corrected bevor chronology/Q10 option; scoped nachdem tense and bounded program evidence; a2-12-v2. P01 spoken five-sentence plan; P02 written fixed timeline. Existing audio, voices, status unchanged; no new acoustic approval."
DL-A2-12-T04,DL-A2-12-G01,A2,12,a2-12-holidays-festivals-culture,content/A2/lesson-12-holidays-festivals-culture.md,113,### تمرين 4 — رتّب الكلمات,4,4,exercise_block; sub-items not separately identified,CR30 source exercise; linked assessments: DL-A2-12-Q02;DL-A2-12-Q04,source answer key retained; structured items and self-check rubrics reviewed,present in source lesson; represented in ready A2 assessment,"CR30: corrected bevor chronology/Q10 option; scoped nachdem tense and bounded program evidence; a2-12-v2. P01 spoken five-sentence plan; P02 written fixed timeline. Existing audio, voices, status unchanged; no new acoustic approval."
DL-A2-12-T05,DL-A2-12-G01,A2,12,a2-12-holidays-festivals-culture,content/A2/lesson-12-holidays-festivals-culture.md,120,### تمرين 5 — فهم القراءة,5,5,exercise_block; sub-items not separately identified,CR30 source exercise; linked assessments: DL-A2-12-Q05;DL-A2-12-Q06;DL-A2-12-Q07,source answer key retained; structured items and self-check rubrics reviewed,present in source lesson; represented in ready A2 assessment,"CR30: corrected bevor chronology/Q10 option; scoped nachdem tense and bounded program evidence; a2-12-v2. P01 spoken five-sentence plan; P02 written fixed timeline. Existing audio, voices, status unchanged; no new acoustic approval."
DL-A2-12-T06,DL-A2-12-G01,A2,12,a2-12-holidays-festivals-culture,content/A2/lesson-12-holidays-festivals-culture.md,130,### تمرين 6 — فهم الاستماع,6,6,exercise_block; sub-items not separately identified,CR30 source exercise; linked assessments: DL-A2-12-Q08,source answer key retained; structured items and self-check rubrics reviewed,present in source lesson; represented in ready A2 assessment,"CR30: corrected bevor chronology/Q10 option; scoped nachdem tense and bounded program evidence; a2-12-v2. P01 spoken five-sentence plan; P02 written fixed timeline. Existing audio, voices, status unchanged; no new acoustic approval."
DL-A2-12-T07,DL-A2-12-G01,A2,12,a2-12-holidays-festivals-culture,content/A2/lesson-12-holidays-festivals-culture.md,139,### تمرين 7 — اربط النشاط بترتيبه,7,7,exercise_block; sub-items not separately identified,CR30 source exercise; linked assessments: DL-A2-12-Q09;DL-A2-12-Q10;DL-A2-12-P02,source answer key retained; structured items and self-check rubrics reviewed,present in source lesson; represented in ready A2 assessment,"CR30: corrected bevor chronology/Q10 option; scoped nachdem tense and bounded program evidence; a2-12-v2. P01 spoken five-sentence plan; P02 written fixed timeline. Existing audio, voices, status unchanged; no new acoustic approval."
DL-A2-12-T08,DL-A2-12-G01,A2,12,a2-12-holidays-festivals-culture,content/A2/lesson-12-holidays-festivals-culture.md,150,### تمرين 8 — خطّط عطلة ثقافية,8,8,exercise_block; sub-items not separately identified,CR30 source exercise; linked assessments: DL-A2-12-P01,source answer key retained; structured items and self-check rubrics reviewed,present in source lesson; represented in ready A2 assessment,"CR30: corrected bevor chronology/Q10 option; scoped nachdem tense and bounded program evidence; a2-12-v2. P01 spoken five-sentence plan; P02 written fixed timeline. Existing audio, voices, status unchanged; no new acoustic approval."
DL-B1-01-T01,DL-B1-01-G01,B1,1,b1-01-daily-life-hobbies-experiences,content/B1/lesson-01-daily-life-hobbies-experiences.md,87,### تمرين 1 — اختر als أو wenn,1,1,exercise_block; sub-items not separately identified,CR31 source activity; formative practice with source answer key; no scored item for this block,present in source lesson,reviewed textual source; formative practice,"CR31 text review; v2. T04 vocabulary/meaning; T05 five evidence claims; T07 both connectors; T08 P01 five sentences and P02 four dialogue turns, both spoken. No automatic language grading or new audio approval."
DL-B1-01-T02,DL-B1-01-G01,B1,1,b1-01-daily-life-hobbies-experiences,content/B1/lesson-01-daily-life-hobbies-experiences.md,94,### تمرين 2 — أكمل الفعل في نهاية الجملة التابعة,2,2,exercise_block; sub-items not separately identified,CR31 source activity: DL-B1-01-Q03,present in source lesson,reviewed textual source; linked to local assessment,"CR31 text review; v2. T04 vocabulary/meaning; T05 five evidence claims; T07 both connectors; T08 P01 five sentences and P02 four dialogue turns, both spoken. No automatic language grading or new audio approval."
DL-B1-01-T03,DL-B1-01-G01,B1,1,b1-01-daily-life-hobbies-experiences,content/B1/lesson-01-daily-life-hobbies-experiences.md,102,### تمرين 3 — رتّب الكلمات,3,3,exercise_block; sub-items not separately identified,CR31 source activity: DL-B1-01-Q04,present in source lesson,reviewed textual source; linked to local assessment,"CR31 text review; v2. T04 vocabulary/meaning; T05 five evidence claims; T07 both connectors; T08 P01 five sentences and P02 four dialogue turns, both spoken. No automatic language grading or new audio approval."
DL-B1-01-T04,DL-B1-01-G01,B1,1,b1-01-daily-life-hobbies-experiences,content/B1/lesson-01-daily-life-hobbies-experiences.md,109,### تمرين 4 — اختر المعنى المناسب,4,4,exercise_block; sub-items not separately identified,"CR31 source activity: DL-B1-01-Q01, DL-B1-01-Q02, DL-B1-01-Q05",present in source lesson,reviewed textual source; linked to local assessment,"CR31 text review; v2. T04 vocabulary/meaning; T05 five evidence claims; T07 both connectors; T08 P01 five sentences and P02 four dialogue turns, both spoken. No automatic language grading or new audio approval."
DL-B1-01-T05,DL-B1-01-G01,B1,1,b1-01-daily-life-hobbies-experiences,content/B1/lesson-01-daily-life-hobbies-experiences.md,123,### تمرين 5 — فهم القراءة,5,5,exercise_block; sub-items not separately identified,"CR31 source activity: DL-B1-01-Q06, DL-B1-01-Q07, DL-B1-01-Q08, DL-B1-01-Q09",present in source lesson,reviewed textual source; linked to local assessment,"CR31 text review; v2. T04 vocabulary/meaning; T05 five evidence claims; T07 both connectors; T08 P01 five sentences and P02 four dialogue turns, both spoken. No automatic language grading or new audio approval."
DL-B1-01-T06,DL-B1-01-G01,B1,1,b1-01-daily-life-hobbies-experiences,content/B1/lesson-01-daily-life-hobbies-experiences.md,133,### تمرين 6 — فهم الاستماع,6,6,exercise_block; sub-items not separately identified,CR31 source activity; formative practice with source answer key; no scored item for this block,present in source lesson,reviewed textual source; formative practice,"CR31 text review; v2. T04 vocabulary/meaning; T05 five evidence claims; T07 both connectors; T08 P01 five sentences and P02 four dialogue turns, both spoken. No automatic language grading or new audio approval."
DL-B1-01-T07,DL-B1-01-G01,B1,1,b1-01-daily-life-hobbies-experiences,content/B1/lesson-01-daily-life-hobbies-experiences.md,139,### تمرين 7 — أصلح اختيار الرابط,7,7,exercise_block; sub-items not separately identified,CR31 source activity: DL-B1-01-Q10,present in source lesson,reviewed textual source; linked to local assessment,"CR31 text review; v2. T04 vocabulary/meaning; T05 five evidence claims; T07 both connectors; T08 P01 five sentences and P02 four dialogue turns, both spoken. No automatic language grading or new audio approval."
DL-B1-01-T08,DL-B1-01-G01,B1,1,b1-01-daily-life-hobbies-experiences,content/B1/lesson-01-daily-life-hobbies-experiences.md,146,### تمرين 8 — فقرة وحوار عن تجربة,8,8,exercise_block; sub-items not separately identified,"CR31 source activity: DL-B1-01-P01, DL-B1-01-P02",present in source lesson,reviewed textual source; linked to local assessment,"CR31 text review; v2. T04 vocabulary/meaning; T05 five evidence claims; T07 both connectors; T08 P01 five sentences and P02 four dialogue turns, both spoken. No automatic language grading or new audio approval."
DL-B1-02-T01,DL-B1-02-G01,B1,2,b1-02-food-habits-obwohl,content/B1/lesson-02-food-habits-obwohl.md,85,### تمرين 1 — اختر المفردة المناسبة,1,1,exercise_block; sub-items not separately identified,"CR32 source activity: DL-B1-02-Q01, DL-B1-02-Q02",present in source lesson,reviewed textual source; linked to local assessment,"CR32 v2 text review; T01 six vocabulary items; Q03 only T03; T05 five claims; T08 five-sentence paragraph and four-turn dialogue, both spoken. No health advice, automatic language grading or new acoustic approval."
DL-B1-02-T02,DL-B1-02-G01,B1,2,b1-02-food-habits-obwohl,content/B1/lesson-02-food-habits-obwohl.md,94,### تمرين 2 — أكمل بـobwohl أو trotzdem,2,2,exercise_block; sub-items not separately identified,CR32 source activity: DL-B1-02-Q05,present in source lesson,reviewed textual source; linked to local assessment,"CR32 v2 text review; T01 six vocabulary items; Q03 only T03; T05 five claims; T08 five-sentence paragraph and four-turn dialogue, both spoken. No health advice, automatic language grading or new acoustic approval."
DL-B1-02-T03,DL-B1-02-G01,B1,2,b1-02-food-habits-obwohl,content/B1/lesson-02-food-habits-obwohl.md,101,### تمرين 3 — ضع الفعل في المكان الصحيح,3,3,exercise_block; sub-items not separately identified,"CR32 source activity: DL-B1-02-Q03, DL-B1-02-Q04",present in source lesson,reviewed textual source; linked to local assessment,"CR32 v2 text review; T01 six vocabulary items; Q03 only T03; T05 five claims; T08 five-sentence paragraph and four-turn dialogue, both spoken. No health advice, automatic language grading or new acoustic approval."
DL-B1-02-T04,DL-B1-02-G01,B1,2,b1-02-food-habits-obwohl,content/B1/lesson-02-food-habits-obwohl.md,109,### تمرين 4 — رتّب الجمل,4,4,exercise_block; sub-items not separately identified,CR32 source activity; formative practice with source answer key; no scored item for this block,present in source lesson,reviewed textual source; formative practice,"CR32 v2 text review; T01 six vocabulary items; Q03 only T03; T05 five claims; T08 five-sentence paragraph and four-turn dialogue, both spoken. No health advice, automatic language grading or new acoustic approval."
DL-B1-02-T05,DL-B1-02-G01,B1,2,b1-02-food-habits-obwohl,content/B1/lesson-02-food-habits-obwohl.md,116,### تمرين 5 — فهم القراءة,5,5,exercise_block; sub-items not separately identified,"CR32 source activity: DL-B1-02-Q06, DL-B1-02-Q07",present in source lesson,reviewed textual source; linked to local assessment,"CR32 v2 text review; T01 six vocabulary items; Q03 only T03; T05 five claims; T08 five-sentence paragraph and four-turn dialogue, both spoken. No health advice, automatic language grading or new acoustic approval."
DL-B1-02-T06,DL-B1-02-G01,B1,2,b1-02-food-habits-obwohl,content/B1/lesson-02-food-habits-obwohl.md,126,### تمرين 6 — فهم الاستماع,6,6,exercise_block; sub-items not separately identified,"CR32 source activity: DL-B1-02-Q08, DL-B1-02-Q09",present in source lesson,reviewed textual source; linked to local assessment,"CR32 v2 text review; T01 six vocabulary items; Q03 only T03; T05 five claims; T08 five-sentence paragraph and four-turn dialogue, both spoken. No health advice, automatic language grading or new acoustic approval."
DL-B1-02-T07,DL-B1-02-G01,B1,2,b1-02-food-habits-obwohl,content/B1/lesson-02-food-habits-obwohl.md,132,### تمرين 7 — حوّل إلى obwohl,7,7,exercise_block; sub-items not separately identified,CR32 source activity: DL-B1-02-Q10,present in source lesson,reviewed textual source; linked to local assessment,"CR32 v2 text review; T01 six vocabulary items; Q03 only T03; T05 five claims; T08 five-sentence paragraph and four-turn dialogue, both spoken. No health advice, automatic language grading or new acoustic approval."
DL-B1-02-T08,DL-B1-02-G01,B1,2,b1-02-food-habits-obwohl,content/B1/lesson-02-food-habits-obwohl.md,139,### تمرين 8 — فقرة وحوار مع الجهر,8,8,exercise_block; sub-items not separately identified,"CR32 source activity: DL-B1-02-P01, DL-B1-02-P02",present in source lesson,reviewed textual source; linked to local assessment,"CR32 v2 text review; T01 six vocabulary items; Q03 only T03; T05 five claims; T08 five-sentence paragraph and four-turn dialogue, both spoken. No health advice, automatic language grading or new acoustic approval."
DL-B1-03-T01,DL-B1-03-G01,B1,3,b1-03-work-communication-konjunktiv,content/B1/lesson-03-work-communication-konjunktiv.md,101,### تمرين 1 — اختر المفردة المناسبة,1,1,exercise_block; sub-items not separately identified,"CR33 source activity: DL-B1-03-Q01, DL-B1-03-Q02",present in source lesson,reviewed textual source; linked to local assessment,"CR33 v2: Q02/T01, Q05-Q06/T04 and Q09/T06 direct practice; Q04/T03;T07; P01 written letter and P02 spoken meeting/T08. Proposals are not completed actions; no automatic language grading or new acoustic approval."
DL-B1-03-T02,DL-B1-03-G01,B1,3,b1-03-work-communication-konjunktiv,content/B1/lesson-03-work-communication-konjunktiv.md,109,### تمرين 2 — أكمل صيغة würde,2,2,exercise_block; sub-items not separately identified,CR33 source activity: DL-B1-03-Q03,present in source lesson,reviewed textual source; linked to local assessment,"CR33 v2: Q02/T01, Q05-Q06/T04 and Q09/T06 direct practice; Q04/T03;T07; P01 written letter and P02 spoken meeting/T08. Proposals are not completed actions; no automatic language grading or new acoustic approval."
DL-B1-03-T03,DL-B1-03-G01,B1,3,b1-03-work-communication-konjunktiv,content/B1/lesson-03-work-communication-konjunktiv.md,116,### تمرين 3 — ضع المصدر في نهاية الجملة,3,3,exercise_block; sub-items not separately identified,CR33 source activity: DL-B1-03-Q04,present in source lesson,reviewed textual source; linked to local assessment,"CR33 v2: Q02/T01, Q05-Q06/T04 and Q09/T06 direct practice; Q04/T03;T07; P01 written letter and P02 spoken meeting/T08. Proposals are not completed actions; no automatic language grading or new acoustic approval."
DL-B1-03-T04,DL-B1-03-G01,B1,3,b1-03-work-communication-konjunktiv,content/B1/lesson-03-work-communication-konjunktiv.md,122,### تمرين 4 — أعد صياغة الاقتراح بأدب,4,4,exercise_block; sub-items not separately identified,"CR33 source activity: DL-B1-03-Q05, DL-B1-03-Q06",present in source lesson,reviewed textual source; linked to local assessment,"CR33 v2: Q02/T01, Q05-Q06/T04 and Q09/T06 direct practice; Q04/T03;T07; P01 written letter and P02 spoken meeting/T08. Proposals are not completed actions; no automatic language grading or new acoustic approval."
DL-B1-03-T05,DL-B1-03-G01,B1,3,b1-03-work-communication-konjunktiv,content/B1/lesson-03-work-communication-konjunktiv.md,132,### تمرين 5 — فهم الإعلان,5,5,exercise_block; sub-items not separately identified,"CR33 source activity: DL-B1-03-Q07, DL-B1-03-Q08",present in source lesson,reviewed textual source; linked to local assessment,"CR33 v2: Q02/T01, Q05-Q06/T04 and Q09/T06 direct practice; Q04/T03;T07; P01 written letter and P02 spoken meeting/T08. Proposals are not completed actions; no automatic language grading or new acoustic approval."
DL-B1-03-T06,DL-B1-03-G01,B1,3,b1-03-work-communication-konjunktiv,content/B1/lesson-03-work-communication-konjunktiv.md,141,### تمرين 6 — فهم الاستماع,6,6,exercise_block; sub-items not separately identified,"CR33 source activity: DL-B1-03-Q09, DL-B1-03-Q10",present in source lesson,reviewed textual source; linked to local assessment,"CR33 v2: Q02/T01, Q05-Q06/T04 and Q09/T06 direct practice; Q04/T03;T07; P01 written letter and P02 spoken meeting/T08. Proposals are not completed actions; no automatic language grading or new acoustic approval."
DL-B1-03-T07,DL-B1-03-G01,B1,3,b1-03-work-communication-konjunktiv,content/B1/lesson-03-work-communication-konjunktiv.md,151,### تمرين 7 — رتّب الجملة,7,7,exercise_block; sub-items not separately identified,CR33 source activity: DL-B1-03-Q04,present in source lesson,reviewed textual source; linked to local assessment,"CR33 v2: Q02/T01, Q05-Q06/T04 and Q09/T06 direct practice; Q04/T03;T07; P01 written letter and P02 spoken meeting/T08. Proposals are not completed actions; no automatic language grading or new acoustic approval."
DL-B1-03-T08,DL-B1-03-G01,B1,3,b1-03-work-communication-konjunktiv,content/B1/lesson-03-work-communication-konjunktiv.md,159,### تمرين 8 — رسالة مكتوبة ومحاكاة اجتماع,8,8,exercise_block; sub-items not separately identified,"CR33 source activity: DL-B1-03-P01, DL-B1-03-P02",present in source lesson,reviewed textual source; linked to local assessment,"CR33 v2: Q02/T01, Q05-Q06/T04 and Q09/T06 direct practice; Q04/T03;T07; P01 written letter and P02 spoken meeting/T08. Proposals are not completed actions; no automatic language grading or new acoustic approval."
DL-B1-04-T01,DL-B1-04-G01,B1,4,b1-04-continuing-education-damit,content/B1/lesson-04-continuing-education-damit.md,96,### تمرين 1 — أكمل الرابط ثم اختر المفردة,1,1,exercise_block; sub-items not separately identified,"CR34 source activity: DL-B1-04-Q01, DL-B1-04-Q02",source answer key retained; structured questions and local self-check rubrics reviewed,reviewed textual source; linked to local assessment,"CR34 v2: Q01/T01 vocabulary; Q02/T01 exact blank; Q04/T04;T07. Correct modal order and transcript key; P01 written plan, P02 spoken dialogue/T08. Purpose is not achievement; no automatic language grading or new acoustic approval."
DL-B1-04-T02,DL-B1-04-G01,B1,4,b1-04-continuing-education-damit,content/B1/lesson-04-continuing-education-damit.md,106,### تمرين 2 — أكمل الجملة بالفعل المناسب في النهاية,2,2,exercise_block; sub-items not separately identified,CR34 source activity: DL-B1-04-Q03,source answer key retained; structured questions and local self-check rubrics reviewed,reviewed textual source; linked to local assessment,"CR34 v2: Q01/T01 vocabulary; Q02/T01 exact blank; Q04/T04;T07. Correct modal order and transcript key; P01 written plan, P02 spoken dialogue/T08. Purpose is not achievement; no automatic language grading or new acoustic approval."
DL-B1-04-T03,DL-B1-04-G01,B1,4,b1-04-continuing-education-damit,content/B1/lesson-04-continuing-education-damit.md,114,### تمرين 3 — اربط الهدف بالتركيب المناسب,3,3,exercise_block; sub-items not separately identified,CR34 source activity; formative practice with source answer key,source answer key retained; structured questions and local self-check rubrics reviewed,reviewed textual source; formative practice,"CR34 v2: Q01/T01 vocabulary; Q02/T01 exact blank; Q04/T04;T07. Correct modal order and transcript key; P01 written plan, P02 spoken dialogue/T08. Purpose is not achievement; no automatic language grading or new acoustic approval."
DL-B1-04-T04,DL-B1-04-G01,B1,4,b1-04-continuing-education-damit,content/B1/lesson-04-continuing-education-damit.md,124,### تمرين 4 — حوّل الجملة حسب الفاعل,4,4,exercise_block; sub-items not separately identified,CR34 source activity: DL-B1-04-Q04,source answer key retained; structured questions and local self-check rubrics reviewed,reviewed textual source; linked to local assessment,"CR34 v2: Q01/T01 vocabulary; Q02/T01 exact blank; Q04/T04;T07. Correct modal order and transcript key; P01 written plan, P02 spoken dialogue/T08. Purpose is not achievement; no automatic language grading or new acoustic approval."
DL-B1-04-T05,DL-B1-04-G01,B1,4,b1-04-continuing-education-damit,content/B1/lesson-04-continuing-education-damit.md,132,### تمرين 5 — فهم القراءة,5,5,exercise_block; sub-items not separately identified,"CR34 source activity: DL-B1-04-Q05, DL-B1-04-Q06, DL-B1-04-Q07",source answer key retained; structured questions and local self-check rubrics reviewed,reviewed textual source; linked to local assessment,"CR34 v2: Q01/T01 vocabulary; Q02/T01 exact blank; Q04/T04;T07. Correct modal order and transcript key; P01 written plan, P02 spoken dialogue/T08. Purpose is not achievement; no automatic language grading or new acoustic approval."
DL-B1-04-T06,DL-B1-04-G01,B1,4,b1-04-continuing-education-damit,content/B1/lesson-04-continuing-education-damit.md,141,### تمرين 6 — فهم الاستماع,6,6,exercise_block; sub-items not separately identified,"CR34 source activity: DL-B1-04-Q08, DL-B1-04-Q09, DL-B1-04-Q10",source answer key retained; structured questions and local self-check rubrics reviewed,reviewed textual source; linked to local assessment,"CR34 v2: Q01/T01 vocabulary; Q02/T01 exact blank; Q04/T04;T07. Correct modal order and transcript key; P01 written plan, P02 spoken dialogue/T08. Purpose is not achievement; no automatic language grading or new acoustic approval."
DL-B1-04-T07,DL-B1-04-G01,B1,4,b1-04-continuing-education-damit,content/B1/lesson-04-continuing-education-damit.md,150,### تمرين 7 — اختر الفاعل,7,7,exercise_block; sub-items not separately identified,CR34 source activity: DL-B1-04-Q04,source answer key retained; structured questions and local self-check rubrics reviewed,reviewed textual source; linked to local assessment,"CR34 v2: Q01/T01 vocabulary; Q02/T01 exact blank; Q04/T04;T07. Correct modal order and transcript key; P01 written plan, P02 spoken dialogue/T08. Purpose is not achievement; no automatic language grading or new acoustic approval."
DL-B1-04-T08,DL-B1-04-G01,B1,4,b1-04-continuing-education-damit,content/B1/lesson-04-continuing-education-damit.md,159,### تمرين 8 — خطة مكتوبة وحوار مع الجهر,8,8,exercise_block; sub-items not separately identified,"CR34 source activity: DL-B1-04-P01, DL-B1-04-P02",source answer key retained; structured questions and local self-check rubrics reviewed,reviewed textual source; linked to local assessment,"CR34 v2: Q01/T01 vocabulary; Q02/T01 exact blank; Q04/T04;T07. Correct modal order and transcript key; P01 written plan, P02 spoken dialogue/T08. Purpose is not achievement; no automatic language grading or new acoustic approval."
DL-B1-05-T01,DL-B1-05-G01,B1,5,b1-05-cities-relative-clauses,content/B1/lesson-05-cities-relative-clauses.md,89,### تمرين 1 — اختر المفردة المناسبة,1,1,exercise_block; sub-items not separately identified,CR35 source activity: DL-B1-05-Q01,source answer key retained; structured items and local self-check rubrics reviewed,reviewed textual source; linked to local assessment,"CR35 v2: direct Q02/T02 and Q07/T05 support; mappings preserved. Relative case from clause role, not antecedent case. P01 written five-sentence description; P02 four-turn spoken dialogue/T08. No automated language grading or new acoustic approval."
DL-B1-05-T02,DL-B1-05-G01,B1,5,b1-05-cities-relative-clauses,content/B1/lesson-05-cities-relative-clauses.md,96,### تمرين 2 — أكمل بضمير الوصل المناسب,2,2,exercise_block; sub-items not separately identified,"CR35 source activity: DL-B1-05-Q02, DL-B1-05-Q03",source answer key retained; structured items and local self-check rubrics reviewed,reviewed textual source; linked to local assessment,"CR35 v2: direct Q02/T02 and Q07/T05 support; mappings preserved. Relative case from clause role, not antecedent case. P01 written five-sentence description; P02 four-turn spoken dialogue/T08. No automated language grading or new acoustic approval."
DL-B1-05-T03,DL-B1-05-G01,B1,5,b1-05-cities-relative-clauses,content/B1/lesson-05-cities-relative-clauses.md,107,### تمرين 3 — اربط الجملتين بجملة موصولة,3,3,exercise_block; sub-items not separately identified,CR35 source activity: DL-B1-05-Q06,source answer key retained; structured items and local self-check rubrics reviewed,reviewed textual source; linked to local assessment,"CR35 v2: direct Q02/T02 and Q07/T05 support; mappings preserved. Relative case from clause role, not antecedent case. P01 written five-sentence description; P02 four-turn spoken dialogue/T08. No automated language grading or new acoustic approval."
DL-B1-05-T04,DL-B1-05-G01,B1,5,b1-05-cities-relative-clauses,content/B1/lesson-05-cities-relative-clauses.md,115,### تمرين 4 — رتّب الكلمات وأضف الفاصلتين,4,4,exercise_block; sub-items not separately identified,CR35 source activity: DL-B1-05-Q05,source answer key retained; structured items and local self-check rubrics reviewed,reviewed textual source; linked to local assessment,"CR35 v2: direct Q02/T02 and Q07/T05 support; mappings preserved. Relative case from clause role, not antecedent case. P01 written five-sentence description; P02 four-turn spoken dialogue/T08. No automated language grading or new acoustic approval."
DL-B1-05-T05,DL-B1-05-G01,B1,5,b1-05-cities-relative-clauses,content/B1/lesson-05-cities-relative-clauses.md,122,### تمرين 5 — فهم القراءة,5,5,exercise_block; sub-items not separately identified,"CR35 source activity: DL-B1-05-Q07, DL-B1-05-Q08",source answer key retained; structured items and local self-check rubrics reviewed,reviewed textual source; linked to local assessment,"CR35 v2: direct Q02/T02 and Q07/T05 support; mappings preserved. Relative case from clause role, not antecedent case. P01 written five-sentence description; P02 four-turn spoken dialogue/T08. No automated language grading or new acoustic approval."
DL-B1-05-T06,DL-B1-05-G01,B1,5,b1-05-cities-relative-clauses,content/B1/lesson-05-cities-relative-clauses.md,133,### تمرين 6 — فهم الاستماع,6,6,exercise_block; sub-items not separately identified,"CR35 source activity: DL-B1-05-Q09, DL-B1-05-Q10",source answer key retained; structured items and local self-check rubrics reviewed,reviewed textual source; linked to local assessment,"CR35 v2: direct Q02/T02 and Q07/T05 support; mappings preserved. Relative case from clause role, not antecedent case. P01 written five-sentence description; P02 four-turn spoken dialogue/T08. No automated language grading or new acoustic approval."
DL-B1-05-T07,DL-B1-05-G01,B1,5,b1-05-cities-relative-clauses,content/B1/lesson-05-cities-relative-clauses.md,143,### تمرين 7 — حدّد حالة ضمير الوصل,7,7,exercise_block; sub-items not separately identified,CR35 source activity: DL-B1-05-Q04,source answer key retained; structured items and local self-check rubrics reviewed,reviewed textual source; linked to local assessment,"CR35 v2: direct Q02/T02 and Q07/T05 support; mappings preserved. Relative case from clause role, not antecedent case. P01 written five-sentence description; P02 four-turn spoken dialogue/T08. No automated language grading or new acoustic approval."
DL-B1-05-T08,DL-B1-05-G01,B1,5,b1-05-cities-relative-clauses,content/B1/lesson-05-cities-relative-clauses.md,152,### تمرين 8 — وصف مكتوب وحوار مع الجهر,8,8,exercise_block; sub-items not separately identified,"CR35 source activity: DL-B1-05-P01, DL-B1-05-P02",source answer key retained; structured items and local self-check rubrics reviewed,reviewed textual source; linked to local assessment,"CR35 v2: direct Q02/T02 and Q07/T05 support; mappings preserved. Relative case from clause role, not antecedent case. P01 written five-sentence description; P02 four-turn spoken dialogue/T08. No automated language grading or new acoustic approval."
DL-B1-05-Q01,DL-B1-05-G01,B1,5,b1-05-cities-relative-clauses,content/B1/lesson-05-cities-relative-clauses.assessment.json,,quiz[0] — DL-B1-05-Q01,1,1,individual structured assessment question,Ready local B1.5 assessment question; bundled in data/course.json,answer key and short Arabic explanation reviewed,ready; active local assessment question,"CR35 v2: direct Q02/T02 and Q07/T05 support; mappings preserved. Relative case from clause role, not antecedent case. P01 written five-sentence description; P02 four-turn spoken dialogue/T08. No automated language grading or new acoustic approval."
DL-B1-05-Q02,DL-B1-05-G01,B1,5,b1-05-cities-relative-clauses,content/B1/lesson-05-cities-relative-clauses.assessment.json,,quiz[1] — DL-B1-05-Q02,2,2,individual structured assessment question,Ready local B1.5 assessment question; bundled in data/course.json,answer key and short Arabic explanation reviewed,ready; active local assessment question,"CR35 v2: direct Q02/T02 and Q07/T05 support; mappings preserved. Relative case from clause role, not antecedent case. P01 written five-sentence description; P02 four-turn spoken dialogue/T08. No automated language grading or new acoustic approval."
DL-B1-05-Q03,DL-B1-05-G01,B1,5,b1-05-cities-relative-clauses,content/B1/lesson-05-cities-relative-clauses.assessment.json,,quiz[2] — DL-B1-05-Q03,3,2,individual structured assessment question,Ready local B1.5 assessment question; bundled in data/course.json,answer key and short Arabic explanation reviewed,ready; active local assessment question,"CR35 v2: direct Q02/T02 and Q07/T05 support; mappings preserved. Relative case from clause role, not antecedent case. P01 written five-sentence description; P02 four-turn spoken dialogue/T08. No automated language grading or new acoustic approval."
DL-B1-05-Q04,DL-B1-05-G01,B1,5,b1-05-cities-relative-clauses,content/B1/lesson-05-cities-relative-clauses.assessment.json,,quiz[3] — DL-B1-05-Q04,4,7,individual structured assessment question,Ready local B1.5 assessment question; bundled in data/course.json,answer key and short Arabic explanation reviewed,ready; active local assessment question,"CR35 v2: direct Q02/T02 and Q07/T05 support; mappings preserved. Relative case from clause role, not antecedent case. P01 written five-sentence description; P02 four-turn spoken dialogue/T08. No automated language grading or new acoustic approval."
DL-B1-05-Q05,DL-B1-05-G01,B1,5,b1-05-cities-relative-clauses,content/B1/lesson-05-cities-relative-clauses.assessment.json,,quiz[4] — DL-B1-05-Q05,5,4,individual structured assessment question,Ready local B1.5 assessment question; bundled in data/course.json,answer key and short Arabic explanation reviewed,ready; active local assessment question,"CR35 v2: direct Q02/T02 and Q07/T05 support; mappings preserved. Relative case from clause role, not antecedent case. P01 written five-sentence description; P02 four-turn spoken dialogue/T08. No automated language grading or new acoustic approval."
DL-B1-05-Q06,DL-B1-05-G01,B1,5,b1-05-cities-relative-clauses,content/B1/lesson-05-cities-relative-clauses.assessment.json,,quiz[5] — DL-B1-05-Q06,6,3,individual structured assessment question,Ready local B1.5 assessment question; bundled in data/course.json,answer key and short Arabic explanation reviewed,ready; active local assessment question,"CR35 v2: direct Q02/T02 and Q07/T05 support; mappings preserved. Relative case from clause role, not antecedent case. P01 written five-sentence description; P02 four-turn spoken dialogue/T08. No automated language grading or new acoustic approval."
DL-B1-05-Q07,DL-B1-05-G01,B1,5,b1-05-cities-relative-clauses,content/B1/lesson-05-cities-relative-clauses.assessment.json,,quiz[6] — DL-B1-05-Q07,7,5,individual structured assessment question,Ready local B1.5 assessment question; bundled in data/course.json,answer key and short Arabic explanation reviewed,ready; active local assessment question,"CR35 v2: direct Q02/T02 and Q07/T05 support; mappings preserved. Relative case from clause role, not antecedent case. P01 written five-sentence description; P02 four-turn spoken dialogue/T08. No automated language grading or new acoustic approval."
DL-B1-05-Q08,DL-B1-05-G01,B1,5,b1-05-cities-relative-clauses,content/B1/lesson-05-cities-relative-clauses.assessment.json,,quiz[7] — DL-B1-05-Q08,8,5,individual structured assessment question,Ready local B1.5 assessment question; bundled in data/course.json,answer key and short Arabic explanation reviewed,ready; active local assessment question,"CR35 v2: direct Q02/T02 and Q07/T05 support; mappings preserved. Relative case from clause role, not antecedent case. P01 written five-sentence description; P02 four-turn spoken dialogue/T08. No automated language grading or new acoustic approval."
DL-B1-05-Q09,DL-B1-05-G01,B1,5,b1-05-cities-relative-clauses,content/B1/lesson-05-cities-relative-clauses.assessment.json,,quiz[8] — DL-B1-05-Q09,9,6,individual structured assessment question,Ready local B1.5 assessment question; bundled in data/course.json,answer key and short Arabic explanation reviewed,ready; active local assessment question,"CR35 v2: direct Q02/T02 and Q07/T05 support; mappings preserved. Relative case from clause role, not antecedent case. P01 written five-sentence description; P02 four-turn spoken dialogue/T08. No automated language grading or new acoustic approval."
DL-B1-05-Q10,DL-B1-05-G01,B1,5,b1-05-cities-relative-clauses,content/B1/lesson-05-cities-relative-clauses.assessment.json,,quiz[9] — DL-B1-05-Q10,10,6,individual structured assessment question,Ready local B1.5 assessment question; bundled in data/course.json,answer key and short Arabic explanation reviewed,ready; active local assessment question,"CR35 v2: direct Q02/T02 and Q07/T05 support; mappings preserved. Relative case from clause role, not antecedent case. P01 written five-sentence description; P02 four-turn spoken dialogue/T08. No automated language grading or new acoustic approval."
DL-B1-05-P01,DL-B1-05-G01,B1,5,b1-05-cities-relative-clauses,content/B1/lesson-05-cities-relative-clauses.assessment.json,,performanceTasks[0] — DL-B1-05-P01,1,8,performance assessment task,Active B1.5 performance task; response saved locally with self-check rubric in app,local self-check rubric ready; no audio recording or external evaluator,ready; active local performance self-check,"CR35 v2: direct Q02/T02 and Q07/T05 support; mappings preserved. Relative case from clause role, not antecedent case. P01 written five-sentence description; P02 four-turn spoken dialogue/T08. No automated language grading or new acoustic approval."
DL-B1-05-P02,DL-B1-05-G01,B1,5,b1-05-cities-relative-clauses,content/B1/lesson-05-cities-relative-clauses.assessment.json,,performanceTasks[1] — DL-B1-05-P02,2,8,performance assessment task,Active B1.5 performance task; response saved locally with self-check rubric in app,local self-check rubric ready; no audio recording or external evaluator,ready; active local performance self-check,"CR35 v2: direct Q02/T02 and Q07/T05 support; mappings preserved. Relative case from clause role, not antecedent case. P01 written five-sentence description; P02 four-turn spoken dialogue/T08. No automated language grading or new acoustic approval."
DL-B1-06-T01,DL-B1-06-G01,B1,6,b1-06-health-fitness-advice,content/B1/lesson-06-health-fitness-advice.md,80,### تمرين 1 — اختر المفردة المناسبة,1,1,exercise_block; sub-items not separately identified,Source lesson activity linked to active B1.6 assessment item(s): DL-B1-06-Q01,source answer key retained; structured items and local self-check rubrics reviewed,catalogued; linked to active B1.6 assessment,Stable source-task ID; assessed through the linked B1.6 quiz/performance self-check. Works locally without generated audio.
DL-B1-06-T02,DL-B1-06-G01,B1,6,b1-06-health-fitness-advice,content/B1/lesson-06-health-fitness-advice.md,87,### تمرين 2 — أكمل صيغة sollte أو könnte,2,2,exercise_block; sub-items not separately identified,"Source lesson activity linked to active B1.6 assessment item(s): DL-B1-06-Q02, DL-B1-06-Q03",source answer key retained; structured items and local self-check rubrics reviewed,catalogued; linked to active B1.6 assessment,Stable source-task ID; assessed through the linked B1.6 quiz/performance self-check. Works locally without generated audio.
DL-B1-06-T03,DL-B1-06-G01,B1,6,b1-06-health-fitness-advice,content/B1/lesson-06-health-fitness-advice.md,94,### تمرين 3 — رتّب الكلمات,3,3,exercise_block; sub-items not separately identified,Source lesson activity linked to active B1.6 assessment item(s): DL-B1-06-Q04,source answer key retained; structured items and local self-check rubrics reviewed,catalogued; linked to active B1.6 assessment,Stable source-task ID; assessed through the linked B1.6 quiz/performance self-check. Works locally without generated audio.
DL-B1-06-T04,DL-B1-06-G01,B1,6,b1-06-health-fitness-advice,content/B1/lesson-06-health-fitness-advice.md,100,### تمرين 4 — اختر الصيغة الأنسب للموقف,4,4,exercise_block; sub-items not separately identified,Source lesson activity linked to active B1.6 assessment item(s): DL-B1-06-Q05,source answer key retained; structured items and local self-check rubrics reviewed,catalogued; linked to active B1.6 assessment,Stable source-task ID; assessed through the linked B1.6 quiz/performance self-check. Works locally without generated audio.
DL-B1-06-T05,DL-B1-06-G01,B1,6,b1-06-health-fitness-advice,content/B1/lesson-06-health-fitness-advice.md,108,### تمرين 5 — فهم القراءة,5,5,exercise_block; sub-items not separately identified,"Source lesson activity linked to active B1.6 assessment item(s): DL-B1-06-Q06, DL-B1-06-Q07",source answer key retained; structured items and local self-check rubrics reviewed,catalogued; linked to active B1.6 assessment,Stable source-task ID; assessed through the linked B1.6 quiz/performance self-check. Works locally without generated audio.
DL-B1-06-T06,DL-B1-06-G01,B1,6,b1-06-health-fitness-advice,content/B1/lesson-06-health-fitness-advice.md,118,### تمرين 6 — فهم الاستماع,6,6,exercise_block; sub-items not separately identified,"Source lesson activity linked to active B1.6 assessment item(s): DL-B1-06-Q08, DL-B1-06-Q09",source answer key retained; structured items and local self-check rubrics reviewed,catalogued; linked to active B1.6 assessment,Stable source-task ID; assessed through the linked B1.6 quiz/performance self-check. Works locally without generated audio.
DL-B1-06-T07,DL-B1-06-G01,B1,6,b1-06-health-fitness-advice,content/B1/lesson-06-health-fitness-advice.md,122,### تمرين 7 — حوّل الأمر إلى نصيحة ألطف,7,7,exercise_block; sub-items not separately identified,Source lesson activity linked to active B1.6 assessment item(s): DL-B1-06-Q10,source answer key retained; structured items and local self-check rubrics reviewed,catalogued; linked to active B1.6 assessment,Stable source-task ID; assessed through the linked B1.6 quiz/performance self-check. Works locally without generated audio.
DL-B1-06-T08,DL-B1-06-G01,B1,6,b1-06-health-fitness-advice,content/B1/lesson-06-health-fitness-advice.md,130,### تمرين 8 — اكتب نصيحة عامة,8,8,exercise_block; sub-items not separately identified,"Source lesson activity linked to active B1.6 assessment item(s): DL-B1-06-P01, DL-B1-06-P02",source answer key retained; structured items and local self-check rubrics reviewed,catalogued; linked to active B1.6 assessment,Stable source-task ID; assessed through the linked B1.6 quiz/performance self-check. Works locally without generated audio.
DL-B1-07-T01,DL-B1-07-G01,B1,7,b1-07-lifestyles-customs-cultures,content/B1/lesson-07-lifestyles-customs-cultures.md,75,### تمرين 1 — صِل التركيب بمعناه,1,1,exercise_block; sub-items not separately identified,Source lesson activity linked to active B1.7 assessment item(s): DL-B1-07-Q01,source answer key retained; structured items and local self-check rubrics reviewed,catalogued; linked to active B1.7 assessment,Stable source-task ID; assessed through the linked B1.7 quiz/performance self-check. Works locally without generated audio.
DL-B1-07-T02,DL-B1-07-G01,B1,7,b1-07-lifestyles-customs-cultures,content/B1/lesson-07-lifestyles-customs-cultures.md,84,### تمرين 2 — أكمل بأجزاء الرابط الثنائية,2,2,exercise_block; sub-items not separately identified,"Source lesson activity linked to active B1.7 assessment item(s): DL-B1-07-Q02, DL-B1-07-Q03, DL-B1-07-Q07",source answer key retained; structured items and local self-check rubrics reviewed,catalogued; linked to active B1.7 assessment,Stable source-task ID; assessed through the linked B1.7 quiz/performance self-check. Works locally without generated audio.
DL-B1-07-T03,DL-B1-07-G01,B1,7,b1-07-lifestyles-customs-cultures,content/B1/lesson-07-lifestyles-customs-cultures.md,91,### تمرين 3 — أكمل الرابط المناسب,3,3,exercise_block; sub-items not separately identified,"Source lesson activity linked to active B1.7 assessment item(s): DL-B1-07-Q04, DL-B1-07-Q05",source answer key retained; structured items and local self-check rubrics reviewed,catalogued; linked to active B1.7 assessment,Stable source-task ID; assessed through the linked B1.7 quiz/performance self-check. Works locally without generated audio.
DL-B1-07-T04,DL-B1-07-G01,B1,7,b1-07-lifestyles-customs-cultures,content/B1/lesson-07-lifestyles-customs-cultures.md,98,### تمرين 4 — رتّب الكلمات,4,4,exercise_block; sub-items not separately identified,"Source lesson activity linked to active B1.7 assessment item(s): DL-B1-07-Q06, DL-B1-07-Q07",source answer key retained; structured items and local self-check rubrics reviewed,catalogued; linked to active B1.7 assessment,Stable source-task ID; assessed through the linked B1.7 quiz/performance self-check. Works locally without generated audio.
DL-B1-07-T05,DL-B1-07-G01,B1,7,b1-07-lifestyles-customs-cultures,content/B1/lesson-07-lifestyles-customs-cultures.md,104,### تمرين 5 — فهم القراءة,5,5,exercise_block; sub-items not separately identified,"Source lesson activity linked to active B1.7 assessment item(s): DL-B1-07-Q09, DL-B1-07-Q10",source answer key retained; structured items and local self-check rubrics reviewed,catalogued; linked to active B1.7 assessment,Stable source-task ID; assessed through the linked B1.7 quiz/performance self-check. Works locally without generated audio.
DL-B1-07-T06,DL-B1-07-G01,B1,7,b1-07-lifestyles-customs-cultures,content/B1/lesson-07-lifestyles-customs-cultures.md,114,### تمرين 6 — فهم الاستماع,6,6,exercise_block; sub-items not separately identified,Source lesson activity linked to active B1.7 assessment item(s): DL-B1-07-Q08,source answer key retained; structured items and local self-check rubrics reviewed,catalogued; linked to active B1.7 assessment,Stable source-task ID; assessed through the linked B1.7 quiz/performance self-check. Works locally without generated audio.
DL-B1-07-T07,DL-B1-07-G01,B1,7,b1-07-lifestyles-customs-cultures,content/B1/lesson-07-lifestyles-customs-cultures.md,118,### تمرين 7 — ادمج الجمل باستخدام الرابط المحدد,7,7,exercise_block; sub-items not separately identified,Source lesson activity linked to active B1.7 assessment item(s): DL-B1-07-Q05,source answer key retained; structured items and local self-check rubrics reviewed,catalogued; linked to active B1.7 assessment,Stable source-task ID; assessed through the linked B1.7 quiz/performance self-check. Works locally without generated audio.
DL-B1-07-T08,DL-B1-07-G01,B1,7,b1-07-lifestyles-customs-cultures,content/B1/lesson-07-lifestyles-customs-cultures.md,124,### تمرين 8 — صف روتينًا متنوعًا كتابةً أو شفهيًا,8,8,exercise_block; sub-items not separately identified,"Source lesson activity linked to active B1.7 assessment item(s): DL-B1-07-P01, DL-B1-07-P02",source answer key retained; structured items and local self-check rubrics reviewed,catalogued; linked to active B1.7 assessment,Stable source-task ID; assessed through the linked B1.7 quiz/performance self-check. Works locally without generated audio.
DL-B1-07-Q01,DL-B1-07-G01,B1,7,b1-07-lifestyles-customs-cultures,content/B1/lesson-07-lifestyles-customs-cultures.assessment.json,,quiz[0] — DL-B1-07-Q01,1,1,individual structured assessment question,Ready local B1.7 assessment question; bundled in data/course.json,answer key and short Arabic explanation reviewed,ready; active local assessment question,Stable ID linked to B1.7 learning goal and source task(s): DL-B1-07-T01. Assessment works without generated audio.
DL-B1-07-Q02,DL-B1-07-G01,B1,7,b1-07-lifestyles-customs-cultures,content/B1/lesson-07-lifestyles-customs-cultures.assessment.json,,quiz[1] — DL-B1-07-Q02,2,2,individual structured assessment question,Ready local B1.7 assessment question; bundled in data/course.json,answer key and short Arabic explanation reviewed,ready; active local assessment question,Stable ID linked to B1.7 learning goal and source task(s): DL-B1-07-T02. Assessment works without generated audio.
DL-B1-07-Q03,DL-B1-07-G01,B1,7,b1-07-lifestyles-customs-cultures,content/B1/lesson-07-lifestyles-customs-cultures.assessment.json,,quiz[2] — DL-B1-07-Q03,3,2,individual structured assessment question,Ready local B1.7 assessment question; bundled in data/course.json,answer key and short Arabic explanation reviewed,ready; active local assessment question,Stable ID linked to B1.7 learning goal and source task(s): DL-B1-07-T02. Assessment works without generated audio.
DL-B1-07-Q04,DL-B1-07-G01,B1,7,b1-07-lifestyles-customs-cultures,content/B1/lesson-07-lifestyles-customs-cultures.assessment.json,,quiz[3] — DL-B1-07-Q04,4,3,individual structured assessment question,Ready local B1.7 assessment question; bundled in data/course.json,answer key and short Arabic explanation reviewed,ready; active local assessment question,Stable ID linked to B1.7 learning goal and source task(s): DL-B1-07-T03. Assessment works without generated audio.
DL-B1-07-Q05,DL-B1-07-G01,B1,7,b1-07-lifestyles-customs-cultures,content/B1/lesson-07-lifestyles-customs-cultures.assessment.json,,quiz[4] — DL-B1-07-Q05,5,3,individual structured assessment question,Ready local B1.7 assessment question; bundled in data/course.json,answer key and short Arabic explanation reviewed,ready; active local assessment question,"Stable ID linked to B1.7 learning goal and source task(s): DL-B1-07-T03, DL-B1-07-T07. Assessment works without generated audio."
DL-B1-07-Q06,DL-B1-07-G01,B1,7,b1-07-lifestyles-customs-cultures,content/B1/lesson-07-lifestyles-customs-cultures.assessment.json,,quiz[5] — DL-B1-07-Q06,6,4,individual structured assessment question,Ready local B1.7 assessment question; bundled in data/course.json,answer key and short Arabic explanation reviewed,ready; active local assessment question,Stable ID linked to B1.7 learning goal and source task(s): DL-B1-07-T04. Assessment works without generated audio.
DL-B1-07-Q07,DL-B1-07-G01,B1,7,b1-07-lifestyles-customs-cultures,content/B1/lesson-07-lifestyles-customs-cultures.assessment.json,,quiz[6] — DL-B1-07-Q07,7,4,individual structured assessment question,Ready local B1.7 assessment question; bundled in data/course.json,answer key and short Arabic explanation reviewed,ready; active local assessment question,"Stable ID linked to B1.7 learning goal and source task(s): DL-B1-07-T02, DL-B1-07-T04. Assessment works without generated audio."
DL-B1-07-Q08,DL-B1-07-G01,B1,7,b1-07-lifestyles-customs-cultures,content/B1/lesson-07-lifestyles-customs-cultures.assessment.json,,quiz[7] — DL-B1-07-Q08,8,6,individual structured assessment question,Ready local B1.7 assessment question; bundled in data/course.json,answer key and short Arabic explanation reviewed,ready; active local assessment question,Stable ID linked to B1.7 learning goal and source task(s): DL-B1-07-T06. Assessment works without generated audio.
DL-B1-07-Q09,DL-B1-07-G01,B1,7,b1-07-lifestyles-customs-cultures,content/B1/lesson-07-lifestyles-customs-cultures.assessment.json,,quiz[8] — DL-B1-07-Q09,9,5,individual structured assessment question,Ready local B1.7 assessment question; bundled in data/course.json,answer key and short Arabic explanation reviewed,ready; active local assessment question,Stable ID linked to B1.7 learning goal and source task(s): DL-B1-07-T05. Assessment works without generated audio.
DL-B1-07-Q10,DL-B1-07-G01,B1,7,b1-07-lifestyles-customs-cultures,content/B1/lesson-07-lifestyles-customs-cultures.assessment.json,,quiz[9] — DL-B1-07-Q10,10,5,individual structured assessment question,Ready local B1.7 assessment question; bundled in data/course.json,answer key and short Arabic explanation reviewed,ready; active local assessment question,Stable ID linked to B1.7 learning goal and source task(s): DL-B1-07-T05. Assessment works without generated audio.
DL-B1-07-P01,DL-B1-07-G01,B1,7,b1-07-lifestyles-customs-cultures,content/B1/lesson-07-lifestyles-customs-cultures.assessment.json,,performanceTasks[0] — DL-B1-07-P01,1,8,performance assessment task,Active B1.7 performance task; response saved locally with self-check rubric in app,local self-check rubric ready; no audio recording or external evaluator,ready; active local performance self-check,Stable ID linked to source task DL-B1-07-T08 and B1.7 learning goal; works locally without generated audio.
DL-B1-07-P02,DL-B1-07-G01,B1,7,b1-07-lifestyles-customs-cultures,content/B1/lesson-07-lifestyles-customs-cultures.assessment.json,,performanceTasks[1] — DL-B1-07-P02,2,8,performance assessment task,Active B1.7 performance task; response saved locally with self-check rubric in app,local self-check rubric ready; no audio recording or external evaluator,ready; active local performance self-check,Stable ID linked to source task DL-B1-07-T08 and B1.7 learning goal; works locally without generated audio.
DL-B1-08-T01,DL-B1-08-G01,B1,8,b1-08-consumption-advertising-je-desto,content/B1/lesson-08-consumption-advertising-je-desto.md,75,### تمرين 1 — اختر المفردة المناسبة,1,1,exercise_block; sub-items not separately identified,Source lesson activity linked to active B1.8 assessment item(s): DL-B1-08-Q01; DL-B1-08-Q02,source answer key retained; structured items and local self-check rubrics reviewed,catalogued; linked to active B1.8 assessment,Stable source-task ID; assessed through the linked B1.8 quiz/performance self-check. Works locally without generated audio.
DL-B1-08-T02,DL-B1-08-G01,B1,8,b1-08-consumption-advertising-je-desto,content/B1/lesson-08-consumption-advertising-je-desto.md,82,### تمرين 2 — أكمل بصيغة المقارنة المناسبة,2,2,exercise_block; sub-items not separately identified,Source lesson activity linked to active B1.8 assessment item(s): DL-B1-08-Q03; DL-B1-08-Q04,source answer key retained; structured items and local self-check rubrics reviewed,catalogued; linked to active B1.8 assessment,Stable source-task ID; assessed through the linked B1.8 quiz/performance self-check. Works locally without generated audio.
DL-B1-08-T03,DL-B1-08-G01,B1,8,b1-08-consumption-advertising-je-desto,content/B1/lesson-08-consumption-advertising-je-desto.md,89,### تمرين 3 — ضع الفعل في المكان الصحيح,3,3,exercise_block; sub-items not separately identified,Source lesson activity linked to active B1.8 assessment item(s): DL-B1-08-Q05,source answer key retained; structured items and local self-check rubrics reviewed,catalogued; linked to active B1.8 assessment,Stable source-task ID; assessed through the linked B1.8 quiz/performance self-check. Works locally without generated audio.
DL-B1-08-T04,DL-B1-08-G01,B1,8,b1-08-consumption-advertising-je-desto,content/B1/lesson-08-consumption-advertising-je-desto.md,95,### تمرين 4 — ادمج الجملتين باستخدام je … desto,4,4,exercise_block; sub-items not separately identified,Source lesson activity linked to active B1.8 assessment item(s): DL-B1-08-Q06,source answer key retained; structured items and local self-check rubrics reviewed,catalogued; linked to active B1.8 assessment,Stable source-task ID; assessed through the linked B1.8 quiz/performance self-check. Works locally without generated audio.
DL-B1-08-T05,DL-B1-08-G01,B1,8,b1-08-consumption-advertising-je-desto,content/B1/lesson-08-consumption-advertising-je-desto.md,101,### تمرين 5 — فهم القراءة,5,5,exercise_block; sub-items not separately identified,Source lesson activity linked to active B1.8 assessment item(s): DL-B1-08-Q07; DL-B1-08-Q08,source answer key retained; structured items and local self-check rubrics reviewed,catalogued; linked to active B1.8 assessment,Stable source-task ID; assessed through the linked B1.8 quiz/performance self-check. Works locally without generated audio.
DL-B1-08-T06,DL-B1-08-G01,B1,8,b1-08-consumption-advertising-je-desto,content/B1/lesson-08-consumption-advertising-je-desto.md,111,### تمرين 6 — فهم الاستماع,6,6,exercise_block; sub-items not separately identified,Source lesson activity linked to active B1.8 assessment item(s): DL-B1-08-Q09,source answer key retained; structured items and local self-check rubrics reviewed,catalogued; linked to active B1.8 assessment,Stable source-task ID; assessed through the linked B1.8 quiz/performance self-check. Works locally without generated audio.
DL-B1-08-T07,DL-B1-08-G01,B1,8,b1-08-consumption-advertising-je-desto,content/B1/lesson-08-consumption-advertising-je-desto.md,115,### تمرين 7 — ميّز بين المعلومة والعبارة الإعلانية,7,7,exercise_block; sub-items not separately identified,Source lesson activity linked to active B1.8 assessment item(s): DL-B1-08-Q08; DL-B1-08-Q10,source answer key retained; structured items and local self-check rubrics reviewed,catalogued; linked to active B1.8 assessment,Stable source-task ID; assessed through the linked B1.8 quiz/performance self-check. Works locally without generated audio.
DL-B1-08-T08,DL-B1-08-G01,B1,8,b1-08-consumption-advertising-je-desto,content/B1/lesson-08-consumption-advertising-je-desto.md,124,### تمرين 8 — قارن بين منتجين,8,8,exercise_block; sub-items not separately identified,Source lesson activity linked to active B1.8 assessment item(s): DL-B1-08-P01; DL-B1-08-P02,source answer key retained; structured items and local self-check rubrics reviewed,catalogued; linked to active B1.8 assessment,Stable source-task ID; assessed through the linked B1.8 quiz/performance self-check. Works locally without generated audio.
DL-B1-09-T01,DL-B1-09-G01,B1,9,b1-09-travel-transport-environment,content/B1/lesson-09-travel-transport-environment.md,75,### تمرين 1 — اختر المفردة المناسبة,1,1,exercise_block; sub-items not separately identified,Source lesson activity linked to active B1.9 assessment item(s): DL-B1-09-Q01; DL-B1-09-Q02,source answer key retained; structured items and local self-check rubrics reviewed,catalogued; linked to active B1.9 assessment,Stable source-task ID; assessed through the linked B1.9 quiz/performance self-check. Works locally without generated audio.
DL-B1-09-T02,DL-B1-09-G01,B1,9,b1-09-travel-transport-environment,content/B1/lesson-09-travel-transport-environment.md,82,### تمرين 2 — أكمل بالرابط المناسب: bevor أو nachdem أو während,2,2,exercise_block; sub-items not separately identified,Source lesson activity linked to active B1.9 assessment item(s): DL-B1-09-Q03,source answer key retained; structured items and local self-check rubrics reviewed,catalogued; linked to active B1.9 assessment,Stable source-task ID; assessed through the linked B1.9 quiz/performance self-check. Works locally without generated audio.
DL-B1-09-T03,DL-B1-09-G01,B1,9,b1-09-travel-transport-environment,content/B1/lesson-09-travel-transport-environment.md,89,### تمرين 3 — ضع الفعل في نهاية الجملة التابعة,3,3,exercise_block; sub-items not separately identified,Source lesson activity linked to active B1.9 assessment item(s): DL-B1-09-Q04; DL-B1-09-Q05,source answer key retained; structured items and local self-check rubrics reviewed,catalogued; linked to active B1.9 assessment,Stable source-task ID; assessed through the linked B1.9 quiz/performance self-check. Works locally without generated audio.
DL-B1-09-T04,DL-B1-09-G01,B1,9,b1-09-travel-transport-environment,content/B1/lesson-09-travel-transport-environment.md,96,### تمرين 4 — اربط الجملتين بالرابط المحدد,4,4,exercise_block; sub-items not separately identified,Source lesson activity linked to active B1.9 assessment item(s): DL-B1-09-Q06,source answer key retained; structured items and local self-check rubrics reviewed,catalogued; linked to active B1.9 assessment,Stable source-task ID; assessed through the linked B1.9 quiz/performance self-check. Works locally without generated audio.
DL-B1-09-T05,DL-B1-09-G01,B1,9,b1-09-travel-transport-environment,content/B1/lesson-09-travel-transport-environment.md,102,### تمرين 5 — فهم القراءة,5,5,exercise_block; sub-items not separately identified,Source lesson activity linked to active B1.9 assessment item(s): DL-B1-09-Q07; DL-B1-09-Q08,source answer key retained; structured items and local self-check rubrics reviewed,catalogued; linked to active B1.9 assessment,Stable source-task ID; assessed through the linked B1.9 quiz/performance self-check. Works locally without generated audio.
DL-B1-09-T06,DL-B1-09-G01,B1,9,b1-09-travel-transport-environment,content/B1/lesson-09-travel-transport-environment.md,112,### تمرين 6 — فهم الاستماع,6,6,exercise_block; sub-items not separately identified,Source lesson activity linked to active B1.9 assessment item(s): DL-B1-09-Q09; DL-B1-09-Q10,source answer key retained; structured items and local self-check rubrics reviewed,catalogued; linked to active B1.9 assessment,Stable source-task ID; assessed through the linked B1.9 quiz/performance self-check. Works locally without generated audio.
DL-B1-09-T07,DL-B1-09-G01,B1,9,b1-09-travel-transport-environment,content/B1/lesson-09-travel-transport-environment.md,116,### تمرين 7 — اختر الترتيب الأنسب,7,7,exercise_block; sub-items not separately identified,Source lesson activity linked to active B1.9 assessment item(s): DL-B1-09-Q05,source answer key retained; structured items and local self-check rubrics reviewed,catalogued; linked to active B1.9 assessment,Stable source-task ID; assessed through the linked B1.9 quiz/performance self-check. Works locally without generated audio.
DL-B1-09-T08,DL-B1-09-G01,B1,9,b1-09-travel-transport-environment,content/B1/lesson-09-travel-transport-environment.md,124,### تمرين 8 — خطّط رحلة قصيرة,8,8,exercise_block; sub-items not separately identified,Source lesson activity linked to active B1.9 assessment item(s): DL-B1-09-P01; DL-B1-09-P02,source answer key retained; structured items and local self-check rubrics reviewed,catalogued; linked to active B1.9 assessment,Stable source-task ID; assessed through the linked B1.9 quiz/performance self-check. Works locally without generated audio.
DL-B1-10-T01,DL-B1-10-G01,B1,10,b1-10-media-news-formal-communication,content/B1/lesson-10-media-news-formal-communication.md,86,### تمرين 1 — ميّز السؤال المباشر من غير المباشر,1,1,exercise_block; sub-items not separately identified,Source lesson activity linked to active B1.10 assessment item(s): DL-B1-10-Q01,source answer key retained; structured items and local self-check rubrics reviewed,catalogued; linked to active B1.10 assessment,Stable source-task ID; assessed through the linked B1.10 quiz/performance self-check. Works locally without generated audio.
DL-B1-10-T02,DL-B1-10-G01,B1,10,b1-10-media-news-formal-communication,content/B1/lesson-10-media-news-formal-communication.md,95,### تمرين 2 — أكمل بـob أو أداة السؤال المناسبة,2,2,exercise_block; sub-items not separately identified,Source lesson activity linked to active B1.10 assessment item(s): DL-B1-10-Q02; DL-B1-10-Q03,source answer key retained; structured items and local self-check rubrics reviewed,catalogued; linked to active B1.10 assessment,Stable source-task ID; assessed through the linked B1.10 quiz/performance self-check. Works locally without generated audio.
DL-B1-10-T03,DL-B1-10-G01,B1,10,b1-10-media-news-formal-communication,content/B1/lesson-10-media-news-formal-communication.md,102,### تمرين 3 — ضع الفعل المصرف في النهاية,3,3,exercise_block; sub-items not separately identified,Source lesson activity linked to active B1.10 assessment item(s): DL-B1-10-Q04,source answer key retained; structured items and local self-check rubrics reviewed,catalogued; linked to active B1.10 assessment,Stable source-task ID; assessed through the linked B1.10 quiz/performance self-check. Works locally without generated audio.
DL-B1-10-T04,DL-B1-10-G01,B1,10,b1-10-media-news-formal-communication,content/B1/lesson-10-media-news-formal-communication.md,108,### تمرين 4 — حوّل إلى سؤال غير مباشر مهذب,4,4,exercise_block; sub-items not separately identified,Source lesson activity linked to active B1.10 assessment item(s): DL-B1-10-Q05,source answer key retained; structured items and local self-check rubrics reviewed,catalogued; linked to active B1.10 assessment,Stable source-task ID; assessed through the linked B1.10 quiz/performance self-check. Works locally without generated audio.
DL-B1-10-T05,DL-B1-10-G01,B1,10,b1-10-media-news-formal-communication,content/B1/lesson-10-media-news-formal-communication.md,114,### تمرين 5 — فهم الرسالة,5,5,exercise_block; sub-items not separately identified,Source lesson activity linked to active B1.10 assessment item(s): DL-B1-10-Q07; DL-B1-10-Q08,source answer key retained; structured items and local self-check rubrics reviewed,catalogued; linked to active B1.10 assessment,Stable source-task ID; assessed through the linked B1.10 quiz/performance self-check. Works locally without generated audio.
DL-B1-10-T06,DL-B1-10-G01,B1,10,b1-10-media-news-formal-communication,content/B1/lesson-10-media-news-formal-communication.md,124,### تمرين 6 — فهم الاستماع,6,6,exercise_block; sub-items not separately identified,Source lesson activity linked to active B1.10 assessment item(s): DL-B1-10-Q09; DL-B1-10-Q10; DL-B1-10-P02,source answer key retained; structured items and local self-check rubrics reviewed,catalogued; linked to active B1.10 assessment,Stable source-task ID; assessed through the linked B1.10 quiz/performance self-check. Works locally without generated audio.
DL-B1-10-T07,DL-B1-10-G01,B1,10,b1-10-media-news-formal-communication,content/B1/lesson-10-media-news-formal-communication.md,128,### تمرين 7 — اختر علامة الترقيم المناسبة: نقطة أم استفهام؟,7,7,exercise_block; sub-items not separately identified,Source lesson activity linked to active B1.10 assessment item(s): DL-B1-10-Q06,source answer key retained; structured items and local self-check rubrics reviewed,catalogued; linked to active B1.10 assessment,Stable source-task ID; assessed through the linked B1.10 quiz/performance self-check. Works locally without generated audio.
DL-B1-10-T08,DL-B1-10-G01,B1,10,b1-10-media-news-formal-communication,content/B1/lesson-10-media-news-formal-communication.md,134,### تمرين 8 — اكتب استفسارًا رسميًا,8,8,exercise_block; sub-items not separately identified,Source lesson activity linked to active B1.10 assessment item(s): DL-B1-10-P01; DL-B1-10-P02,source answer key retained; structured items and local self-check rubrics reviewed,catalogued; linked to active B1.10 assessment,Stable source-task ID; assessed through the linked B1.10 quiz/performance self-check. Works locally without generated audio.
DL-B1-11-T01,DL-B1-11-G01,B1,11,b1-11-history-politics-passive-past,content/B1/lesson-11-history-politics-passive-past.md,81,### تمرين 1 — اختر wurde أو wurden,1,1,exercise_block; sub-items not separately identified,Source lesson activity linked to active B1.11 assessment item(s): DL-B1-11-Q01,source answer key retained; structured items and local self-check rubrics reviewed,catalogued; linked to active B1.11 assessment,Stable source-task ID; assessed through the linked B1.11 quiz/performance self-check. Works locally without generated audio.
DL-B1-11-T02,DL-B1-11-G01,B1,11,b1-11-history-politics-passive-past,content/B1/lesson-11-history-politics-passive-past.md,88,### تمرين 2 — أكمل Partizip II,2,2,exercise_block; sub-items not separately identified,Source lesson activity linked to active B1.11 assessment item(s): DL-B1-11-Q03,source answer key retained; structured items and local self-check rubrics reviewed,catalogued; linked to active B1.11 assessment,Stable source-task ID; assessed through the linked B1.11 quiz/performance self-check. Works locally without generated audio.
DL-B1-11-T03,DL-B1-11-G01,B1,11,b1-11-history-politics-passive-past,content/B1/lesson-11-history-politics-passive-past.md,95,### تمرين 3 — حوّل إلى المبني للمجهول في الماضي,3,3,exercise_block; sub-items not separately identified,Source lesson activity linked to active B1.11 assessment item(s): DL-B1-11-Q04; DL-B1-11-Q05,source answer key retained; structured items and local self-check rubrics reviewed,catalogued; linked to active B1.11 assessment,Stable source-task ID; assessed through the linked B1.11 quiz/performance self-check. Works locally without generated audio.
DL-B1-11-T04,DL-B1-11-G01,B1,11,b1-11-history-politics-passive-past,content/B1/lesson-11-history-politics-passive-past.md,101,### تمرين 4 — اختر الصيغة المناسبة,4,4,exercise_block; sub-items not separately identified,Source lesson activity linked to active B1.11 assessment item(s): DL-B1-11-Q02,source answer key retained; structured items and local self-check rubrics reviewed,catalogued; linked to active B1.11 assessment,Stable source-task ID; assessed through the linked B1.11 quiz/performance self-check. Works locally without generated audio.
DL-B1-11-T05,DL-B1-11-G01,B1,11,b1-11-history-politics-passive-past,content/B1/lesson-11-history-politics-passive-past.md,107,### تمرين 5 — فهم القراءة,5,5,exercise_block; sub-items not separately identified,Source lesson activity linked to active B1.11 assessment item(s): DL-B1-11-Q07; DL-B1-11-Q08,source answer key retained; structured items and local self-check rubrics reviewed,catalogued; linked to active B1.11 assessment,Stable source-task ID; assessed through the linked B1.11 quiz/performance self-check. Works locally without generated audio.
DL-B1-11-T06,DL-B1-11-G01,B1,11,b1-11-history-politics-passive-past,content/B1/lesson-11-history-politics-passive-past.md,117,### تمرين 6 — فهم الاستماع,6,6,exercise_block; sub-items not separately identified,Source lesson activity linked to active B1.11 assessment item(s): DL-B1-11-Q09; DL-B1-11-Q10; DL-B1-11-P02,source answer key retained; structured items and local self-check rubrics reviewed,catalogued; linked to active B1.11 assessment,Stable source-task ID; assessed through the linked B1.11 quiz/performance self-check. Works locally without generated audio.
DL-B1-11-T07,DL-B1-11-G01,B1,11,b1-11-history-politics-passive-past,content/B1/lesson-11-history-politics-passive-past.md,121,### تمرين 7 — ميّز المبني للمعلوم من المجهول,7,7,exercise_block; sub-items not separately identified,Source lesson activity linked to active B1.11 assessment item(s): DL-B1-11-Q06,source answer key retained; structured items and local self-check rubrics reviewed,catalogued; linked to active B1.11 assessment,Stable source-task ID; assessed through the linked B1.11 quiz/performance self-check. Works locally without generated audio.
DL-B1-11-T08,DL-B1-11-G01,B1,11,b1-11-history-politics-passive-past,content/B1/lesson-11-history-politics-passive-past.md,130,### تمرين 8 — اكتب خطًّا زمنيًا خياليًا,8,8,exercise_block; sub-items not separately identified,Source lesson activity linked to active B1.11 assessment item(s): DL-B1-11-P01; DL-B1-11-P02,source answer key retained; structured items and local self-check rubrics reviewed,catalogued; linked to active B1.11 assessment,Stable source-task ID; assessed through the linked B1.11 quiz/performance self-check. Works locally without generated audio.
DL-B1-12-T01,DL-B1-12-G01,B1,12,b1-12-innovation-research-future,content/B1/lesson-12-innovation-research-future.md,87,### تمرين 1 — اختر المفردة المناسبة,1,1,exercise_block; sub-items not separately identified,Source lesson activity linked to active B1.12 assessment item(s): DL-B1-12-Q01,source answer key retained; structured items and local self-check rubrics reviewed,catalogued; linked to active B1.12 assessment,Stable source-task ID; assessed through the linked B1.12 quiz/performance self-check. Works locally without generated audio.
DL-B1-12-T02,DL-B1-12-G01,B1,12,b1-12-innovation-research-future,content/B1/lesson-12-innovation-research-future.md,94,### تمرين 2 — أكمل صيغة werden,2,2,exercise_block; sub-items not separately identified,Source lesson activity linked to active B1.12 assessment item(s): DL-B1-12-Q02,source answer key retained; structured items and local self-check rubrics reviewed,catalogued; linked to active B1.12 assessment,Stable source-task ID; assessed through the linked B1.12 quiz/performance self-check. Works locally without generated audio.
DL-B1-12-T03,DL-B1-12-G01,B1,12,b1-12-innovation-research-future,content/B1/lesson-12-innovation-research-future.md,102,### تمرين 3 — ضع المصدر في نهاية الجملة,3,3,exercise_block; sub-items not separately identified,Source lesson activity linked to active B1.12 assessment item(s): DL-B1-12-Q03,source answer key retained; structured items and local self-check rubrics reviewed,catalogued; linked to active B1.12 assessment,Stable source-task ID; assessed through the linked B1.12 quiz/performance self-check. Works locally without generated audio.
DL-B1-12-T04,DL-B1-12-G01,B1,12,b1-12-innovation-research-future,content/B1/lesson-12-innovation-research-future.md,108,### تمرين 4 — أضف كلمة التوقّع في المكان المناسب,4,4,exercise_block; sub-items not separately identified,Source lesson activity linked to active B1.12 assessment item(s): DL-B1-12-Q04,source answer key retained; structured items and local self-check rubrics reviewed,catalogued; linked to active B1.12 assessment,Stable source-task ID; assessed through the linked B1.12 quiz/performance self-check. Works locally without generated audio.
DL-B1-12-T05,DL-B1-12-G01,B1,12,b1-12-innovation-research-future,content/B1/lesson-12-innovation-research-future.md,116,### تمرين 5 — فهم القراءة,5,5,exercise_block; sub-items not separately identified,Source lesson activity linked to active B1.12 assessment item(s): DL-B1-12-Q05; DL-B1-12-Q06,source answer key retained; structured items and local self-check rubrics reviewed,catalogued; linked to active B1.12 assessment,Stable source-task ID; assessed through the linked B1.12 quiz/performance self-check. Works locally without generated audio.
DL-B1-12-T06,DL-B1-12-G01,B1,12,b1-12-innovation-research-future,content/B1/lesson-12-innovation-research-future.md,126,### تمرين 6 — فهم الاستماع,6,6,exercise_block; sub-items not separately identified,Source lesson activity linked to active B1.12 assessment item(s): DL-B1-12-Q07; DL-B1-12-Q08; DL-B1-12-P02,source answer key retained; structured items and local self-check rubrics reviewed,catalogued; linked to active B1.12 assessment,Stable source-task ID; assessed through the linked B1.12 quiz/performance self-check. Works locally without generated audio.
DL-B1-12-T07,DL-B1-12-G01,B1,12,b1-12-innovation-research-future,content/B1/lesson-12-innovation-research-future.md,130,### تمرين 7 — ميّز بين Futur I والمبني للمجهول في المضارع,7,7,exercise_block; sub-items not separately identified,Source lesson activity linked to active B1.12 assessment item(s): DL-B1-12-Q09; DL-B1-12-Q10,source answer key retained; structured items and local self-check rubrics reviewed,catalogued; linked to active B1.12 assessment,Stable source-task ID; assessed through the linked B1.12 quiz/performance self-check. Works locally without generated audio.
DL-B1-12-T08,DL-B1-12-G01,B1,12,b1-12-innovation-research-future,content/B1/lesson-12-innovation-research-future.md,139,### تمرين 8 — توقّع ابتكارًا,8,8,exercise_block; sub-items not separately identified,Source lesson activity linked to active B1.12 assessment item(s): DL-B1-12-P01; DL-B1-12-P02,source answer key retained; structured items and local self-check rubrics reviewed,catalogued; linked to active B1.12 assessment,Stable source-task ID; assessed through the linked B1.12 quiz/performance self-check. Works locally without generated audio.
DL-B2-01-T01,DL-B2-01-G01,B2,1,b2-01-time-management-habits-reading,content/B2/lesson-01-time-management-habits-reading.md,76,### تمرين 1 — اختر المفردة المناسبة,1,1,exercise_block; sub-items not separately identified,Source lesson activity linked to active B2.1 assessment item(s): DL-B2-01-Q01,source answer key retained; structured items and local self-check rubrics reviewed,catalogued; linked to active B2.1 assessment,Stable source-task ID; assessed through the linked B2.1 quiz/performance self-check. Works locally without generated audio.
DL-B2-01-T02,DL-B2-01-G01,B2,1,b2-01-time-management-habits-reading,content/B2/lesson-01-time-management-habits-reading.md,83,"### تمرين 2 — أكمل بـindem أو dadurch, dass",2,2,exercise_block; sub-items not separately identified,Source lesson activity linked to active B2.1 assessment item(s): DL-B2-01-Q02,source answer key retained; structured items and local self-check rubrics reviewed,catalogued; linked to active B2.1 assessment,Stable source-task ID; assessed through the linked B2.1 quiz/performance self-check. Works locally without generated audio.
DL-B2-01-T03,DL-B2-01-G01,B2,1,b2-01-time-management-habits-reading,content/B2/lesson-01-time-management-habits-reading.md,89,### تمرين 3 — ضع الفعل في نهاية الجملة التابعة,3,3,exercise_block; sub-items not separately identified,Source lesson activity linked to active B2.1 assessment item(s): DL-B2-01-Q03,source answer key retained; structured items and local self-check rubrics reviewed,catalogued; linked to active B2.1 assessment,Stable source-task ID; assessed through the linked B2.1 quiz/performance self-check. Works locally without generated audio.
DL-B2-01-T04,DL-B2-01-G01,B2,1,b2-01-time-management-habits-reading,content/B2/lesson-01-time-management-habits-reading.md,95,### تمرين 4 — طريقة أم غاية؟,4,4,exercise_block; sub-items not separately identified,Source lesson activity linked to active B2.1 assessment item(s): DL-B2-01-Q04,source answer key retained; structured items and local self-check rubrics reviewed,catalogued; linked to active B2.1 assessment,Stable source-task ID; assessed through the linked B2.1 quiz/performance self-check. Works locally without generated audio.
DL-B2-01-T05,DL-B2-01-G01,B2,1,b2-01-time-management-habits-reading,content/B2/lesson-01-time-management-habits-reading.md,103,### تمرين 5 — فهم القراءة,5,5,exercise_block; sub-items not separately identified,Source lesson activity linked to active B2.1 assessment item(s): DL-B2-01-Q05; DL-B2-01-Q06,source answer key retained; structured items and local self-check rubrics reviewed,catalogued; linked to active B2.1 assessment,Stable source-task ID; assessed through the linked B2.1 quiz/performance self-check. Works locally without generated audio.
DL-B2-01-T06,DL-B2-01-G01,B2,1,b2-01-time-management-habits-reading,content/B2/lesson-01-time-management-habits-reading.md,113,### تمرين 6 — فهم الاستماع,6,6,exercise_block; sub-items not separately identified,Source lesson activity linked to active B2.1 assessment item(s): DL-B2-01-Q07; DL-B2-01-Q08; DL-B2-01-P02,source answer key retained; structured items and local self-check rubrics reviewed,catalogued; linked to active B2.1 assessment,Stable source-task ID; assessed through the linked B2.1 quiz/performance self-check. Works locally without generated audio.
DL-B2-01-T07,DL-B2-01-G01,B2,1,b2-01-time-management-habits-reading,content/B2/lesson-01-time-management-habits-reading.md,117,### تمرين 7 — ادمج الجملتين باستخدام التركيب المحدد,7,7,exercise_block; sub-items not separately identified,Source lesson activity linked to active B2.1 assessment item(s): DL-B2-01-Q09; DL-B2-01-Q10,source answer key retained; structured items and local self-check rubrics reviewed,catalogued; linked to active B2.1 assessment,Stable source-task ID; assessed through the linked B2.1 quiz/performance self-check. Works locally without generated audio.
DL-B2-01-T08,DL-B2-01-G01,B2,1,b2-01-time-management-habits-reading,content/B2/lesson-01-time-management-habits-reading.md,122,### تمرين 8 — صِف طريقة تناسبك,8,8,exercise_block; sub-items not separately identified,Source lesson activity linked to active B2.1 assessment item(s): DL-B2-01-P01; DL-B2-01-P02,source answer key retained; structured items and local self-check rubrics reviewed,catalogued; linked to active B2.1 assessment,"Stable source-task ID linked to P01 and P02. Requires a 5–7 sentence written paragraph or equivalent oral explanation with one method link (indem or dadurch, dass) and one purpose link (um … zu); solo learners may write and read aloud without recording. Local self-check; no generated audio."
DL-B2-02-T01,DL-B2-02-G01,B2,2,b2-02-career-formal-communication-konjunktiv1,content/B2/lesson-02-career-formal-communication-konjunktiv1.md,88,### تمرين 1 — اختر صيغة Konjunktiv I المناسبة,1,1,exercise_block; sub-items not separately identified,Source exercise covered by active B2.2 assessment item(s): DL-B2-02-Q01; bundled in data/course.json,source answer key present; structured assessment answers and Arabic explanations reviewed,catalogued; covered by active B2.2 assessment,Stable source-task ID retained and linked to DL-B2-02-G01 and DL-B2-02-Q01. Assessment does not depend on generated audio.
DL-B2-02-T02,DL-B2-02-G01,B2,2,b2-02-career-formal-communication-konjunktiv1,content/B2/lesson-02-career-formal-communication-konjunktiv1.md,95,### تمرين 2 — حوّل الكلام المباشر إلى منقول,2,2,exercise_block; sub-items not separately identified,"Source exercise covered by active B2.2 assessment item(s): DL-B2-02-Q02, DL-B2-02-Q10; bundled in data/course.json",source answer key present; structured assessment answers and Arabic explanations reviewed,catalogued; covered by active B2.2 assessment,"Stable source-task ID retained and linked to DL-B2-02-G01 and DL-B2-02-Q02, DL-B2-02-Q10. Assessment does not depend on generated audio."
DL-B2-02-T03,DL-B2-02-G01,B2,2,b2-02-career-formal-communication-konjunktiv1,content/B2/lesson-02-career-formal-communication-konjunktiv1.md,101,### تمرين 3 — أكمل بصيغة الفعل المناسبة في الجملة المنقولة,3,3,exercise_block; sub-items not separately identified,Source exercise covered by active B2.2 assessment item(s): DL-B2-02-Q03; bundled in data/course.json,source answer key present; structured assessment answers and Arabic explanations reviewed,catalogued; covered by active B2.2 assessment,Stable source-task ID retained and linked to DL-B2-02-G01 and DL-B2-02-Q03. Assessment does not depend on generated audio.
DL-B2-02-T04,DL-B2-02-G01,B2,2,b2-02-career-formal-communication-konjunktiv1,content/B2/lesson-02-career-formal-communication-konjunktiv1.md,107,### تمرين 4 — ميّز بين الاقتباس والكلام المنقول,4,4,exercise_block; sub-items not separately identified,Source exercise covered by active B2.2 assessment item(s): DL-B2-02-Q04; bundled in data/course.json,source answer key present; structured assessment answers and Arabic explanations reviewed,catalogued; covered by active B2.2 assessment,Stable source-task ID retained and linked to DL-B2-02-G01 and DL-B2-02-Q04. Assessment does not depend on generated audio.
DL-B2-02-T05,DL-B2-02-G01,B2,2,b2-02-career-formal-communication-konjunktiv1,content/B2/lesson-02-career-formal-communication-konjunktiv1.md,116,### تمرين 5 — فهم الملخّص,5,5,exercise_block; sub-items not separately identified,"Source exercise covered by active B2.2 assessment item(s): DL-B2-02-Q05, DL-B2-02-Q06; bundled in data/course.json",source answer key present; structured assessment answers and Arabic explanations reviewed,catalogued; covered by active B2.2 assessment,"Stable source-task ID retained and linked to DL-B2-02-G01 and DL-B2-02-Q05, DL-B2-02-Q06. Assessment does not depend on generated audio."
DL-B2-02-T06,DL-B2-02-G01,B2,2,b2-02-career-formal-communication-konjunktiv1,content/B2/lesson-02-career-formal-communication-konjunktiv1.md,126,### تمرين 6 — فهم الاستماع,6,6,exercise_block; sub-items not separately identified,"Source exercise covered by active B2.2 assessment item(s): DL-B2-02-Q07, DL-B2-02-Q08, DL-B2-02-P02; bundled in data/course.json",source answer key present; structured assessment answers and Arabic explanations reviewed,catalogued; covered by active B2.2 assessment,"Stable source-task ID retained and linked to DL-B2-02-G01 and DL-B2-02-Q07, DL-B2-02-Q08, DL-B2-02-P02. Assessment does not depend on generated audio."
DL-B2-02-T07,DL-B2-02-G01,B2,2,b2-02-career-formal-communication-konjunktiv1,content/B2/lesson-02-career-formal-communication-konjunktiv1.md,130,### تمرين 7 — أكمل الملخّص بصيغة منقولة,7,7,exercise_block; sub-items not separately identified,Source exercise covered by active B2.2 assessment item(s): DL-B2-02-Q09; bundled in data/course.json,source answer key present; structured assessment answers and Arabic explanations reviewed,catalogued; covered by active B2.2 assessment,Stable source-task ID retained and linked to DL-B2-02-G01 and DL-B2-02-Q09. Assessment does not depend on generated audio.
DL-B2-02-T08,DL-B2-02-G01,B2,2,b2-02-career-formal-communication-konjunktiv1,content/B2/lesson-02-career-formal-communication-konjunktiv1.md,138,### تمرين 8 — اكتب أو قدّم ملخّصًا مهنيًا قصيرًا,8,8,exercise_block; sub-items not separately identified,Source lesson activity linked to active B2.2 assessment item(s): DL-B2-02-P01; DL-B2-02-P02,source answer key retained; structured items and local self-check rubrics reviewed,catalogued; linked to active B2.2 assessment,Stable source-task ID linked to P01 and P02. T08 offers a 4–6 sentence written summary or oral presentation with four attributed statements and two or more Konjunktiv I forms; Konjunktiv II may clarify a plural overlap. Solo learners write and read aloud without recording. Local self-check; no generated audio.
DL-B2-03-T01,DL-B2-03-G01,B2,3,b2-03-consumption-environment-passive-modal,content/B2/lesson-03-consumption-environment-passive-modal.md,82,### تمرين 1 — اختر المفردة المناسبة,1,1,exercise_block; sub-items not separately identified,Source exercise covered by active B2.3 assessment item(s): Q01; bundled in data/course.json,present in source lesson,catalogued; covered by active B2.3 assessment,Stable source-task ID retained and linked to DL-B2-03-G01 and Q01. Assessment does not depend on generated audio.
DL-B2-03-T02,DL-B2-03-G01,B2,3,b2-03-consumption-environment-passive-modal,content/B2/lesson-03-consumption-environment-passive-modal.md,89,### تمرين 2 — أكمل الفعل الناقص بصيغة المبني للمجهول,2,2,exercise_block; sub-items not separately identified,Source exercise covered by active B2.3 assessment item(s): Q02; bundled in data/course.json,present in source lesson,catalogued; covered by active B2.3 assessment,Stable source-task ID retained and linked to DL-B2-03-G01 and Q02. Assessment does not depend on generated audio.
DL-B2-03-T03,DL-B2-03-G01,B2,3,b2-03-consumption-environment-passive-modal,content/B2/lesson-03-consumption-environment-passive-modal.md,96,### تمرين 3 — رتّب مكوّنات الفعل في نهاية الجملة,3,3,exercise_block; sub-items not separately identified,Source exercise covered by active B2.3 assessment item(s): Q03; bundled in data/course.json,present in source lesson,catalogued; covered by active B2.3 assessment,Stable source-task ID retained and linked to DL-B2-03-G01 and Q03. Assessment does not depend on generated audio.
DL-B2-03-T04,DL-B2-03-G01,B2,3,b2-03-consumption-environment-passive-modal,content/B2/lesson-03-consumption-environment-passive-modal.md,102,### تمرين 4 — حوّل من المعلوم إلى المجهول مع فعل ناقص,4,4,exercise_block; sub-items not separately identified,"Source exercise covered by active B2.3 assessment item(s): Q04, Q05; bundled in data/course.json",present in source lesson,catalogued; covered by active B2.3 assessment,"Stable source-task ID retained and linked to DL-B2-03-G01 and Q04, Q05. Assessment does not depend on generated audio."
DL-B2-03-T05,DL-B2-03-G01,B2,3,b2-03-consumption-environment-passive-modal,content/B2/lesson-03-consumption-environment-passive-modal.md,108,### تمرين 5 — فهم القراءة,5,5,exercise_block; sub-items not separately identified,"Source exercise covered by active B2.3 assessment item(s): Q06, Q07; bundled in data/course.json",present in source lesson,catalogued; covered by active B2.3 assessment,"Stable source-task ID retained and linked to DL-B2-03-G01 and Q06, Q07. Assessment does not depend on generated audio."
DL-B2-03-T06,DL-B2-03-G01,B2,3,b2-03-consumption-environment-passive-modal,content/B2/lesson-03-consumption-environment-passive-modal.md,118,### تمرين 6 — فهم الاستماع,6,6,exercise_block; sub-items not separately identified,"Source exercise covered by active B2.3 assessment item(s): Q08, Q09, P02; bundled in data/course.json",present in source lesson,catalogued; covered by active B2.3 assessment,"Stable source-task ID retained and linked to DL-B2-03-G01 and Q08, Q09, P02. Assessment does not depend on generated audio."
DL-B2-03-T07,DL-B2-03-G01,B2,3,b2-03-consumption-environment-passive-modal,content/B2/lesson-03-consumption-environment-passive-modal.md,122,### تمرين 7 — اختر الفعل الناقص الأنسب,7,7,exercise_block; sub-items not separately identified,Source exercise covered by active B2.3 assessment item(s): Q10; bundled in data/course.json,present in source lesson,catalogued; covered by active B2.3 assessment,Stable source-task ID retained and linked to DL-B2-03-G01 and Q10. Assessment does not depend on generated audio.
DL-B2-03-T08,DL-B2-03-G01,B2,3,b2-03-consumption-environment-passive-modal,content/B2/lesson-03-consumption-environment-passive-modal.md,130,### تمرين 8 — اكتب أو اعرض شفهيًا إجراءً بيئيًا,8,8,exercise_block; sub-items not separately identified,"Source exercise covered by active B2.3 assessment item(s): P01, P02; bundled in data/course.json",present in source lesson,catalogued; covered by active B2.3 assessment,"Stable source-task ID linked to P01 and P02. T08 offers five or more written German sentences or an equivalent five-sentence oral presentation, at least two passive-with-modal clauses, and a reusable or repair option. Solo learners write and read aloud without recording. Local self-check; no generated audio."
DL-B2-03-Q01,DL-B2-03-G01,B2,3,b2-03-consumption-environment-passive-modal,content/B2/lesson-03-consumption-environment-passive-modal.assessment.json,,quiz[0] — DL-B2-03-Q01,1,1,individual structured assessment question,Ready local B2.3 assessment question; bundled in data/course.json,answer key and short Arabic explanation reviewed,ready; active local assessment question,Stable assessment ID linked to DL-B2-03-T01 and DL-B2-03-G01. Answer and Arabic explanation reviewed; works without generated audio.
DL-B2-03-Q02,DL-B2-03-G01,B2,3,b2-03-consumption-environment-passive-modal,content/B2/lesson-03-consumption-environment-passive-modal.assessment.json,,quiz[1] — DL-B2-03-Q02,2,2,individual structured assessment question,Ready local B2.3 assessment question; bundled in data/course.json,answer key and short Arabic explanation reviewed,ready; active local assessment question,Stable assessment ID linked to DL-B2-03-T02 and DL-B2-03-G01. Answer and Arabic explanation reviewed; works without generated audio.
DL-B2-03-Q03,DL-B2-03-G01,B2,3,b2-03-consumption-environment-passive-modal,content/B2/lesson-03-consumption-environment-passive-modal.assessment.json,,quiz[2] — DL-B2-03-Q03,3,3,individual structured assessment question,Ready local B2.3 assessment question; bundled in data/course.json,answer key and short Arabic explanation reviewed,ready; active local assessment question,Stable assessment ID linked to DL-B2-03-T03 and DL-B2-03-G01. Answer and Arabic explanation reviewed; works without generated audio.
DL-B2-03-Q04,DL-B2-03-G01,B2,3,b2-03-consumption-environment-passive-modal,content/B2/lesson-03-consumption-environment-passive-modal.assessment.json,,quiz[3] — DL-B2-03-Q04,4,4,individual structured assessment question,Ready local B2.3 assessment question; bundled in data/course.json,answer key and short Arabic explanation reviewed,ready; active local assessment question,Stable assessment ID linked to DL-B2-03-T04 and DL-B2-03-G01. Answer and Arabic explanation reviewed; works without generated audio.
DL-B2-03-Q05,DL-B2-03-G01,B2,3,b2-03-consumption-environment-passive-modal,content/B2/lesson-03-consumption-environment-passive-modal.assessment.json,,quiz[4] — DL-B2-03-Q05,5,4,individual structured assessment question,Ready local B2.3 assessment question; bundled in data/course.json,answer key and short Arabic explanation reviewed,ready; active local assessment question,Stable assessment ID linked to DL-B2-03-T04 and DL-B2-03-G01. Answer and Arabic explanation reviewed; works without generated audio.
DL-B2-03-Q06,DL-B2-03-G01,B2,3,b2-03-consumption-environment-passive-modal,content/B2/lesson-03-consumption-environment-passive-modal.assessment.json,,quiz[5] — DL-B2-03-Q06,6,5,individual structured assessment question,Ready local B2.3 assessment question; bundled in data/course.json,answer key and short Arabic explanation reviewed,ready; active local assessment question,Stable assessment ID linked to DL-B2-03-T05 and DL-B2-03-G01. Answer and Arabic explanation reviewed; works without generated audio.
DL-B2-03-Q07,DL-B2-03-G01,B2,3,b2-03-consumption-environment-passive-modal,content/B2/lesson-03-consumption-environment-passive-modal.assessment.json,,quiz[6] — DL-B2-03-Q07,7,5,individual structured assessment question,Ready local B2.3 assessment question; bundled in data/course.json,answer key and short Arabic explanation reviewed,ready; active local assessment question,Stable assessment ID linked to DL-B2-03-T05 and DL-B2-03-G01. Answer and Arabic explanation reviewed; works without generated audio.
DL-B2-03-Q08,DL-B2-03-G01,B2,3,b2-03-consumption-environment-passive-modal,content/B2/lesson-03-consumption-environment-passive-modal.assessment.json,,quiz[7] — DL-B2-03-Q08,8,6,individual structured assessment question,Ready local B2.3 assessment question; bundled in data/course.json,answer key and short Arabic explanation reviewed,ready; active local assessment question,Stable assessment ID linked to DL-B2-03-T06 and DL-B2-03-G01. Answer and Arabic explanation reviewed; works without generated audio.
DL-B2-03-Q09,DL-B2-03-G01,B2,3,b2-03-consumption-environment-passive-modal,content/B2/lesson-03-consumption-environment-passive-modal.assessment.json,,quiz[8] — DL-B2-03-Q09,9,6,individual structured assessment question,Ready local B2.3 assessment question; bundled in data/course.json,answer key and short Arabic explanation reviewed,ready; active local assessment question,Stable assessment ID linked to DL-B2-03-T06 and DL-B2-03-G01. Answer and Arabic explanation reviewed; works without generated audio.
DL-B2-03-Q10,DL-B2-03-G01,B2,3,b2-03-consumption-environment-passive-modal,content/B2/lesson-03-consumption-environment-passive-modal.assessment.json,,quiz[9] — DL-B2-03-Q10,10,7,individual structured assessment question,Ready local B2.3 assessment question; bundled in data/course.json,answer key and short Arabic explanation reviewed,ready; active local assessment question,Stable assessment ID linked to DL-B2-03-T07 and DL-B2-03-G01. Answer and Arabic explanation reviewed; works without generated audio.
DL-B2-03-P01,DL-B2-03-G01,B2,3,b2-03-consumption-environment-passive-modal,content/B2/lesson-03-consumption-environment-passive-modal.assessment.json,,performanceTasks[0] — DL-B2-03-P01,1,8,performance assessment task,Active B2.3 performance task; response saved locally with self-check rubric in app,local self-check rubric ready; no audio recording or external evaluator,ready; active local performance self-check,"Stable ID linked to DL-B2-03-T08 and DL-B2-03-G01; visible local self-check rubric. Five or more German sentences with three context-appropriate measures, including at least one reuse/repair option and at least two passive-with-modal forms. Solo written-and-read-aloud option; no recording, generated audio, or automated correction."
DL-B2-03-P02,DL-B2-03-G01,B2,3,b2-03-consumption-environment-passive-modal,content/B2/lesson-03-consumption-environment-passive-modal.assessment.json,,performanceTasks[1] — DL-B2-03-P02,2,6;8,performance assessment task,Active B2.3 performance task; response saved locally with self-check rubric in app,local self-check rubric ready; no audio recording or external evaluator,ready; active local performance self-check,"Stable ID linked to DL-B2-03-T06, DL-B2-03-T08 and DL-B2-03-G01; visible local self-check rubric. Five–six sentence briefing from the written listening script with at least three sourced details, one next step, and at least two passive-with-modal forms. Solo written-and-read-aloud option; no recording, MP3, generated audio, or automated correction."
DL-B2-04-T01,DL-B2-04-G01,B2,4,b2-04-cities-housing-participles,content/B2/lesson-04-cities-housing-participles.md,85,### تمرين 1 — اختر المفردة المناسبة,1,1,exercise_block; sub-items not separately identified,Source exercise covered by active B2.4 assessment item(s): Q01; bundled in data/course.json,present in source lesson,catalogued; covered by active B2.4 assessment,Stable source-task ID retained and linked to DL-B2-04-G01 and Q01. Assessment does not depend on generated audio.
DL-B2-04-T02,DL-B2-04-G01,B2,4,b2-04-cities-housing-participles,content/B2/lesson-04-cities-housing-participles.md,92,### تمرين 2 — حوّل العبارة إلى Partizip مناسب,2,2,exercise_block; sub-items not separately identified,"Source exercise covered by active B2.4 assessment item(s): Q02, Q03; bundled in data/course.json",present in source lesson,catalogued; covered by active B2.4 assessment,"Stable source-task ID retained and linked to DL-B2-04-G01 and Q02, Q03. Assessment does not depend on generated audio."
DL-B2-04-T03,DL-B2-04-G01,B2,4,b2-04-cities-housing-participles,content/B2/lesson-04-cities-housing-participles.md,99,### تمرين 3 — أكمل نهاية الصفة,3,3,exercise_block; sub-items not separately identified,"Source exercise covered by active B2.4 assessment item(s): Q04, Q05; bundled in data/course.json",present in source lesson,catalogued; covered by active B2.4 assessment,"Stable source-task ID retained and linked to DL-B2-04-G01 and Q04, Q05. Assessment does not depend on generated audio."
DL-B2-04-T04,DL-B2-04-G01,B2,4,b2-04-cities-housing-participles,content/B2/lesson-04-cities-housing-participles.md,106,### تمرين 4 — حدّد Partizip I أم Partizip II,4,4,exercise_block; sub-items not separately identified,Source exercise covered by active B2.4 assessment item(s): Q06; bundled in data/course.json,present in source lesson,catalogued; covered by active B2.4 assessment,Stable source-task ID retained and linked to DL-B2-04-G01 and Q06. Assessment does not depend on generated audio.
DL-B2-04-T05,DL-B2-04-G01,B2,4,b2-04-cities-housing-participles,content/B2/lesson-04-cities-housing-participles.md,113,### تمرين 5 — فهم القراءة,5,5,exercise_block; sub-items not separately identified,"Source exercise covered by active B2.4 assessment item(s): Q07, Q08, P02; bundled in data/course.json",present in source lesson,catalogued; covered by active B2.4 assessment,"Stable source-task ID retained and linked to DL-B2-04-G01, Q07, Q08 and P02. Questions and P02 use the fictional reading text; no external housing data or generated audio is required."
DL-B2-04-T06,DL-B2-04-G01,B2,4,b2-04-cities-housing-participles,content/B2/lesson-04-cities-housing-participles.md,123,### تمرين 6 — فهم الاستماع,6,6,exercise_block; sub-items not separately identified,Source exercise covered by active B2.4 assessment item(s): Q09; bundled in data/course.json,present in source lesson,catalogued; covered by active B2.4 assessment,Stable source-task ID retained and linked to DL-B2-04-G01 and Q09. The written script remains available; the assessment does not require MP3 playback.
DL-B2-04-T07,DL-B2-04-G01,B2,4,b2-04-cities-housing-participles,content/B2/lesson-04-cities-housing-participles.md,127,### تمرين 7 — اختصر الجملة باستخدام صفة مشتقة من Partizip,7,7,exercise_block; sub-items not separately identified,Source exercise covered by active B2.4 assessment item(s): Q10; bundled in data/course.json,present in source lesson,catalogued; covered by active B2.4 assessment,Stable source-task ID retained and linked to DL-B2-04-G01 and Q10. Assessment does not depend on generated audio.
DL-B2-04-T08,DL-B2-04-G01,B2,4,b2-04-cities-housing-participles,content/B2/lesson-04-cities-housing-participles.md,133,### تمرين 8 — اكتب أو اعرض شفهيًا وصفًا لمبنى أو حيّ,8,8,exercise_block; sub-items not separately identified,"Source exercise covered by active B2.4 assessment item(s): P01, P02; bundled in data/course.json",present in source lesson,catalogued; covered by active B2.4 assessment,Stable source-task ID linked to P01 and P02. T08 permits five or more written German sentences or an equivalent five-sentence oral presentation using at least one Partizip I and one Partizip II adjective. Solo learners write and read aloud without recording. No real housing data or generated audio.
DL-B2-04-Q01,DL-B2-04-G01,B2,4,b2-04-cities-housing-participles,content/B2/lesson-04-cities-housing-participles.assessment.json,,quiz[0] — DL-B2-04-Q01,1,1,individual structured assessment question,Ready local B2.4 assessment question; bundled in data/course.json,answer key and short Arabic explanation reviewed,ready; active local assessment question,Stable assessment ID linked to DL-B2-04-T01 and DL-B2-04-G01. Answer and Arabic explanation reviewed; works without generated audio.
DL-B2-04-Q02,DL-B2-04-G01,B2,4,b2-04-cities-housing-participles,content/B2/lesson-04-cities-housing-participles.assessment.json,,quiz[1] — DL-B2-04-Q02,2,2,individual structured assessment question,Ready local B2.4 assessment question; bundled in data/course.json,answer key and short Arabic explanation reviewed,ready; active local assessment question,Stable assessment ID linked to DL-B2-04-T02 and DL-B2-04-G01. Answer and Arabic explanation reviewed; works without generated audio.
DL-B2-04-Q03,DL-B2-04-G01,B2,4,b2-04-cities-housing-participles,content/B2/lesson-04-cities-housing-participles.assessment.json,,quiz[2] — DL-B2-04-Q03,3,2,individual structured assessment question,Ready local B2.4 assessment question; bundled in data/course.json,answer key and short Arabic explanation reviewed,ready; active local assessment question,Stable assessment ID linked to DL-B2-04-T02 and DL-B2-04-G01. Answer and Arabic explanation reviewed; works without generated audio.
DL-B2-04-Q04,DL-B2-04-G01,B2,4,b2-04-cities-housing-participles,content/B2/lesson-04-cities-housing-participles.assessment.json,,quiz[3] — DL-B2-04-Q04,4,3,individual structured assessment question,Ready local B2.4 assessment question; bundled in data/course.json,answer key and short Arabic explanation reviewed,ready; active local assessment question,Stable assessment ID linked to DL-B2-04-T03 and DL-B2-04-G01. Answer and Arabic explanation reviewed; works without generated audio.
DL-B2-04-Q05,DL-B2-04-G01,B2,4,b2-04-cities-housing-participles,content/B2/lesson-04-cities-housing-participles.assessment.json,,quiz[4] — DL-B2-04-Q05,5,3,individual structured assessment question,Ready local B2.4 assessment question; bundled in data/course.json,answer key and short Arabic explanation reviewed,ready; active local assessment question,Stable assessment ID linked to DL-B2-04-T03 and DL-B2-04-G01. Answer and Arabic explanation reviewed; works without generated audio.
DL-B2-04-Q06,DL-B2-04-G01,B2,4,b2-04-cities-housing-participles,content/B2/lesson-04-cities-housing-participles.assessment.json,,quiz[5] — DL-B2-04-Q06,6,4,individual structured assessment question,Ready local B2.4 assessment question; bundled in data/course.json,answer key and short Arabic explanation reviewed,ready; active local assessment question,Stable assessment ID linked to DL-B2-04-T04 and DL-B2-04-G01. Answer and Arabic explanation reviewed; works without generated audio.
DL-B2-04-Q07,DL-B2-04-G01,B2,4,b2-04-cities-housing-participles,content/B2/lesson-04-cities-housing-participles.assessment.json,,quiz[6] — DL-B2-04-Q07,7,5,individual structured assessment question,Ready local B2.4 assessment question; bundled in data/course.json,answer key and short Arabic explanation reviewed,ready; active local assessment question,Stable assessment ID linked to DL-B2-04-T05 and DL-B2-04-G01. Answer and Arabic explanation reviewed; works without generated audio.
DL-B2-04-Q08,DL-B2-04-G01,B2,4,b2-04-cities-housing-participles,content/B2/lesson-04-cities-housing-participles.assessment.json,,quiz[7] — DL-B2-04-Q08,8,5,individual structured assessment question,Ready local B2.4 assessment question; bundled in data/course.json,answer key and short Arabic explanation reviewed,ready; active local assessment question,Stable assessment ID linked to DL-B2-04-T05 and DL-B2-04-G01. Answer and Arabic explanation reviewed; works without generated audio.
DL-B2-04-Q09,DL-B2-04-G01,B2,4,b2-04-cities-housing-participles,content/B2/lesson-04-cities-housing-participles.assessment.json,,quiz[8] — DL-B2-04-Q09,9,6,individual structured assessment question,Ready local B2.4 assessment question; bundled in data/course.json,answer key and short Arabic explanation reviewed,ready; active local assessment question,Stable assessment ID linked to DL-B2-04-T06 and DL-B2-04-G01. Answer and Arabic explanation reviewed; works without generated audio.
DL-B2-04-Q10,DL-B2-04-G01,B2,4,b2-04-cities-housing-participles,content/B2/lesson-04-cities-housing-participles.assessment.json,,quiz[9] — DL-B2-04-Q10,10,7,individual structured assessment question,Ready local B2.4 assessment question; bundled in data/course.json,answer key and short Arabic explanation reviewed,ready; active local assessment question,Stable assessment ID linked to DL-B2-04-T07 and DL-B2-04-G01. Answer and Arabic explanation reviewed; works without generated audio.
DL-B2-04-P01,DL-B2-04-G01,B2,4,b2-04-cities-housing-participles,content/B2/lesson-04-cities-housing-participles.assessment.json,,performanceTasks[0] — DL-B2-04-P01,1,8,performance assessment task,Active B2.4 performance task; response saved locally with self-check rubric in app,local self-check rubric ready; no audio recording or external evaluator,ready; active local performance self-check,"Stable ID linked to DL-B2-04-T08 and DL-B2-04-G01; five–six sentence fictional building/neighborhood description with at least one adjective from each participle type and correctly declined endings. Solo written-and-read-aloud option; no recording, real housing data, generated audio, or automated correction."
DL-B2-04-P02,DL-B2-04-G01,B2,4,b2-04-cities-housing-participles,content/B2/lesson-04-cities-housing-participles.assessment.json,,performanceTasks[1] — DL-B2-04-P02,2,5;8,performance assessment task,Active B2.4 performance task; response saved locally with self-check rubric in app,local self-check rubric ready; no audio recording or external evaluator,ready; active local performance self-check,"Stable ID linked to DL-B2-04-T05, DL-B2-04-T08 and DL-B2-04-G01; five–six sentence briefing with three accurate reading details and one adjective from each participle type. Uses the written fictional reading, not MP3; solo written-and-read-aloud option; no real housing data or automated correction."
DL-B2-05-T01,DL-B2-05-G01,B2,5,b2-05-health-fitness-medical-information,content/B2/lesson-05-health-fitness-medical-information.md,81,### تمرين 1 — اختر المفردة المناسبة,1,1,exercise_block; sub-items not separately identified,Source exercise covered by active B2.5 assessment item(s): Q01; bundled in data/course.json,present in source lesson,catalogued; covered by active B2.5 assessment,Stable source-task ID retained and linked to DL-B2-05-G01 and Q01. Assessment is source-backed and does not depend on generated audio.
DL-B2-05-T02,DL-B2-05-G01,B2,5,b2-05-health-fitness-medical-information,content/B2/lesson-05-health-fitness-medical-information.md,88,### تمرين 2 — اربط الجملتين بالتركيب المحدد,2,2,exercise_block; sub-items not separately identified,"Source exercise covered by active B2.5 assessment item(s): Q02, Q03; bundled in data/course.json",present in source lesson,catalogued; covered by active B2.5 assessment,"Stable source-task ID retained and linked to DL-B2-05-G01 and Q02, Q03. Assessment is source-backed and does not depend on generated audio."
DL-B2-05-T03,DL-B2-05-G01,B2,5,b2-05-health-fitness-medical-information,content/B2/lesson-05-health-fitness-medical-information.md,94,### تمرين 3 — أكمل بـaufgrund + Genitiv,3,3,exercise_block; sub-items not separately identified,"Source exercise covered by active B2.5 assessment item(s): Q04, Q05; bundled in data/course.json",present in source lesson,catalogued; covered by active B2.5 assessment,"Stable source-task ID retained and linked to DL-B2-05-G01 and Q04, Q05. Assessment is source-backed and does not depend on generated audio."
DL-B2-05-T04,DL-B2-05-G01,B2,5,b2-05-health-fitness-medical-information,content/B2/lesson-05-health-fitness-medical-information.md,102,### تمرين 4 — اختر ترتيب الفعل الصحيح,4,4,exercise_block; sub-items not separately identified,"Source exercise covered by active B2.5 assessment item(s): Q06, Q07; bundled in data/course.json",present in source lesson,catalogued; covered by active B2.5 assessment,"Stable source-task ID retained and linked to DL-B2-05-G01 and Q06, Q07. Assessment is source-backed and does not depend on generated audio."
DL-B2-05-T05,DL-B2-05-G01,B2,5,b2-05-health-fitness-medical-information,content/B2/lesson-05-health-fitness-medical-information.md,111,### تمرين 5 — فهم القراءة,5,5,exercise_block; sub-items not separately identified,"Source exercise covered by active B2.5 assessment item(s): Q08, P02; bundled in data/course.json",present in source lesson,catalogued; covered by active B2.5 assessment,"Stable source-task ID retained and linked to DL-B2-05-G01 and Q08, P02. Assessment is source-backed and does not depend on generated audio."
DL-B2-05-T06,DL-B2-05-G01,B2,5,b2-05-health-fitness-medical-information,content/B2/lesson-05-health-fitness-medical-information.md,121,### تمرين 6 — فهم الاستماع,6,6,exercise_block; sub-items not separately identified,Source exercise covered by active B2.5 assessment item(s): Q09; bundled in data/course.json,present in source lesson,catalogued; covered by active B2.5 assessment,Stable source-task ID retained and linked to DL-B2-05-G01 and Q09. Assessment is source-backed and does not depend on generated audio.
DL-B2-05-T07,DL-B2-05-G01,B2,5,b2-05-health-fitness-medical-information,content/B2/lesson-05-health-fitness-medical-information.md,125,### تمرين 7 — أعد الصياغة بالتركيب المطلوب,7,7,exercise_block; sub-items not separately identified,Source exercise covered by active B2.5 assessment item(s): Q10; bundled in data/course.json,present in source lesson,catalogued; covered by active B2.5 assessment,Stable source-task ID retained and linked to DL-B2-05-G01 and Q10. Assessment is source-backed and does not depend on generated audio.
DL-B2-05-T08,DL-B2-05-G01,B2,5,b2-05-health-fitness-medical-information,content/B2/lesson-05-health-fitness-medical-information.md,130,### تمرين 8 — قيّم ادّعاءً خياليًا,8,8,exercise_block; sub-items not separately identified,"Source exercise covered by active B2.5 assessment item(s): P01, P02; bundled in data/course.json",present in source lesson,catalogued; covered by active B2.5 assessment,"Stable source-task ID retained and linked to DL-B2-05-G01 and P01, P02. Assessment is source-backed and does not depend on generated audio."
DL-B2-05-Q01,DL-B2-05-G01,B2,5,b2-05-health-fitness-medical-information,content/B2/lesson-05-health-fitness-medical-information.assessment.json,,quiz[0] — DL-B2-05-Q01,1,1,individual structured assessment question,Ready local B2.5 assessment question; bundled in data/course.json,answer key and short Arabic explanation reviewed,ready; active local assessment question,Stable assessment ID linked to DL-B2-05-T01 and DL-B2-05-G01. Arabic explanation reviewed; uses only the fictional lesson source and no generated audio.
DL-B2-05-Q02,DL-B2-05-G01,B2,5,b2-05-health-fitness-medical-information,content/B2/lesson-05-health-fitness-medical-information.assessment.json,,quiz[1] — DL-B2-05-Q02,2,2,individual structured assessment question,Ready local B2.5 assessment question; bundled in data/course.json,answer key and short Arabic explanation reviewed,ready; active local assessment question,Stable assessment ID linked to DL-B2-05-T02 and DL-B2-05-G01. Arabic explanation reviewed; uses only the fictional lesson source and no generated audio.
DL-B2-05-Q03,DL-B2-05-G01,B2,5,b2-05-health-fitness-medical-information,content/B2/lesson-05-health-fitness-medical-information.assessment.json,,quiz[2] — DL-B2-05-Q03,3,2,individual structured assessment question,Ready local B2.5 assessment question; bundled in data/course.json,answer key and short Arabic explanation reviewed,ready; active local assessment question,Stable assessment ID linked to DL-B2-05-T02 and DL-B2-05-G01. Arabic explanation reviewed; uses only the fictional lesson source and no generated audio.
DL-B2-05-Q04,DL-B2-05-G01,B2,5,b2-05-health-fitness-medical-information,content/B2/lesson-05-health-fitness-medical-information.assessment.json,,quiz[3] — DL-B2-05-Q04,4,3,individual structured assessment question,Ready local B2.5 assessment question; bundled in data/course.json,answer key and short Arabic explanation reviewed,ready; active local assessment question,Stable assessment ID linked to DL-B2-05-T03 and DL-B2-05-G01. Arabic explanation reviewed; uses only the fictional lesson source and no generated audio.
DL-B2-05-Q05,DL-B2-05-G01,B2,5,b2-05-health-fitness-medical-information,content/B2/lesson-05-health-fitness-medical-information.assessment.json,,quiz[4] — DL-B2-05-Q05,5,3,individual structured assessment question,Ready local B2.5 assessment question; bundled in data/course.json,answer key and short Arabic explanation reviewed,ready; active local assessment question,Stable assessment ID linked to DL-B2-05-T03 and DL-B2-05-G01. Arabic explanation reviewed; uses only the fictional lesson source and no generated audio.
DL-B2-05-Q06,DL-B2-05-G01,B2,5,b2-05-health-fitness-medical-information,content/B2/lesson-05-health-fitness-medical-information.assessment.json,,quiz[5] — DL-B2-05-Q06,6,4,individual structured assessment question,Ready local B2.5 assessment question; bundled in data/course.json,answer key and short Arabic explanation reviewed,ready; active local assessment question,Stable assessment ID linked to DL-B2-05-T04 and DL-B2-05-G01. Arabic explanation reviewed; uses only the fictional lesson source and no generated audio.
DL-B2-05-Q07,DL-B2-05-G01,B2,5,b2-05-health-fitness-medical-information,content/B2/lesson-05-health-fitness-medical-information.assessment.json,,quiz[6] — DL-B2-05-Q07,7,4,individual structured assessment question,Ready local B2.5 assessment question; bundled in data/course.json,answer key and short Arabic explanation reviewed,ready; active local assessment question,Stable assessment ID linked to DL-B2-05-T04 and DL-B2-05-G01. Arabic explanation reviewed; uses only the fictional lesson source and no generated audio.
DL-B2-05-Q08,DL-B2-05-G01,B2,5,b2-05-health-fitness-medical-information,content/B2/lesson-05-health-fitness-medical-information.assessment.json,,quiz[7] — DL-B2-05-Q08,8,5,individual structured assessment question,Ready local B2.5 assessment question; bundled in data/course.json,answer key and short Arabic explanation reviewed,ready; active local assessment question,Stable assessment ID linked to DL-B2-05-T05 and DL-B2-05-G01. Arabic explanation reviewed; uses only the fictional lesson source and no generated audio.
DL-B2-05-Q09,DL-B2-05-G01,B2,5,b2-05-health-fitness-medical-information,content/B2/lesson-05-health-fitness-medical-information.assessment.json,,quiz[8] — DL-B2-05-Q09,9,6,individual structured assessment question,Ready local B2.5 assessment question; bundled in data/course.json,answer key and short Arabic explanation reviewed,ready; active local assessment question,Stable assessment ID linked to DL-B2-05-T06 and DL-B2-05-G01. Arabic explanation reviewed; uses only the fictional lesson source and no generated audio.
DL-B2-05-Q10,DL-B2-05-G01,B2,5,b2-05-health-fitness-medical-information,content/B2/lesson-05-health-fitness-medical-information.assessment.json,,quiz[9] — DL-B2-05-Q10,10,7,individual structured assessment question,Ready local B2.5 assessment question; bundled in data/course.json,answer key and short Arabic explanation reviewed,ready; active local assessment question,Stable assessment ID linked to DL-B2-05-T07 and DL-B2-05-G01. Arabic explanation reviewed; uses only the fictional lesson source and no generated audio.
DL-B2-05-P01,DL-B2-05-G01,B2,5,b2-05-health-fitness-medical-information,content/B2/lesson-05-health-fitness-medical-information.assessment.json,,performanceTasks[0] — DL-B2-05-P01,1,8,performance assessment task,Active B2.5 performance task; response saved locally with self-check rubric in app,local self-check rubric ready; no audio recording or external evaluator,ready; active local performance self-check,"Stable ID linked to DL-B2-05-T08 and DL-B2-05-G01; five–six-sentence fictional survey evaluation with two data limitations and both target constructions. Solo written/read-aloud option; no recording, diagnosis, personal medical advice, or generated audio."
DL-B2-05-P02,DL-B2-05-G01,B2,5,b2-05-health-fitness-medical-information,content/B2/lesson-05-health-fitness-medical-information.assessment.json,,performanceTasks[1] — DL-B2-05-P02,2,5;8,performance assessment task,Active B2.5 performance task; response saved locally with self-check rubric in app,local self-check rubric ready; no audio recording or external evaluator,ready; active local performance self-check,"Stable ID linked to DL-B2-05-T05, DL-B2-05-T08 and DL-B2-05-G01; five–six-sentence briefing with three accurate reading details and two limits on conclusions. Uses the written fictional reading, not MP3; solo written/read-aloud option; no diagnosis, personal medical advice, or automated correction."
DL-B2-06-T01,DL-B2-06-G01,B2,6,b2-06-study-applications-verb-noun-phrases,content/B2/lesson-06-study-applications-verb-noun-phrases.md,80,### تمرين 1 — صِل التركيب بمعناه,1,1,exercise_block; sub-items not separately identified,Source exercise covered by active B2.6 assessment item(s): Q01; bundled in data/course.json,present in source lesson,catalogued; covered by active B2.6 assessment,Stable source-task ID retained and linked to DL-B2-06-G01 and Q01. Assessment is source-backed and does not depend on generated audio.
DL-B2-06-T02,DL-B2-06-G01,B2,6,b2-06-study-applications-verb-noun-phrases,content/B2/lesson-06-study-applications-verb-noun-phrases.md,89,### تمرين 2 — أكمل التركيب الاسمي الفعلي,2,2,exercise_block; sub-items not separately identified,"Source exercise covered by active B2.6 assessment item(s): Q02, Q03; bundled in data/course.json",present in source lesson,catalogued; covered by active B2.6 assessment,"Stable source-task ID retained and linked to DL-B2-06-G01 and Q02, Q03. Assessment is source-backed and does not depend on generated audio."
DL-B2-06-T03,DL-B2-06-G01,B2,6,b2-06-study-applications-verb-noun-phrases,content/B2/lesson-06-study-applications-verb-noun-phrases.md,96,### تمرين 3 — أعد الصياغة بالتركيب المحدد,3,3,exercise_block; sub-items not separately identified,"Source exercise covered by active B2.6 assessment item(s): Q04, Q05, P02; bundled in data/course.json",present in source lesson,catalogued; covered by active B2.6 assessment,"Stable source-task ID retained and linked to DL-B2-06-G01 and Q04, Q05, P02. Assessment is source-backed and does not depend on generated audio."
DL-B2-06-T04,DL-B2-06-G01,B2,6,b2-06-study-applications-verb-noun-phrases,content/B2/lesson-06-study-applications-verb-noun-phrases.md,103,### تمرين 4 — اختر الفعل المناسب,4,4,exercise_block; sub-items not separately identified,Source exercise covered by active B2.6 assessment item(s): Q06; bundled in data/course.json,present in source lesson,catalogued; covered by active B2.6 assessment,Stable source-task ID retained and linked to DL-B2-06-G01 and Q06. Assessment is source-backed and does not depend on generated audio.
DL-B2-06-T05,DL-B2-06-G01,B2,6,b2-06-study-applications-verb-noun-phrases,content/B2/lesson-06-study-applications-verb-noun-phrases.md,112,### تمرين 5 — فهم القراءة,5,5,exercise_block; sub-items not separately identified,"Source exercise covered by active B2.6 assessment item(s): Q07, Q08, P02; bundled in data/course.json",present in source lesson,catalogued; covered by active B2.6 assessment,"Stable source-task ID retained and linked to DL-B2-06-G01 and Q07, Q08, P02. Assessment is source-backed and does not depend on generated audio."
DL-B2-06-T06,DL-B2-06-G01,B2,6,b2-06-study-applications-verb-noun-phrases,content/B2/lesson-06-study-applications-verb-noun-phrases.md,122,### تمرين 6 — فهم الاستماع,6,6,exercise_block; sub-items not separately identified,"Source exercise covered by active B2.6 assessment item(s): Q09, P02; bundled in data/course.json",present in source lesson,catalogued; covered by active B2.6 assessment,Stable source-task ID retained. Q09 and P02 use the written script; assessment does not require MP3 playback or generated audio.
DL-B2-06-T07,DL-B2-06-G01,B2,6,b2-06-study-applications-verb-noun-phrases,content/B2/lesson-06-study-applications-verb-noun-phrases.md,126,### تمرين 7 — أصلح التركيب غير المناسب,7,7,exercise_block; sub-items not separately identified,Source exercise covered by active B2.6 assessment item(s): Q10; bundled in data/course.json,present in source lesson,catalogued; covered by active B2.6 assessment,Stable source-task ID retained and linked to DL-B2-06-G01 and Q10. Assessment is source-backed and does not depend on generated audio.
DL-B2-06-T08,DL-B2-06-G01,B2,6,b2-06-study-applications-verb-noun-phrases,content/B2/lesson-06-study-applications-verb-noun-phrases.md,135,### تمرين 8 — اكتب استفسارًا أكاديميًا,8,8,exercise_block; sub-items not separately identified,"Source exercise covered by active B2.6 assessment item(s): P01, P02; bundled in data/course.json",present in source lesson,catalogued; covered by active B2.6 assessment,Stable source-task ID retained and linked to P01/P02. T08 allows a five-sentence written inquiry or equivalent oral presentation; solo learners write and read aloud without recording or sending audio.
DL-B2-06-Q01,DL-B2-06-G01,B2,6,b2-06-study-applications-verb-noun-phrases,content/B2/lesson-06-study-applications-verb-noun-phrases.assessment.json,,quiz[0] — DL-B2-06-Q01,1,1,individual structured assessment question,Ready local B2.6 assessment question; bundled in data/course.json,answer key and short Arabic explanation reviewed,ready; active local assessment question,Stable assessment ID linked to DL-B2-06-T01 and DL-B2-06-G01. Arabic explanation reviewed; uses the fictional lesson source and no generated audio.
DL-B2-06-Q02,DL-B2-06-G01,B2,6,b2-06-study-applications-verb-noun-phrases,content/B2/lesson-06-study-applications-verb-noun-phrases.assessment.json,,quiz[1] — DL-B2-06-Q02,2,2,individual structured assessment question,Ready local B2.6 assessment question; bundled in data/course.json,answer key and short Arabic explanation reviewed,ready; active local assessment question,Stable assessment ID linked to DL-B2-06-T02 and DL-B2-06-G01. Arabic explanation reviewed; uses the fictional lesson source and no generated audio.
DL-B2-06-Q03,DL-B2-06-G01,B2,6,b2-06-study-applications-verb-noun-phrases,content/B2/lesson-06-study-applications-verb-noun-phrases.assessment.json,,quiz[2] — DL-B2-06-Q03,3,2,individual structured assessment question,Ready local B2.6 assessment question; bundled in data/course.json,answer key and short Arabic explanation reviewed,ready; active local assessment question,Stable assessment ID linked to DL-B2-06-T02 and DL-B2-06-G01. Arabic explanation reviewed; uses the fictional lesson source and no generated audio.
DL-B2-06-Q04,DL-B2-06-G01,B2,6,b2-06-study-applications-verb-noun-phrases,content/B2/lesson-06-study-applications-verb-noun-phrases.assessment.json,,quiz[3] — DL-B2-06-Q04,4,3,individual structured assessment question,Ready local B2.6 assessment question; bundled in data/course.json,answer key and short Arabic explanation reviewed,ready; active local assessment question,Stable assessment ID linked to DL-B2-06-T03 and DL-B2-06-G01. Arabic explanation reviewed; uses the fictional lesson source and no generated audio.
DL-B2-06-Q05,DL-B2-06-G01,B2,6,b2-06-study-applications-verb-noun-phrases,content/B2/lesson-06-study-applications-verb-noun-phrases.assessment.json,,quiz[4] — DL-B2-06-Q05,5,3,individual structured assessment question,Ready local B2.6 assessment question; bundled in data/course.json,answer key and short Arabic explanation reviewed,ready; active local assessment question,Stable assessment ID linked to DL-B2-06-T03 and DL-B2-06-G01. Arabic explanation reviewed; uses the fictional lesson source and no generated audio.
DL-B2-06-Q06,DL-B2-06-G01,B2,6,b2-06-study-applications-verb-noun-phrases,content/B2/lesson-06-study-applications-verb-noun-phrases.assessment.json,,quiz[5] — DL-B2-06-Q06,6,4,individual structured assessment question,Ready local B2.6 assessment question; bundled in data/course.json,answer key and short Arabic explanation reviewed,ready; active local assessment question,Stable assessment ID linked to DL-B2-06-T04 and DL-B2-06-G01. Arabic explanation reviewed; uses the fictional lesson source and no generated audio.
DL-B2-06-Q07,DL-B2-06-G01,B2,6,b2-06-study-applications-verb-noun-phrases,content/B2/lesson-06-study-applications-verb-noun-phrases.assessment.json,,quiz[6] — DL-B2-06-Q07,7,5,individual structured assessment question,Ready local B2.6 assessment question; bundled in data/course.json,answer key and short Arabic explanation reviewed,ready; active local assessment question,Stable assessment ID linked to DL-B2-06-T05 and DL-B2-06-G01. Arabic explanation reviewed; uses the fictional lesson source and no generated audio.
DL-B2-06-Q08,DL-B2-06-G01,B2,6,b2-06-study-applications-verb-noun-phrases,content/B2/lesson-06-study-applications-verb-noun-phrases.assessment.json,,quiz[7] — DL-B2-06-Q08,8,5,individual structured assessment question,Ready local B2.6 assessment question; bundled in data/course.json,answer key and short Arabic explanation reviewed,ready; active local assessment question,Stable assessment ID linked to DL-B2-06-T05 and DL-B2-06-G01. Arabic explanation reviewed; uses the fictional lesson source and no generated audio.
DL-B2-06-Q09,DL-B2-06-G01,B2,6,b2-06-study-applications-verb-noun-phrases,content/B2/lesson-06-study-applications-verb-noun-phrases.assessment.json,,quiz[8] — DL-B2-06-Q09,9,6,individual structured assessment question,Ready local B2.6 assessment question; bundled in data/course.json,answer key and short Arabic explanation reviewed,ready; active local assessment question,Stable assessment ID linked to DL-B2-06-T06 and DL-B2-06-G01. Arabic explanation reviewed; uses the fictional lesson source and no generated audio.
DL-B2-06-Q10,DL-B2-06-G01,B2,6,b2-06-study-applications-verb-noun-phrases,content/B2/lesson-06-study-applications-verb-noun-phrases.assessment.json,,quiz[9] — DL-B2-06-Q10,10,7,individual structured assessment question,Ready local B2.6 assessment question; bundled in data/course.json,answer key and short Arabic explanation reviewed,ready; active local assessment question,Stable assessment ID linked to DL-B2-06-T07 and DL-B2-06-G01. Arabic explanation reviewed; uses the fictional lesson source and no generated audio.
DL-B2-06-P01,DL-B2-06-G01,B2,6,b2-06-study-applications-verb-noun-phrases,content/B2/lesson-06-study-applications-verb-noun-phrases.assessment.json,,performanceTasks[0] — DL-B2-06-P01,1,8,performance assessment task,Active B2.6 performance task; response saved locally with self-check rubric in app,local self-check rubric ready; no audio recording or external evaluator,ready; active local performance self-check,"Stable ID linked to DL-B2-06-T08 and DL-B2-06-G01; five-sentence fictional formal inquiry using at least three lesson collocations. Solo written/read-aloud option; no recording, real personal data, or generated audio."
DL-B2-06-P02,DL-B2-06-G01,B2,6,b2-06-study-applications-verb-noun-phrases,content/B2/lesson-06-study-applications-verb-noun-phrases.assessment.json,,performanceTasks[1] — DL-B2-06-P02,2,3;5;6;8,performance assessment task,Active B2.6 performance task; response saved locally with self-check rubric in app,local self-check rubric ready; no audio recording or external evaluator,ready; active local performance self-check,"Stable ID linked to T03/T05/T06/T08 and DL-B2-06-G01; five–six-sentence briefing with the three listed documents, written-confirmation condition, and post-admission step, using at least three collocations. Solo written/read-aloud option; no MP3, real institution, or invented deadline."
DL-B2-07-T01,DL-B2-07-G01,B2,7,b2-07-travel-experiences-prepositional-relatives,content/B2/lesson-07-travel-experiences-prepositional-relatives.md,79,### تمرين 1 — اختر ضمير الوصل بعد حرف الجر,1,1,exercise_block; sub-items not separately identified,Source exercise covered by active B2.7 assessment item(s): Q01; bundled in data/course.json,present in source lesson,catalogued; covered by active B2.7 assessment,Stable source-task ID retained and linked to DL-B2-07-G01 and Q01. Assessment is source-backed and does not depend on generated audio.
DL-B2-07-T02,DL-B2-07-G01,B2,7,b2-07-travel-experiences-prepositional-relatives,content/B2/lesson-07-travel-experiences-prepositional-relatives.md,87,### تمرين 2 — أكمل بحرف الجر وضمير الوصل,2,2,exercise_block; sub-items not separately identified,"Source exercise covered by active B2.7 assessment item(s): Q02, Q03; bundled in data/course.json",present in source lesson,catalogued; covered by active B2.7 assessment,"Stable source-task ID retained and linked to DL-B2-07-G01 and Q02, Q03. Assessment is source-backed and does not depend on generated audio."
DL-B2-07-T03,DL-B2-07-G01,B2,7,b2-07-travel-experiences-prepositional-relatives,content/B2/lesson-07-travel-experiences-prepositional-relatives.md,94,### تمرين 3 — اربط الجملتين بجملة موصولة مع حرف الجر,3,3,exercise_block; sub-items not separately identified,"Source exercise covered by active B2.7 assessment item(s): Q04, Q05, P02; bundled in data/course.json",present in source lesson,catalogued; covered by active B2.7 assessment,"Stable source-task ID retained and linked to DL-B2-07-G01 and Q04, Q05, P02. Assessment is source-backed and does not depend on generated audio."
DL-B2-07-T04,DL-B2-07-G01,B2,7,b2-07-travel-experiences-prepositional-relatives,content/B2/lesson-07-travel-experiences-prepositional-relatives.md,100,### تمرين 4 — رتّب الكلمات,4,4,exercise_block; sub-items not separately identified,Source exercise covered by active B2.7 assessment item(s): Q06; bundled in data/course.json,present in source lesson,catalogued; covered by active B2.7 assessment,Stable source-task ID retained and linked to DL-B2-07-G01 and Q06. Assessment is source-backed and does not depend on generated audio.
DL-B2-07-T05,DL-B2-07-G01,B2,7,b2-07-travel-experiences-prepositional-relatives,content/B2/lesson-07-travel-experiences-prepositional-relatives.md,106,### تمرين 5 — فهم القراءة,5,5,exercise_block; sub-items not separately identified,"Source exercise covered by active B2.7 assessment item(s): Q07, Q08, P02; bundled in data/course.json",present in source lesson,catalogued; covered by active B2.7 assessment,"Stable source-task ID retained and linked to DL-B2-07-G01 and Q07, Q08, P02. Assessment is source-backed and does not depend on generated audio."
DL-B2-07-T06,DL-B2-07-G01,B2,7,b2-07-travel-experiences-prepositional-relatives,content/B2/lesson-07-travel-experiences-prepositional-relatives.md,116,### تمرين 6 — فهم الاستماع,6,6,exercise_block; sub-items not separately identified,Source exercise covered by active B2.7 assessment item(s): Q09; bundled in data/course.json,present in source lesson,catalogued; covered by active B2.7 assessment,Stable source-task ID retained and linked to DL-B2-07-G01 and Q09. The assessment uses the written T06 transcript and does not require MP3 playback or generated audio.
DL-B2-07-T07,DL-B2-07-G01,B2,7,b2-07-travel-experiences-prepositional-relatives,content/B2/lesson-07-travel-experiences-prepositional-relatives.md,120,### تمرين 7 — اختر الحالة المناسبة,7,7,exercise_block; sub-items not separately identified,Source exercise covered by active B2.7 assessment item(s): Q10; bundled in data/course.json,present in source lesson,catalogued; covered by active B2.7 assessment,Stable source-task ID retained and linked to DL-B2-07-G01 and Q10. Assessment is source-backed and does not depend on generated audio.
DL-B2-07-T08,DL-B2-07-G01,B2,7,b2-07-travel-experiences-prepositional-relatives,content/B2/lesson-07-travel-experiences-prepositional-relatives.md,130,### تمرين 8 — اكتب وصفًا لرحلة,8,8,exercise_block; sub-items not separately identified,"Source exercise covered by active B2.7 assessment item(s): P01, P02; bundled in data/course.json",present in source lesson,catalogued; covered by active B2.7 assessment,"Stable source-task ID retained and linked to P01/P02 and DL-B2-07-G01. T08 permits a five–six-sentence fictional travel description in writing or equivalent oral presentation, with at least three relative clauses preceded by different prepositions; solo learners write and read aloud without recording or sending audio."
DL-B2-07-Q01,DL-B2-07-G01,B2,7,b2-07-travel-experiences-prepositional-relatives,content/B2/lesson-07-travel-experiences-prepositional-relatives.assessment.json,,quiz[0] — DL-B2-07-Q01,1,1,individual structured assessment question,Ready local B2.7 assessment question; bundled in data/course.json,answer key and short Arabic explanation reviewed,ready; active local assessment question,Stable assessment ID linked to DL-B2-07-T01 and DL-B2-07-G01. Arabic explanation reviewed; checks the source content without generated audio.
DL-B2-07-Q02,DL-B2-07-G01,B2,7,b2-07-travel-experiences-prepositional-relatives,content/B2/lesson-07-travel-experiences-prepositional-relatives.assessment.json,,quiz[1] — DL-B2-07-Q02,2,2,individual structured assessment question,Ready local B2.7 assessment question; bundled in data/course.json,answer key and short Arabic explanation reviewed,ready; active local assessment question,Stable assessment ID linked to DL-B2-07-T02 and DL-B2-07-G01. Arabic explanation reviewed; checks the source content without generated audio.
DL-B2-07-Q03,DL-B2-07-G01,B2,7,b2-07-travel-experiences-prepositional-relatives,content/B2/lesson-07-travel-experiences-prepositional-relatives.assessment.json,,quiz[2] — DL-B2-07-Q03,3,2,individual structured assessment question,Ready local B2.7 assessment question; bundled in data/course.json,answer key and short Arabic explanation reviewed,ready; active local assessment question,Stable assessment ID linked to DL-B2-07-T02 and DL-B2-07-G01. Arabic explanation reviewed; checks the source content without generated audio.
DL-B2-07-Q04,DL-B2-07-G01,B2,7,b2-07-travel-experiences-prepositional-relatives,content/B2/lesson-07-travel-experiences-prepositional-relatives.assessment.json,,quiz[3] — DL-B2-07-Q04,4,3,individual structured assessment question,Ready local B2.7 assessment question; bundled in data/course.json,answer key and short Arabic explanation reviewed,ready; active local assessment question,Stable assessment ID linked to DL-B2-07-T03 and DL-B2-07-G01. Arabic explanation reviewed; checks the source content without generated audio.
DL-B2-07-Q05,DL-B2-07-G01,B2,7,b2-07-travel-experiences-prepositional-relatives,content/B2/lesson-07-travel-experiences-prepositional-relatives.assessment.json,,quiz[4] — DL-B2-07-Q05,5,3,individual structured assessment question,Ready local B2.7 assessment question; bundled in data/course.json,answer key and short Arabic explanation reviewed,ready; active local assessment question,Stable assessment ID linked to DL-B2-07-T03 and DL-B2-07-G01. Arabic explanation reviewed; checks the source content without generated audio.
DL-B2-07-Q06,DL-B2-07-G01,B2,7,b2-07-travel-experiences-prepositional-relatives,content/B2/lesson-07-travel-experiences-prepositional-relatives.assessment.json,,quiz[5] — DL-B2-07-Q06,6,4,individual structured assessment question,Ready local B2.7 assessment question; bundled in data/course.json,answer key and short Arabic explanation reviewed,ready; active local assessment question,Stable assessment ID linked to DL-B2-07-T04 and DL-B2-07-G01. Arabic explanation reviewed; checks the source content without generated audio.
DL-B2-07-Q07,DL-B2-07-G01,B2,7,b2-07-travel-experiences-prepositional-relatives,content/B2/lesson-07-travel-experiences-prepositional-relatives.assessment.json,,quiz[6] — DL-B2-07-Q07,7,5,individual structured assessment question,Ready local B2.7 assessment question; bundled in data/course.json,answer key and short Arabic explanation reviewed,ready; active local assessment question,Stable assessment ID linked to DL-B2-07-T05 and DL-B2-07-G01. Arabic explanation reviewed; checks the source content without generated audio.
DL-B2-07-Q08,DL-B2-07-G01,B2,7,b2-07-travel-experiences-prepositional-relatives,content/B2/lesson-07-travel-experiences-prepositional-relatives.assessment.json,,quiz[7] — DL-B2-07-Q08,8,5,individual structured assessment question,Ready local B2.7 assessment question; bundled in data/course.json,answer key and short Arabic explanation reviewed,ready; active local assessment question,Stable assessment ID linked to DL-B2-07-T05 and DL-B2-07-G01. Arabic explanation reviewed; checks the source content without generated audio.
DL-B2-07-Q09,DL-B2-07-G01,B2,7,b2-07-travel-experiences-prepositional-relatives,content/B2/lesson-07-travel-experiences-prepositional-relatives.assessment.json,,quiz[8] — DL-B2-07-Q09,9,6,individual structured assessment question,Ready local B2.7 assessment question; bundled in data/course.json,answer key and short Arabic explanation reviewed,ready; active local assessment question,Stable assessment ID linked to DL-B2-07-T06 and DL-B2-07-G01. Arabic explanation reviewed; checks the source content without generated audio.
DL-B2-07-Q10,DL-B2-07-G01,B2,7,b2-07-travel-experiences-prepositional-relatives,content/B2/lesson-07-travel-experiences-prepositional-relatives.assessment.json,,quiz[9] — DL-B2-07-Q10,10,7,individual structured assessment question,Ready local B2.7 assessment question; bundled in data/course.json,answer key and short Arabic explanation reviewed,ready; active local assessment question,Stable assessment ID linked to DL-B2-07-T07 and DL-B2-07-G01. Arabic explanation reviewed; checks the source content without generated audio.
DL-B2-07-P01,DL-B2-07-G01,B2,7,b2-07-travel-experiences-prepositional-relatives,content/B2/lesson-07-travel-experiences-prepositional-relatives.assessment.json,,performanceTasks[0] — DL-B2-07-P01,1,8,performance assessment task,Active B2.7 performance task; response saved locally with self-check rubric in app,local self-check rubric ready; no audio recording or external evaluator,ready; active local performance self-check,"Stable ID linked directly to DL-B2-07-T08 and DL-B2-07-G01; five–six-sentence fictional trip description with at least three relative clauses preceded by different prepositions. Solo written/read-aloud option; no recording, real place required, or generated audio."
DL-B2-07-P02,DL-B2-07-G01,B2,7,b2-07-travel-experiences-prepositional-relatives,content/B2/lesson-07-travel-experiences-prepositional-relatives.assessment.json,,performanceTasks[1] — DL-B2-07-P02,2,3;5;8,performance assessment task,Active B2.7 performance task; response saved locally with self-check rubric in app,local self-check rubric ready; no audio recording or external evaluator,ready; active local performance self-check,"Stable ID linked to DL-B2-07-T03/T05/T08 and DL-B2-07-G01; five–six-sentence briefing with three accurate details from the fictional island reading and at least three relative clauses with different prepositions. Solo written/read-aloud option; no MP3, invented itinerary facts, or audio recording."
DL-B2-08-T01,DL-B2-08-G01,B2,8,b2-08-food-nutrition-data-passives,content/B2/lesson-08-food-nutrition-data-passives.md,87,### تمرين 1 — اختر المفردة المناسبة,1,1,exercise_block; sub-items not separately identified,Source exercise covered by active B2.8 assessment item(s): Q01; bundled in data/course.json,present in source lesson,catalogued; covered by active B2.8 assessment,"Stable source-task ID retained and linked to DL-B2-08-G01 and Q01. Assessment is source-backed, distinguishes process from resulting state, and does not depend on generated audio."
DL-B2-08-T02,DL-B2-08-G01,B2,8,b2-08-food-nutrition-data-passives,content/B2/lesson-08-food-nutrition-data-passives.md,94,### تمرين 2 — أكمل بـwerden أو sein,2,2,exercise_block; sub-items not separately identified,"Source exercise covered by active B2.8 assessment item(s): Q02, Q03; bundled in data/course.json",present in source lesson,catalogued; covered by active B2.8 assessment,"Stable source-task ID retained and linked to DL-B2-08-G01 and Q02, Q03. Assessment is source-backed, distinguishes process from resulting state, and does not depend on generated audio."
DL-B2-08-T03,DL-B2-08-G01,B2,8,b2-08-food-nutrition-data-passives,content/B2/lesson-08-food-nutrition-data-passives.md,101,### تمرين 3 — حدّد Vorgangspassiv أو Zustandspassiv,3,3,exercise_block; sub-items not separately identified,"Source exercise covered by active B2.8 assessment item(s): Q04, Q05; bundled in data/course.json",present in source lesson,catalogued; covered by active B2.8 assessment,"Stable source-task ID retained and linked to DL-B2-08-G01 and Q04, Q05. Assessment is source-backed, distinguishes process from resulting state, and does not depend on generated audio."
DL-B2-08-T04,DL-B2-08-G01,B2,8,b2-08-food-nutrition-data-passives,content/B2/lesson-08-food-nutrition-data-passives.md,108,### تمرين 4 — اختر الفعل المساعد المناسب حسب المعنى,4,4,exercise_block; sub-items not separately identified,"Source exercise covered by active B2.8 assessment item(s): Q06, P02; bundled in data/course.json",present in source lesson,catalogued; covered by active B2.8 assessment,"Stable source-task ID retained and linked to DL-B2-08-G01 and Q06, P02. Assessment is source-backed, distinguishes process from resulting state, and does not depend on generated audio."
DL-B2-08-T05,DL-B2-08-G01,B2,8,b2-08-food-nutrition-data-passives,content/B2/lesson-08-food-nutrition-data-passives.md,115,### تمرين 5 — فهم القراءة,5,5,exercise_block; sub-items not separately identified,"Source exercise covered by active B2.8 assessment item(s): Q07, Q08, P02; bundled in data/course.json",present in source lesson,catalogued; covered by active B2.8 assessment,"Stable source-task ID retained and linked to DL-B2-08-G01 and Q07, Q08, P02. Assessment is source-backed, distinguishes process from resulting state, and does not depend on generated audio."
DL-B2-08-T06,DL-B2-08-G01,B2,8,b2-08-food-nutrition-data-passives,content/B2/lesson-08-food-nutrition-data-passives.md,125,### تمرين 6 — فهم الاستماع,6,6,exercise_block; sub-items not separately identified,Source exercise covered by active B2.8 assessment item(s): Q09; bundled in data/course.json,present in source lesson,catalogued; covered by active B2.8 assessment,Stable source-task ID retained and linked to DL-B2-08-G01 and Q09. The assessment uses the written T06 transcript and does not require MP3 playback or generated audio.
DL-B2-08-T07,DL-B2-08-G01,B2,8,b2-08-food-nutrition-data-passives,content/B2/lesson-08-food-nutrition-data-passives.md,129,### تمرين 7 — حوّل بحسب المعنى المطلوب,7,7,exercise_block; sub-items not separately identified,"Source exercise covered by active B2.8 assessment item(s): Q10, P02; bundled in data/course.json",present in source lesson,catalogued; covered by active B2.8 assessment,"Stable source-task ID retained and linked to DL-B2-08-G01 and Q10, P02. Assessment is source-backed, distinguishes process from resulting state, and does not depend on generated audio."
DL-B2-08-T08,DL-B2-08-G01,B2,8,b2-08-food-nutrition-data-passives,content/B2/lesson-08-food-nutrition-data-passives.md,136,### تمرين 8 — صِف خطوات جمع بيانات خيالية,8,8,exercise_block; sub-items not separately identified,"Source exercise covered by active B2.8 assessment item(s): P01, P02; bundled in data/course.json",present in source lesson,catalogued; covered by active B2.8 assessment,"Stable source-task ID retained and linked to P01/P02 and DL-B2-08-G01. T08 accepts five German sentences in writing or equivalent oral delivery, requires at least two Vorgangspassiv clauses and one Zustandspassiv clause, and states that the data are fictional with a solo write/read-aloud alternative without recording or sending audio."
DL-B2-08-Q01,DL-B2-08-G01,B2,8,b2-08-food-nutrition-data-passives,content/B2/lesson-08-food-nutrition-data-passives.assessment.json,,quiz[0] — DL-B2-08-Q01,1,1,individual structured assessment question,Ready local B2.8 assessment question; bundled in data/course.json,answer key and short Arabic explanation reviewed,ready; active local assessment question,"Stable assessment ID linked to DL-B2-08-T01 and DL-B2-08-G01. Arabic explanation reviewed; uses only source-backed grammar or written lesson text, not generated audio."
DL-B2-08-Q02,DL-B2-08-G01,B2,8,b2-08-food-nutrition-data-passives,content/B2/lesson-08-food-nutrition-data-passives.assessment.json,,quiz[1] — DL-B2-08-Q02,2,2,individual structured assessment question,Ready local B2.8 assessment question; bundled in data/course.json,answer key and short Arabic explanation reviewed,ready; active local assessment question,"Stable assessment ID linked to DL-B2-08-T02 and DL-B2-08-G01. Arabic explanation reviewed; uses only source-backed grammar or written lesson text, not generated audio."
DL-B2-08-Q03,DL-B2-08-G01,B2,8,b2-08-food-nutrition-data-passives,content/B2/lesson-08-food-nutrition-data-passives.assessment.json,,quiz[2] — DL-B2-08-Q03,3,2,individual structured assessment question,Ready local B2.8 assessment question; bundled in data/course.json,answer key and short Arabic explanation reviewed,ready; active local assessment question,"Stable assessment ID linked to DL-B2-08-T02 and DL-B2-08-G01. Arabic explanation reviewed; uses only source-backed grammar or written lesson text, not generated audio."
DL-B2-08-Q04,DL-B2-08-G01,B2,8,b2-08-food-nutrition-data-passives,content/B2/lesson-08-food-nutrition-data-passives.assessment.json,,quiz[3] — DL-B2-08-Q04,4,3,individual structured assessment question,Ready local B2.8 assessment question; bundled in data/course.json,answer key and short Arabic explanation reviewed,ready; active local assessment question,"Stable assessment ID linked to DL-B2-08-T03 and DL-B2-08-G01. Arabic explanation reviewed; uses only source-backed grammar or written lesson text, not generated audio."
DL-B2-08-Q05,DL-B2-08-G01,B2,8,b2-08-food-nutrition-data-passives,content/B2/lesson-08-food-nutrition-data-passives.assessment.json,,quiz[4] — DL-B2-08-Q05,5,3,individual structured assessment question,Ready local B2.8 assessment question; bundled in data/course.json,answer key and short Arabic explanation reviewed,ready; active local assessment question,"Stable assessment ID linked to DL-B2-08-T03 and DL-B2-08-G01. Arabic explanation reviewed; uses only source-backed grammar or written lesson text, not generated audio."
DL-B2-08-Q06,DL-B2-08-G01,B2,8,b2-08-food-nutrition-data-passives,content/B2/lesson-08-food-nutrition-data-passives.assessment.json,,quiz[5] — DL-B2-08-Q06,6,4,individual structured assessment question,Ready local B2.8 assessment question; bundled in data/course.json,answer key and short Arabic explanation reviewed,ready; active local assessment question,"Stable assessment ID linked to DL-B2-08-T04 and DL-B2-08-G01. Arabic explanation reviewed; uses only source-backed grammar or written lesson text, not generated audio."
DL-B2-08-Q07,DL-B2-08-G01,B2,8,b2-08-food-nutrition-data-passives,content/B2/lesson-08-food-nutrition-data-passives.assessment.json,,quiz[6] — DL-B2-08-Q07,7,5,individual structured assessment question,Ready local B2.8 assessment question; bundled in data/course.json,answer key and short Arabic explanation reviewed,ready; active local assessment question,"Stable assessment ID linked to DL-B2-08-T05 and DL-B2-08-G01. Arabic explanation reviewed; uses only source-backed grammar or written lesson text, not generated audio."
DL-B2-08-Q08,DL-B2-08-G01,B2,8,b2-08-food-nutrition-data-passives,content/B2/lesson-08-food-nutrition-data-passives.assessment.json,,quiz[7] — DL-B2-08-Q08,8,5,individual structured assessment question,Ready local B2.8 assessment question; bundled in data/course.json,answer key and short Arabic explanation reviewed,ready; active local assessment question,"Stable assessment ID linked to DL-B2-08-T05 and DL-B2-08-G01. Arabic explanation reviewed; uses only source-backed grammar or written lesson text, not generated audio."
DL-B2-08-Q09,DL-B2-08-G01,B2,8,b2-08-food-nutrition-data-passives,content/B2/lesson-08-food-nutrition-data-passives.assessment.json,,quiz[8] — DL-B2-08-Q09,9,6,individual structured assessment question,Ready local B2.8 assessment question; bundled in data/course.json,answer key and short Arabic explanation reviewed,ready; active local assessment question,"Stable assessment ID linked to DL-B2-08-T06 and DL-B2-08-G01. Arabic explanation reviewed; uses only source-backed grammar or written lesson text, not generated audio."
DL-B2-08-Q10,DL-B2-08-G01,B2,8,b2-08-food-nutrition-data-passives,content/B2/lesson-08-food-nutrition-data-passives.assessment.json,,quiz[9] — DL-B2-08-Q10,10,7,individual structured assessment question,Ready local B2.8 assessment question; bundled in data/course.json,answer key and short Arabic explanation reviewed,ready; active local assessment question,"Stable assessment ID linked to DL-B2-08-T07 and DL-B2-08-G01. Arabic explanation reviewed; uses only source-backed grammar or written lesson text, not generated audio."
DL-B2-08-P01,DL-B2-08-G01,B2,8,b2-08-food-nutrition-data-passives,content/B2/lesson-08-food-nutrition-data-passives.assessment.json,,performanceTasks[0] — DL-B2-08-P01,1,8,performance assessment task,Active B2.8 performance task; response saved locally with self-check rubric in app,local self-check rubric ready; no audio recording or external evaluator,ready; active local performance self-check,"Stable ID linked directly to DL-B2-08-T08 and DL-B2-08-G01; five German sentences about a fictional food-data exercise, including at least two process-passive clauses and one resulting-state passive. Written/oral choice; solo write/read-aloud without recording or sending; no health advice."
DL-B2-08-P02,DL-B2-08-G01,B2,8,b2-08-food-nutrition-data-passives,content/B2/lesson-08-food-nutrition-data-passives.assessment.json,,performanceTasks[1] — DL-B2-08-P02,2,4;5;7;8,performance assessment task,Active B2.8 performance task; response saved locally with self-check rubric in app,local self-check rubric ready; no audio recording or external evaluator,ready; active local performance self-check,"Stable ID linked to DL-B2-08-T04/T05/T07/T08 and DL-B2-08-G01; reports the exact fictional sugar/fibre values per 100 g for one mixture, distinguishes two ongoing process steps from the finished table state, and avoids personal health claims. Written/oral choice; solo read-aloud without recording or sending."
DL-B2-09-T01,DL-B2-09-G01,B2,9,b2-09-business-marketing-employment-prepositions,content/B2/lesson-09-business-marketing-employment-prepositions.md,79,### تمرين 1 — اختر الضمير المركّب المناسب,1,1,exercise_block; sub-items not separately identified,Source exercise covered by active B2.9 assessment item(s): Q01; bundled in data/course.json,present in source lesson,catalogued; covered by active B2.9 assessment,Stable source-task ID retained and linked to DL-B2-09-G01 and Q01. Source-backed local assessment; no generated audio required.
DL-B2-09-T02,DL-B2-09-G01,B2,9,b2-09-business-marketing-employment-prepositions,content/B2/lesson-09-business-marketing-employment-prepositions.md,86,### تمرين 2 — أكمل بـwo(r)- أو da(r)- المركّب,2,2,exercise_block; sub-items not separately identified,"Source exercise covered by active B2.9 assessment item(s): Q02, Q03; bundled in data/course.json",present in source lesson,catalogued; covered by active B2.9 assessment,"Stable source-task ID retained and linked to DL-B2-09-G01 and Q02, Q03. Source-backed local assessment; no generated audio required."
DL-B2-09-T03,DL-B2-09-G01,B2,9,b2-09-business-marketing-employment-prepositions,content/B2/lesson-09-business-marketing-employment-prepositions.md,93,### تمرين 3 — أكمل حرف الجر الصحيح,3,3,exercise_block; sub-items not separately identified,"Source exercise covered by active B2.9 assessment item(s): Q04, Q05; bundled in data/course.json",present in source lesson,catalogued; covered by active B2.9 assessment,"Stable source-task ID retained and linked to DL-B2-09-G01 and Q04, Q05. Source-backed local assessment; no generated audio required."
DL-B2-09-T04,DL-B2-09-G01,B2,9,b2-09-business-marketing-employment-prepositions,content/B2/lesson-09-business-marketing-employment-prepositions.md,102,### تمرين 4 — اربط السؤال بالجواب المناسب,4,4,exercise_block; sub-items not separately identified,Source exercise covered by active B2.9 assessment item(s): Q06; bundled in data/course.json,present in source lesson,catalogued; covered by active B2.9 assessment,Stable source-task ID retained and linked to DL-B2-09-G01 and Q06. Source-backed local assessment; no generated audio required.
DL-B2-09-T05,DL-B2-09-G01,B2,9,b2-09-business-marketing-employment-prepositions,content/B2/lesson-09-business-marketing-employment-prepositions.md,111,### تمرين 5 — فهم القراءة,5,5,exercise_block; sub-items not separately identified,"Source exercise covered by active B2.9 assessment item(s): Q07, Q08, P02; bundled in data/course.json",present in source lesson,catalogued; covered by active B2.9 assessment,"Stable source-task ID retained and linked to DL-B2-09-G01 and Q07, Q08, P02. Source-backed local assessment; no generated audio required."
DL-B2-09-T06,DL-B2-09-G01,B2,9,b2-09-business-marketing-employment-prepositions,content/B2/lesson-09-business-marketing-employment-prepositions.md,121,### تمرين 6 — فهم الاستماع,6,6,exercise_block; sub-items not separately identified,"Source exercise covered by active B2.9 assessment item(s): Q09, P02; bundled in data/course.json",present in source lesson,catalogued; covered by active B2.9 assessment,"Stable source-task ID retained and linked to DL-B2-09-G01 and Q09, P02. Assessment uses the written T06 transcript; MP3 playback is not required."
DL-B2-09-T07,DL-B2-09-G01,B2,9,b2-09-business-marketing-employment-prepositions,content/B2/lesson-09-business-marketing-employment-prepositions.md,125,### تمرين 7 — أعد صياغة السؤال والجواب,7,7,exercise_block; sub-items not separately identified,"Source exercise covered by active B2.9 assessment item(s): Q10, P02; bundled in data/course.json",present in source lesson,catalogued; covered by active B2.9 assessment,"Stable source-task ID retained and linked to DL-B2-09-G01 and Q10, P02. Source-backed local assessment; no generated audio required."
DL-B2-09-T08,DL-B2-09-G01,B2,9,b2-09-business-marketing-employment-prepositions,content/B2/lesson-09-business-marketing-employment-prepositions.md,131,### تمرين 8 — اكتب نبذة مهنية أو تسويقية,8,8,exercise_block; sub-items not separately identified,"Source exercise covered by active B2.9 assessment item(s): P01, P02; bundled in data/course.json",present in source lesson,catalogued; covered by active B2.9 assessment,Stable source-task ID retained and linked to P01/P02 and DL-B2-09-G01. T08 accepts five German sentences in writing or equivalent oral delivery with a matching wo(r)+preposition question and da(r)+preposition answer; fictional company/campaign only; solo write/read-aloud without recording or sending audio.
DL-B2-09-Q01,DL-B2-09-G01,B2,9,b2-09-business-marketing-employment-prepositions,content/B2/b2-09-business-marketing-employment-prepositions.assessment.json,,quiz[0] — DL-B2-09-Q01,1,1,individual structured assessment question,Ready local B2.9 assessment question; bundled in data/course.json,answer key and short Arabic explanation reviewed,ready; active local assessment question,Stable assessment ID linked to DL-B2-09-T01 and DL-B2-09-G01. Arabic explanation reviewed; checks the source content without generated audio.
DL-B2-09-Q02,DL-B2-09-G01,B2,9,b2-09-business-marketing-employment-prepositions,content/B2/b2-09-business-marketing-employment-prepositions.assessment.json,,quiz[1] — DL-B2-09-Q02,2,2,individual structured assessment question,Ready local B2.9 assessment question; bundled in data/course.json,answer key and short Arabic explanation reviewed,ready; active local assessment question,Stable assessment ID linked to DL-B2-09-T02 and DL-B2-09-G01. Arabic explanation reviewed; checks the source content without generated audio.
DL-B2-09-Q03,DL-B2-09-G01,B2,9,b2-09-business-marketing-employment-prepositions,content/B2/b2-09-business-marketing-employment-prepositions.assessment.json,,quiz[2] — DL-B2-09-Q03,3,2,individual structured assessment question,Ready local B2.9 assessment question; bundled in data/course.json,answer key and short Arabic explanation reviewed,ready; active local assessment question,Stable assessment ID linked to DL-B2-09-T02 and DL-B2-09-G01. Arabic explanation reviewed; checks the source content without generated audio.
DL-B2-09-Q04,DL-B2-09-G01,B2,9,b2-09-business-marketing-employment-prepositions,content/B2/b2-09-business-marketing-employment-prepositions.assessment.json,,quiz[3] — DL-B2-09-Q04,4,3,individual structured assessment question,Ready local B2.9 assessment question; bundled in data/course.json,answer key and short Arabic explanation reviewed,ready; active local assessment question,Stable assessment ID linked to DL-B2-09-T03 and DL-B2-09-G01. Arabic explanation reviewed; checks the source content without generated audio.
DL-B2-09-Q05,DL-B2-09-G01,B2,9,b2-09-business-marketing-employment-prepositions,content/B2/b2-09-business-marketing-employment-prepositions.assessment.json,,quiz[4] — DL-B2-09-Q05,5,3,individual structured assessment question,Ready local B2.9 assessment question; bundled in data/course.json,answer key and short Arabic explanation reviewed,ready; active local assessment question,Stable assessment ID linked to DL-B2-09-T03 and DL-B2-09-G01. Arabic explanation reviewed; checks the source content without generated audio.
DL-B2-09-Q06,DL-B2-09-G01,B2,9,b2-09-business-marketing-employment-prepositions,content/B2/b2-09-business-marketing-employment-prepositions.assessment.json,,quiz[5] — DL-B2-09-Q06,6,4,individual structured assessment question,Ready local B2.9 assessment question; bundled in data/course.json,answer key and short Arabic explanation reviewed,ready; active local assessment question,Stable assessment ID linked to DL-B2-09-T04 and DL-B2-09-G01. Arabic explanation reviewed; checks the source content without generated audio.
DL-B2-09-Q07,DL-B2-09-G01,B2,9,b2-09-business-marketing-employment-prepositions,content/B2/b2-09-business-marketing-employment-prepositions.assessment.json,,quiz[6] — DL-B2-09-Q07,7,5,individual structured assessment question,Ready local B2.9 assessment question; bundled in data/course.json,answer key and short Arabic explanation reviewed,ready; active local assessment question,Stable assessment ID linked to DL-B2-09-T05 and DL-B2-09-G01. Arabic explanation reviewed; checks the source content without generated audio.
DL-B2-09-Q08,DL-B2-09-G01,B2,9,b2-09-business-marketing-employment-prepositions,content/B2/b2-09-business-marketing-employment-prepositions.assessment.json,,quiz[7] — DL-B2-09-Q08,8,5,individual structured assessment question,Ready local B2.9 assessment question; bundled in data/course.json,answer key and short Arabic explanation reviewed,ready; active local assessment question,Stable assessment ID linked to DL-B2-09-T05 and DL-B2-09-G01. Arabic explanation reviewed; checks the source content without generated audio.
DL-B2-09-Q09,DL-B2-09-G01,B2,9,b2-09-business-marketing-employment-prepositions,content/B2/b2-09-business-marketing-employment-prepositions.assessment.json,,quiz[8] — DL-B2-09-Q09,9,6,individual structured assessment question,Ready local B2.9 assessment question; bundled in data/course.json,answer key and short Arabic explanation reviewed,ready; active local assessment question,Stable assessment ID linked to DL-B2-09-T06 and DL-B2-09-G01. Arabic explanation reviewed; checks the source content without generated audio.
DL-B2-09-Q10,DL-B2-09-G01,B2,9,b2-09-business-marketing-employment-prepositions,content/B2/b2-09-business-marketing-employment-prepositions.assessment.json,,quiz[9] — DL-B2-09-Q10,10,7,individual structured assessment question,Ready local B2.9 assessment question; bundled in data/course.json,answer key and short Arabic explanation reviewed,ready; active local assessment question,Stable assessment ID linked to DL-B2-09-T07 and DL-B2-09-G01. Arabic explanation reviewed; checks the source content without generated audio.
DL-B2-09-P01,DL-B2-09-G01,B2,9,b2-09-business-marketing-employment-prepositions,content/B2/b2-09-business-marketing-employment-prepositions.assessment.json,,performanceTasks[0] — DL-B2-09-P01,1,8,performance assessment task,Active B2.9 performance task; response saved locally with self-check rubric in app,local self-check rubric ready; no audio recording or external evaluator,ready; active local performance self-check,Stable ID linked directly to DL-B2-09-T08 and DL-B2-09-G01; five German sentences about a fictional company/campaign with one matching wo(r)+preposition question and da(r)+preposition answer. Written/oral choice; solo write/read-aloud without recording or sending; no generated audio.
DL-B2-09-P02,DL-B2-09-G01,B2,9,b2-09-business-marketing-employment-prepositions,content/B2/b2-09-business-marketing-employment-prepositions.assessment.json,,performanceTasks[1] — DL-B2-09-P02,2,5;6;7;8,performance assessment task,Active B2.9 performance task; response saved locally with self-check rubric in app,local self-check rubric ready; no audio recording or external evaluator,ready; active local performance self-check,"Stable ID linked to DL-B2-09-T05/T06/T07/T08 and DL-B2-09-G01; five-sentence German briefing about fictional Nordwerk, its offer/audience, and two accurate employment-selection facts, including one matching wo(r)+preposition question and da(r)+preposition answer. Written/oral choice; solo write/read-aloud without recording or sending; no generated audio."
DL-B2-10-T01,DL-B2-10-G01,B2,10,b2-10-wishes-probabilities-technology-konjunktiv2-past,content/B2/lesson-10-wishes-probabilities-technology-konjunktiv2-past.md,79,### تمرين 1 — اختر المفردة المناسبة,1,1,exercise_block; sub-items not separately identified,Source exercise covered by active B2.10 assessment item(s): Q01; bundled in data/course.json,present in source lesson,catalogued; covered by active B2.10 assessment,Stable source-task ID retained and linked to DL-B2-10-G01 and Q01. Source-backed local assessment; no generated audio required.
DL-B2-10-T02,DL-B2-10-G01,B2,10,b2-10-wishes-probabilities-technology-konjunktiv2-past,content/B2/lesson-10-wishes-probabilities-technology-konjunktiv2-past.md,86,### تمرين 2 — أكمل Konjunktiv II للماضي,2,2,exercise_block; sub-items not separately identified,"Source exercise covered by active B2.10 assessment item(s): Q02, Q03; bundled in data/course.json",present in source lesson,catalogued; covered by active B2.10 assessment,"Stable source-task ID retained and linked to DL-B2-10-G01 and Q02, Q03. Source-backed local assessment; no generated audio required."
DL-B2-10-T03,DL-B2-10-G01,B2,10,b2-10-wishes-probabilities-technology-konjunktiv2-past,content/B2/lesson-10-wishes-probabilities-technology-konjunktiv2-past.md,92,### تمرين 3 — اربط الشرط والنتيجة,3,3,exercise_block; sub-items not separately identified,"Source exercise covered by active B2.10 assessment item(s): Q04, Q05; bundled in data/course.json",present in source lesson,catalogued; covered by active B2.10 assessment,"Stable source-task ID retained and linked to DL-B2-10-G01 and Q04, Q05. Source-backed local assessment; no generated audio required."
DL-B2-10-T04,DL-B2-10-G01,B2,10,b2-10-wishes-probabilities-technology-konjunktiv2-past,content/B2/lesson-10-wishes-probabilities-technology-konjunktiv2-past.md,97,### تمرين 4 — اختر الصيغة المناسبة,4,4,exercise_block; sub-items not separately identified,Source exercise covered by active B2.10 assessment item(s): Q06; bundled in data/course.json,present in source lesson,catalogued; covered by active B2.10 assessment,Stable source-task ID retained and linked to DL-B2-10-G01 and Q06. Source-backed local assessment; no generated audio required.
DL-B2-10-T05,DL-B2-10-G01,B2,10,b2-10-wishes-probabilities-technology-konjunktiv2-past,content/B2/lesson-10-wishes-probabilities-technology-konjunktiv2-past.md,103,### تمرين 5 — فهم القراءة,5,5,exercise_block; sub-items not separately identified,"Source exercise covered by active B2.10 assessment item(s): Q07, Q08, P02; bundled in data/course.json",present in source lesson,catalogued; covered by active B2.10 assessment,"Stable source-task ID retained and linked to DL-B2-10-G01 and Q07, Q08, P02. Source-backed local assessment; no generated audio required."
DL-B2-10-T06,DL-B2-10-G01,B2,10,b2-10-wishes-probabilities-technology-konjunktiv2-past,content/B2/lesson-10-wishes-probabilities-technology-konjunktiv2-past.md,113,### تمرين 6 — فهم الاستماع,6,6,exercise_block; sub-items not separately identified,"Source exercise covered by active B2.10 assessment item(s): Q09, P02; bundled in data/course.json",present in source lesson,catalogued; covered by active B2.10 assessment,"Stable source-task ID retained and linked to DL-B2-10-G01 and Q09, P02. The assessment uses the written T06 transcript; MP3 playback is not required."
DL-B2-10-T07,DL-B2-10-G01,B2,10,b2-10-wishes-probabilities-technology-konjunktiv2-past,content/B2/lesson-10-wishes-probabilities-technology-konjunktiv2-past.md,117,### تمرين 7 — حوّل الجملة إلى فرضية عن الماضي,7,7,exercise_block; sub-items not separately identified,Source exercise covered by active B2.10 assessment item(s): Q10; bundled in data/course.json,present in source lesson,catalogued; covered by active B2.10 assessment,Stable source-task ID retained and linked to DL-B2-10-G01 and Q10. Source-backed local assessment; no generated audio required.
DL-B2-10-T08,DL-B2-10-G01,B2,10,b2-10-wishes-probabilities-technology-konjunktiv2-past,content/B2/lesson-10-wishes-probabilities-technology-konjunktiv2-past.md,122,### تمرين 8 — اكتب أو اعرض فرضية تقنية,8,8,exercise_block; sub-items not separately identified,"Source exercise covered by active B2.10 assessment item(s): P01, P02; bundled in data/course.json",present in source lesson,catalogued; covered by active B2.10 assessment,"Stable source-task ID retained and linked to P01/P02 and DL-B2-10-G01. T08 accepts at least five German sentences about a fictional technology scenario with present and past counterfactuals, a wish, and an uncertain possibility; written/oral choice, or solo write/read-aloud without recording or sending audio."
DL-B2-10-Q01,DL-B2-10-G01,B2,10,b2-10-wishes-probabilities-technology-konjunktiv2-past,content/B2/lesson-10-wishes-probabilities-technology-konjunktiv2-past.assessment.json,,quiz[0] — DL-B2-10-Q01,1,1,individual structured assessment question,Ready local B2.10 assessment question; bundled in data/course.json,answer key and short Arabic explanation reviewed,ready; active local assessment question,Stable assessment ID linked to DL-B2-10-T01 and DL-B2-10-G01. Source-backed Arabic explanation; no generated audio required.
DL-B2-10-Q02,DL-B2-10-G01,B2,10,b2-10-wishes-probabilities-technology-konjunktiv2-past,content/B2/lesson-10-wishes-probabilities-technology-konjunktiv2-past.assessment.json,,quiz[1] — DL-B2-10-Q02,2,2,individual structured assessment question,Ready local B2.10 assessment question; bundled in data/course.json,answer key and short Arabic explanation reviewed,ready; active local assessment question,Stable assessment ID linked to DL-B2-10-T02 and DL-B2-10-G01. Source-backed Arabic explanation; no generated audio required.
DL-B2-10-Q03,DL-B2-10-G01,B2,10,b2-10-wishes-probabilities-technology-konjunktiv2-past,content/B2/lesson-10-wishes-probabilities-technology-konjunktiv2-past.assessment.json,,quiz[2] — DL-B2-10-Q03,3,2,individual structured assessment question,Ready local B2.10 assessment question; bundled in data/course.json,answer key and short Arabic explanation reviewed,ready; active local assessment question,Stable assessment ID linked to DL-B2-10-T02 and DL-B2-10-G01. Source-backed Arabic explanation; no generated audio required.
DL-B2-10-Q04,DL-B2-10-G01,B2,10,b2-10-wishes-probabilities-technology-konjunktiv2-past,content/B2/lesson-10-wishes-probabilities-technology-konjunktiv2-past.assessment.json,,quiz[3] — DL-B2-10-Q04,4,3,individual structured assessment question,Ready local B2.10 assessment question; bundled in data/course.json,answer key and short Arabic explanation reviewed,ready; active local assessment question,Stable assessment ID linked to DL-B2-10-T03 and DL-B2-10-G01. Source-backed Arabic explanation; no generated audio required.
DL-B2-10-Q05,DL-B2-10-G01,B2,10,b2-10-wishes-probabilities-technology-konjunktiv2-past,content/B2/lesson-10-wishes-probabilities-technology-konjunktiv2-past.assessment.json,,quiz[4] — DL-B2-10-Q05,5,3,individual structured assessment question,Ready local B2.10 assessment question; bundled in data/course.json,answer key and short Arabic explanation reviewed,ready; active local assessment question,Stable assessment ID linked to DL-B2-10-T03 and DL-B2-10-G01. Source-backed Arabic explanation; no generated audio required.
DL-B2-10-Q06,DL-B2-10-G01,B2,10,b2-10-wishes-probabilities-technology-konjunktiv2-past,content/B2/lesson-10-wishes-probabilities-technology-konjunktiv2-past.assessment.json,,quiz[5] — DL-B2-10-Q06,6,4,individual structured assessment question,Ready local B2.10 assessment question; bundled in data/course.json,answer key and short Arabic explanation reviewed,ready; active local assessment question,Stable assessment ID linked to DL-B2-10-T04 and DL-B2-10-G01. Source-backed Arabic explanation; no generated audio required.
DL-B2-10-Q07,DL-B2-10-G01,B2,10,b2-10-wishes-probabilities-technology-konjunktiv2-past,content/B2/lesson-10-wishes-probabilities-technology-konjunktiv2-past.assessment.json,,quiz[6] — DL-B2-10-Q07,7,5,individual structured assessment question,Ready local B2.10 assessment question; bundled in data/course.json,answer key and short Arabic explanation reviewed,ready; active local assessment question,Stable assessment ID linked to DL-B2-10-T05 and DL-B2-10-G01. Source-backed Arabic explanation; no generated audio required.
DL-B2-10-Q08,DL-B2-10-G01,B2,10,b2-10-wishes-probabilities-technology-konjunktiv2-past,content/B2/lesson-10-wishes-probabilities-technology-konjunktiv2-past.assessment.json,,quiz[7] — DL-B2-10-Q08,8,5,individual structured assessment question,Ready local B2.10 assessment question; bundled in data/course.json,answer key and short Arabic explanation reviewed,ready; active local assessment question,Stable assessment ID linked to DL-B2-10-T05 and DL-B2-10-G01. Source-backed Arabic explanation; no generated audio required.
DL-B2-10-Q09,DL-B2-10-G01,B2,10,b2-10-wishes-probabilities-technology-konjunktiv2-past,content/B2/lesson-10-wishes-probabilities-technology-konjunktiv2-past.assessment.json,,quiz[8] — DL-B2-10-Q09,9,6,individual structured assessment question,Ready local B2.10 assessment question; bundled in data/course.json,answer key and short Arabic explanation reviewed,ready; active local assessment question,Stable assessment ID linked to DL-B2-10-T06 and DL-B2-10-G01. Source-backed Arabic explanation; no generated audio required.
DL-B2-10-Q10,DL-B2-10-G01,B2,10,b2-10-wishes-probabilities-technology-konjunktiv2-past,content/B2/lesson-10-wishes-probabilities-technology-konjunktiv2-past.assessment.json,,quiz[9] — DL-B2-10-Q10,10,7,individual structured assessment question,Ready local B2.10 assessment question; bundled in data/course.json,answer key and short Arabic explanation reviewed,ready; active local assessment question,Stable assessment ID linked to DL-B2-10-T07 and DL-B2-10-G01. Source-backed Arabic explanation; no generated audio required.
DL-B2-10-P01,DL-B2-10-G01,B2,10,b2-10-wishes-probabilities-technology-konjunktiv2-past,content/B2/lesson-10-wishes-probabilities-technology-konjunktiv2-past.assessment.json,,performanceTasks[0] — DL-B2-10-P01,1,8,performance assessment task,Active B2.10 performance task; response saved locally with self-check rubric in app,local self-check rubric ready; no audio recording or external evaluator,ready; active local performance self-check,"Stable ID linked to T08 and DL-B2-10-G01; fictional technology scenario, five German sentences with Konjunktiv II for present/past, a wish and an uncertain possibility. Written/oral choice; solo write/read-aloud without recording or sending; no generated audio."
DL-B2-10-P02,DL-B2-10-G01,B2,10,b2-10-wishes-probabilities-technology-konjunktiv2-past,content/B2/lesson-10-wishes-probabilities-technology-konjunktiv2-past.assessment.json,,performanceTasks[1] — DL-B2-10-P02,2,5;6;8,performance assessment task,Active B2.10 performance task; response saved locally with self-check rubric in app,local self-check rubric ready; no audio recording or external evaluator,ready; active local performance self-check,"Stable ID linked to T05/T06/T08 and DL-B2-10-G01; fictional technology scenario, five German sentences with Konjunktiv II for present/past, a wish and an uncertain possibility. Written/oral choice; solo write/read-aloud without recording or sending; no generated audio."
DL-B2-11-T01,DL-B2-11-G01,B2,11,b2-11-humans-nature-environment-nominalization,content/B2/lesson-11-humans-nature-environment-nominalization.md,79,### تمرين 1 — اختر الاسم المناسب,1,1,exercise_block; sub-items not separately identified,Source exercise covered by active B2.11 assessment item(s): Q01; bundled in data/course.json,present in source lesson,catalogued; covered by active B2.11 assessment,Stable source-task ID retained and linked to DL-B2-11-G01 and DL-B2-11-Q01. Source-backed local assessment; no generated audio required.
DL-B2-11-T02,DL-B2-11-G01,B2,11,b2-11-humans-nature-environment-nominalization,content/B2/lesson-11-humans-nature-environment-nominalization.md,86,### تمرين 2 — حوّل العبارة الفعلية إلى صياغة اسمية,2,2,exercise_block; sub-items not separately identified,"Source exercise covered by active B2.11 assessment item(s): Q02, Q03; bundled in data/course.json",present in source lesson,catalogued; covered by active B2.11 assessment,Stable source-task ID retained and linked to DL-B2-11-G01 and DL-B2-11-Q02; DL-B2-11-Q03. Source-backed local assessment; no generated audio required.
DL-B2-11-T03,DL-B2-11-G01,B2,11,b2-11-humans-nature-environment-nominalization,content/B2/lesson-11-humans-nature-environment-nominalization.md,93,### تمرين 3 — أكمل بحرف الجر والحالة المناسبين,3,3,exercise_block; sub-items not separately identified,"Source exercise covered by active B2.11 assessment item(s): Q04, Q05; bundled in data/course.json",present in source lesson,catalogued; covered by active B2.11 assessment,Stable source-task ID retained and linked to DL-B2-11-G01 and DL-B2-11-Q04; DL-B2-11-Q05. Source-backed local assessment; no generated audio required.
DL-B2-11-T04,DL-B2-11-G01,B2,11,b2-11-humans-nature-environment-nominalization,content/B2/lesson-11-humans-nature-environment-nominalization.md,99,### تمرين 4 — حوّل من الأسلوب الاسمي إلى الفعلي,4,4,exercise_block; sub-items not separately identified,Source exercise covered by active B2.11 assessment item(s): Q06; bundled in data/course.json,present in source lesson,catalogued; covered by active B2.11 assessment,Stable source-task ID retained and linked to DL-B2-11-G01 and DL-B2-11-Q06. Source-backed local assessment; no generated audio required.
DL-B2-11-T05,DL-B2-11-G01,B2,11,b2-11-humans-nature-environment-nominalization,content/B2/lesson-11-humans-nature-environment-nominalization.md,105,### تمرين 5 — فهم القراءة,5,5,exercise_block; sub-items not separately identified,"Source exercise covered by active B2.11 assessment item(s): Q07, Q08, P02; bundled in data/course.json",present in source lesson,catalogued; covered by active B2.11 assessment,Stable source-task ID retained and linked to DL-B2-11-G01 and DL-B2-11-Q07; DL-B2-11-Q08; DL-B2-11-P02. Source-backed local assessment; no generated audio required.
DL-B2-11-T06,DL-B2-11-G01,B2,11,b2-11-humans-nature-environment-nominalization,content/B2/lesson-11-humans-nature-environment-nominalization.md,115,### تمرين 6 — فهم الاستماع,6,6,exercise_block; sub-items not separately identified,"Source exercise covered by active B2.11 assessment item(s): Q09, P02; bundled in data/course.json",present in source lesson,catalogued; covered by active B2.11 assessment,Stable source-task ID retained and linked to DL-B2-11-G01 and DL-B2-11-Q09; DL-B2-11-P02. Assessment uses the written T06 transcript; MP3 playback is not required.
DL-B2-11-T07,DL-B2-11-G01,B2,11,b2-11-humans-nature-environment-nominalization,content/B2/lesson-11-humans-nature-environment-nominalization.md,119,### تمرين 7 — اختر الصياغة الأنسب للأسلوب الرسمي,7,7,exercise_block; sub-items not separately identified,Source exercise covered by active B2.11 assessment item(s): Q10; bundled in data/course.json,present in source lesson,catalogued; covered by active B2.11 assessment,Stable source-task ID retained and linked to DL-B2-11-G01 and DL-B2-11-Q10. Source-backed local assessment; no generated audio required.
DL-B2-11-T08,DL-B2-11-G01,B2,11,b2-11-humans-nature-environment-nominalization,content/B2/lesson-11-humans-nature-environment-nominalization.md,127,### تمرين 8 — اكتب فقرة عن إجراء بيئي,8,8,exercise_block; sub-items not separately identified,"Source exercise covered by active B2.11 assessment item(s): P01, P02; bundled in data/course.json",present in source lesson,catalogued; covered by active B2.11 assessment,"Stable source-task ID retained and linked to DL-B2-11-G01 and DL-B2-11-P01; DL-B2-11-P02. Five or more German sentences, two nominal forms, possible impact and human need; written/oral choice with solo write/read-aloud and no recording or sending."
DL-B2-12-T01,DL-B2-12-G01,B2,12,b2-12-leisure-media-reported-speech,content/B2/lesson-12-leisure-media-reported-speech.md,75,### تمرين 1 — أكمل صيغة Konjunktiv I,1,1,exercise_block; sub-items not separately identified,Source exercise covered by active B2.12 assessment item(s): Q01; bundled in data/course.json,present in source lesson,catalogued; covered by active B2.12 assessment,Stable source-task ID retained and linked to DL-B2-12-G01 and DL-B2-12-Q01. Source-backed local assessment; no generated audio required.
DL-B2-12-T02,DL-B2-12-G01,B2,12,b2-12-leisure-media-reported-speech,content/B2/lesson-12-leisure-media-reported-speech.md,82,### تمرين 2 — حوّل القول المباشر إلى كلام منقول,2,2,exercise_block; sub-items not separately identified,"Source exercise covered by active B2.12 assessment item(s): Q02, Q03; bundled in data/course.json",present in source lesson,catalogued; covered by active B2.12 assessment,"Stable source-task ID retained and linked to DL-B2-12-G01 and DL-B2-12-Q02, DL-B2-12-Q03. Source-backed local assessment; no generated audio required."
DL-B2-12-T03,DL-B2-12-G01,B2,12,b2-12-leisure-media-reported-speech,content/B2/lesson-12-leisure-media-reported-speech.md,88,### تمرين 3 — اختر صيغة النقل المناسبة,3,3,exercise_block; sub-items not separately identified,"Source exercise covered by active B2.12 assessment item(s): Q04, Q05; bundled in data/course.json",present in source lesson,catalogued; covered by active B2.12 assessment,"Stable source-task ID retained and linked to DL-B2-12-G01 and DL-B2-12-Q04, DL-B2-12-Q05. Source-backed local assessment; no generated audio required."
DL-B2-12-T04,DL-B2-12-G01,B2,12,b2-12-leisure-media-reported-speech,content/B2/lesson-12-leisure-media-reported-speech.md,94,### تمرين 4 — ميّز المصدر عن رأي الكاتب,4,4,exercise_block; sub-items not separately identified,Source exercise covered by active B2.12 assessment item(s): Q10; bundled in data/course.json,present in source lesson,catalogued; covered by active B2.12 assessment,Stable source-task ID retained and linked to DL-B2-12-G01 and DL-B2-12-Q10. Source-backed local assessment; no generated audio required.
DL-B2-12-T05,DL-B2-12-G01,B2,12,b2-12-leisure-media-reported-speech,content/B2/lesson-12-leisure-media-reported-speech.md,103,### تمرين 5 — فهم القراءة,5,5,exercise_block; sub-items not separately identified,"Source exercise covered by active B2.12 assessment item(s): Q06, Q07; bundled in data/course.json",present in source lesson,catalogued; covered by active B2.12 assessment,"Stable source-task ID retained and linked to DL-B2-12-G01 and DL-B2-12-Q06, DL-B2-12-Q07. Source-backed local assessment; no generated audio required."
DL-B2-12-T06,DL-B2-12-G01,B2,12,b2-12-leisure-media-reported-speech,content/B2/lesson-12-leisure-media-reported-speech.md,113,### تمرين 6 — فهم الاستماع,6,6,exercise_block; sub-items not separately identified,Source exercise covered by active B2.12 assessment item(s): Q08; bundled in data/course.json,present in source lesson,catalogued; covered by active B2.12 assessment,Stable source-task ID retained and linked to DL-B2-12-G01 and DL-B2-12-Q08. Source-backed local assessment; no generated audio required.
DL-B2-12-T07,DL-B2-12-G01,B2,12,b2-12-leisure-media-reported-speech,content/B2/lesson-12-leisure-media-reported-speech.md,117,### تمرين 7 — أكمل بمصدر مناسب للقول,7,7,exercise_block; sub-items not separately identified,Source exercise covered by active B2.12 assessment item(s): Q09; bundled in data/course.json,present in source lesson,catalogued; covered by active B2.12 assessment,Stable source-task ID retained and linked to DL-B2-12-G01 and DL-B2-12-Q09. Source-backed local assessment; no generated audio required.
DL-B2-12-T08,DL-B2-12-G01,B2,12,b2-12-leisure-media-reported-speech,content/B2/lesson-12-leisure-media-reported-speech.md,126,### تمرين 8 — لخّص مقابلة خيالية,8,8,exercise_block; sub-items not separately identified,"Source exercise covered by active B2.12 assessment item(s): P01, P02; bundled in data/course.json",present in source lesson,catalogued; covered by active B2.12 assessment,"Stable source-task ID retained and linked to DL-B2-12-G01 and DL-B2-12-P01; DL-B2-12-P02. Five-to-six-sentence fictional interview summary, three attributed views, clear Konjunktiv I/Konjunktiv II distinction, and separately marked personal opinion; written/oral choice with solo write/read-aloud and no recording or sending."
DL-A0-GATE-Q01,DL-A0-GATE-G01,A0,GATE,a0-a1-gate,content/A0/lesson-06-placement-check.md,13,### سؤال 1 — DL-A0-GATE-Q01,1,,individual gate question,Structured question in active A0 assessment; bundled in data/course.json,answer key reviewed; explanation included,ready; active local assessment question,"CR6 a0-gate-v2: current source guide and assessment, not legacy archive; optional audio unchanged and listening not scored. data/reviews/a0-gate-review.md"
DL-A0-GATE-Q02,DL-A0-GATE-G01,A0,GATE,a0-a1-gate,content/A0/lesson-06-placement-check.md,21,### سؤال 2 — DL-A0-GATE-Q02,2,,individual gate question,Structured question in active A0 assessment; bundled in data/course.json,answer key reviewed; explanation included,ready; active local assessment question,"CR6 a0-gate-v2: current source guide and assessment, not legacy archive; optional audio unchanged and listening not scored. data/reviews/a0-gate-review.md"
DL-A0-GATE-Q03,DL-A0-GATE-G01,A0,GATE,a0-a1-gate,content/A0/lesson-06-placement-check.md,29,### سؤال 3 — DL-A0-GATE-Q03,3,,individual gate question,Structured question in active A0 assessment; bundled in data/course.json,answer key reviewed; explanation included,ready; active local assessment question,"CR6 a0-gate-v2: current source guide and assessment, not legacy archive; optional audio unchanged and listening not scored. data/reviews/a0-gate-review.md"
DL-A0-GATE-Q04,DL-A0-GATE-G01,A0,GATE,a0-a1-gate,content/A0/lesson-06-placement-check.md,37,### سؤال 4 — DL-A0-GATE-Q04,4,,individual gate question,Structured question in active A0 assessment; bundled in data/course.json,answer key reviewed; explanation included,ready; active local assessment question,"CR6 a0-gate-v2: current source guide and assessment, not legacy archive; optional audio unchanged and listening not scored. data/reviews/a0-gate-review.md"
DL-A0-GATE-Q05,DL-A0-GATE-G01,A0,GATE,a0-a1-gate,content/A0/lesson-06-placement-check.md,45,### سؤال 5 — DL-A0-GATE-Q05,5,,individual gate question,Structured question in active A0 assessment; bundled in data/course.json,answer key reviewed; explanation included,ready; active local assessment question,"CR6 a0-gate-v2: current source guide and assessment, not legacy archive; optional audio unchanged and listening not scored. data/reviews/a0-gate-review.md"
DL-A0-GATE-Q06,DL-A0-GATE-G01,A0,GATE,a0-a1-gate,content/A0/lesson-06-placement-check.md,53,### سؤال 6 — DL-A0-GATE-Q06,6,,individual gate question,Structured question in active A0 assessment; bundled in data/course.json,answer key reviewed; explanation included,ready; active local assessment question,"CR6 a0-gate-v2: current source guide and assessment, not legacy archive; optional audio unchanged and listening not scored. data/reviews/a0-gate-review.md"
DL-A0-GATE-Q07,DL-A0-GATE-G01,A0,GATE,a0-a1-gate,content/A0/lesson-06-placement-check.md,61,### سؤال 7 — DL-A0-GATE-Q07,7,,individual gate question,Structured question in active A0 assessment; bundled in data/course.json,answer key reviewed; explanation included,ready; active local assessment question,"CR6 a0-gate-v2: current source guide and assessment, not legacy archive; optional audio unchanged and listening not scored. data/reviews/a0-gate-review.md"
DL-A0-GATE-Q08,DL-A0-GATE-G01,A0,GATE,a0-a1-gate,content/A0/lesson-06-placement-check.md,69,### سؤال 8 — DL-A0-GATE-Q08,8,,individual gate question,Structured question in active A0 assessment; bundled in data/course.json,answer key reviewed; explanation included,ready; active local assessment question,"CR6 a0-gate-v2: current source guide and assessment, not legacy archive; optional audio unchanged and listening not scored. data/reviews/a0-gate-review.md"
DL-A0-GATE-Q09,DL-A0-GATE-G01,A0,GATE,a0-a1-gate,content/A0/lesson-06-placement-check.md,77,### سؤال 9 — DL-A0-GATE-Q09,9,,individual gate question,Structured question in active A0 assessment; bundled in data/course.json,answer key reviewed; explanation included,ready; active local assessment question,"CR6 a0-gate-v2: current source guide and assessment, not legacy archive; optional audio unchanged and listening not scored. data/reviews/a0-gate-review.md"
DL-A0-GATE-Q10,DL-A0-GATE-G01,A0,GATE,a0-a1-gate,content/A0/lesson-06-placement-check.md,85,### سؤال 10 — DL-A0-GATE-Q10,10,,individual gate question,Structured question in active A0 assessment; bundled in data/course.json,answer key reviewed; explanation included,ready; active local assessment question,"CR6 a0-gate-v2: current source guide and assessment, not legacy archive; optional audio unchanged and listening not scored. data/reviews/a0-gate-review.md"
DL-A0-01-Q01,DL-A0-01-G01,A0,1,a0-01-alphabet,content/A0/lesson-01-alphabet.assessment.json,,assessment quiz item DL-A0-01-Q01,1,1,individual structured assessment question,Structured question in active A0 assessment; bundled in data/course.json,answer key reviewed; explanation included,ready; active local assessment question,A0.1 text/source review 2026-10-07: data/reviews/a0-01-review.md; assessment a0-01-v2. Existing audio unchanged; written T06/P02 is not listening or pronunciation evidence.
DL-A0-01-Q02,DL-A0-01-G01,A0,1,a0-01-alphabet,content/A0/lesson-01-alphabet.assessment.json,,assessment quiz item DL-A0-01-Q02,2,1,individual structured assessment question,Structured question in active A0 assessment; bundled in data/course.json,answer key reviewed; explanation included,ready; active local assessment question,A0.1 text/source review 2026-10-07: data/reviews/a0-01-review.md; assessment a0-01-v2. Existing audio unchanged; written T06/P02 is not listening or pronunciation evidence.
DL-A0-01-Q03,DL-A0-01-G01,A0,1,a0-01-alphabet,content/A0/lesson-01-alphabet.assessment.json,,assessment quiz item DL-A0-01-Q03,3,2,individual structured assessment question,Structured question in active A0 assessment; bundled in data/course.json,answer key reviewed; explanation included,ready; active local assessment question,A0.1 text/source review 2026-10-07: data/reviews/a0-01-review.md; assessment a0-01-v2. Existing audio unchanged; written T06/P02 is not listening or pronunciation evidence.
DL-A0-01-Q04,DL-A0-01-G01,A0,1,a0-01-alphabet,content/A0/lesson-01-alphabet.assessment.json,,assessment quiz item DL-A0-01-Q04,4,2,individual structured assessment question,Structured question in active A0 assessment; bundled in data/course.json,answer key reviewed; explanation included,ready; active local assessment question,A0.1 text/source review 2026-10-07: data/reviews/a0-01-review.md; assessment a0-01-v2. Existing audio unchanged; written T06/P02 is not listening or pronunciation evidence.
DL-A0-01-Q05,DL-A0-01-G01,A0,1,a0-01-alphabet,content/A0/lesson-01-alphabet.assessment.json,,assessment quiz item DL-A0-01-Q05,5,2,individual structured assessment question,Structured question in active A0 assessment; bundled in data/course.json,answer key reviewed; explanation included,ready; active local assessment question,A0.1 text/source review 2026-10-07: data/reviews/a0-01-review.md; assessment a0-01-v2. Existing audio unchanged; written T06/P02 is not listening or pronunciation evidence.
DL-A0-01-Q06,DL-A0-01-G01,A0,1,a0-01-alphabet,content/A0/lesson-01-alphabet.assessment.json,,assessment quiz item DL-A0-01-Q06,6,2,individual structured assessment question,Structured question in active A0 assessment; bundled in data/course.json,answer key reviewed; explanation included,ready; active local assessment question,A0.1 text/source review 2026-10-07: data/reviews/a0-01-review.md; assessment a0-01-v2. Existing audio unchanged; written T06/P02 is not listening or pronunciation evidence.
DL-A0-01-Q07,DL-A0-01-G01,A0,1,a0-01-alphabet,content/A0/lesson-01-alphabet.assessment.json,,assessment quiz item DL-A0-01-Q07,7,2,individual structured assessment question,Structured question in active A0 assessment; bundled in data/course.json,answer key reviewed; explanation included,ready; active local assessment question,A0.1 text/source review 2026-10-07: data/reviews/a0-01-review.md; assessment a0-01-v2. Existing audio unchanged; written T06/P02 is not listening or pronunciation evidence.
DL-A0-01-Q08,DL-A0-01-G01,A0,1,a0-01-alphabet,content/A0/lesson-01-alphabet.assessment.json,,assessment quiz item DL-A0-01-Q08,8,5,individual structured assessment question,Structured question in active A0 assessment; bundled in data/course.json,answer key reviewed; explanation included,ready; active local assessment question,A0.1 text/source review 2026-10-07: data/reviews/a0-01-review.md; assessment a0-01-v2. Existing audio unchanged; written T06/P02 is not listening or pronunciation evidence.
DL-A0-01-Q09,DL-A0-01-G01,A0,1,a0-01-alphabet,content/A0/lesson-01-alphabet.assessment.json,,assessment quiz item DL-A0-01-Q09,9,5,individual structured assessment question,Structured question in active A0 assessment; bundled in data/course.json,answer key reviewed; explanation included,ready; active local assessment question,A0.1 text/source review 2026-10-07: data/reviews/a0-01-review.md; assessment a0-01-v2. Existing audio unchanged; written T06/P02 is not listening or pronunciation evidence.
DL-A0-01-Q10,DL-A0-01-G01,A0,1,a0-01-alphabet,content/A0/lesson-01-alphabet.assessment.json,,assessment quiz item DL-A0-01-Q10,10,4,individual structured assessment question,Structured question in active A0 assessment; bundled in data/course.json,answer key reviewed; explanation included,ready; active local assessment question,A0.1 text/source review 2026-10-07: data/reviews/a0-01-review.md; assessment a0-01-v2. Existing audio unchanged; written T06/P02 is not listening or pronunciation evidence.
DL-A0-01-P01,DL-A0-01-G01,A0,1,a0-01-alphabet,content/A0/lesson-01-alphabet.assessment.json,,performance task DL-A0-01-P01,11,4,performance assessment task,Active performance task; locally saved response and rubric checks in the app,local self-check rubric ready; no audio recording or external evaluator,ready; active local performance self-check,A0.1 text/source review 2026-10-07: data/reviews/a0-01-review.md; assessment a0-01-v2. Existing audio unchanged; written T06/P02 is not listening or pronunciation evidence.
DL-A0-01-P02,DL-A0-01-G01,A0,1,a0-01-alphabet,content/A0/lesson-01-alphabet.assessment.json,,performance task DL-A0-01-P02,12,6,performance assessment task,Active performance task; locally saved response and rubric checks in the app,local self-check rubric ready; no audio recording or external evaluator,ready; active local performance self-check,A0.1 text/source review 2026-10-07: data/reviews/a0-01-review.md; assessment a0-01-v2. Existing audio unchanged; written T06/P02 is not listening or pronunciation evidence.
DL-A0-02-Q01,DL-A0-02-G01,A0,2,a0-02-greetings,content/A0/lesson-02-greetings.assessment.json,,quiz[0] — DL-A0-02-Q01,1,1,individual structured assessment question,Structured question in active A0 assessment; bundled in data/course.json,answer key reviewed; explanation included,ready; active local assessment question,CR2 source-supported text review 2026-10-07: data/reviews/a0-02-review.md; a0-02-v2; existing audio unchanged; local self-check is not automatic pronunciation scoring.
DL-A0-02-Q02,DL-A0-02-G01,A0,2,a0-02-greetings,content/A0/lesson-02-greetings.assessment.json,,quiz[1] — DL-A0-02-Q02,2,1,individual structured assessment question,Structured question in active A0 assessment; bundled in data/course.json,answer key reviewed; explanation included,ready; active local assessment question,CR2 source-supported text review 2026-10-07: data/reviews/a0-02-review.md; a0-02-v2; existing audio unchanged; local self-check is not automatic pronunciation scoring.
DL-A0-02-Q03,DL-A0-02-G01,A0,2,a0-02-greetings,content/A0/lesson-02-greetings.assessment.json,,quiz[2] — DL-A0-02-Q03,3,1,individual structured assessment question,Structured question in active A0 assessment; bundled in data/course.json,answer key reviewed; explanation included,ready; active local assessment question,CR2 source-supported text review 2026-10-07: data/reviews/a0-02-review.md; a0-02-v2; existing audio unchanged; local self-check is not automatic pronunciation scoring.
DL-A0-02-Q04,DL-A0-02-G01,A0,2,a0-02-greetings,content/A0/lesson-02-greetings.assessment.json,,quiz[3] — DL-A0-02-Q04,4,2,individual structured assessment question,Structured question in active A0 assessment; bundled in data/course.json,answer key reviewed; explanation included,ready; active local assessment question,CR2 source-supported text review 2026-10-07: data/reviews/a0-02-review.md; a0-02-v2; existing audio unchanged; local self-check is not automatic pronunciation scoring.
DL-A0-02-Q05,DL-A0-02-G01,A0,2,a0-02-greetings,content/A0/lesson-02-greetings.assessment.json,,quiz[4] — DL-A0-02-Q05,5,2,individual structured assessment question,Structured question in active A0 assessment; bundled in data/course.json,answer key reviewed; explanation included,ready; active local assessment question,CR2 source-supported text review 2026-10-07: data/reviews/a0-02-review.md; a0-02-v2; existing audio unchanged; local self-check is not automatic pronunciation scoring.
DL-A0-02-Q06,DL-A0-02-G01,A0,2,a0-02-greetings,content/A0/lesson-02-greetings.assessment.json,,quiz[5] — DL-A0-02-Q06,6,3,individual structured assessment question,Structured question in active A0 assessment; bundled in data/course.json,answer key reviewed; explanation included,ready; active local assessment question,CR2 source-supported text review 2026-10-07: data/reviews/a0-02-review.md; a0-02-v2; existing audio unchanged; local self-check is not automatic pronunciation scoring.
DL-A0-02-Q07,DL-A0-02-G01,A0,2,a0-02-greetings,content/A0/lesson-02-greetings.assessment.json,,quiz[6] — DL-A0-02-Q07,7,5,individual structured assessment question,Structured question in active A0 assessment; bundled in data/course.json,answer key reviewed; explanation included,ready; active local assessment question,CR2 source-supported text review 2026-10-07: data/reviews/a0-02-review.md; a0-02-v2; existing audio unchanged; local self-check is not automatic pronunciation scoring.
DL-A0-02-Q08,DL-A0-02-G01,A0,2,a0-02-greetings,content/A0/lesson-02-greetings.assessment.json,,quiz[7] — DL-A0-02-Q08,8,5,individual structured assessment question,Structured question in active A0 assessment; bundled in data/course.json,answer key reviewed; explanation included,ready; active local assessment question,CR2 source-supported text review 2026-10-07: data/reviews/a0-02-review.md; a0-02-v2; existing audio unchanged; local self-check is not automatic pronunciation scoring.
DL-A0-02-Q09,DL-A0-02-G01,A0,2,a0-02-greetings,content/A0/lesson-02-greetings.assessment.json,,quiz[8] — DL-A0-02-Q09,9,3,individual structured assessment question,Structured question in active A0 assessment; bundled in data/course.json,answer key reviewed; explanation included,ready; active local assessment question,CR2 source-supported text review 2026-10-07: data/reviews/a0-02-review.md; a0-02-v2; existing audio unchanged; local self-check is not automatic pronunciation scoring.
DL-A0-02-Q10,DL-A0-02-G01,A0,2,a0-02-greetings,content/A0/lesson-02-greetings.assessment.json,,quiz[9] — DL-A0-02-Q10,10,6,individual structured assessment question,Structured question in active A0 assessment; bundled in data/course.json,answer key reviewed; explanation included,ready; active local assessment question,CR2 source-supported text review 2026-10-07: data/reviews/a0-02-review.md; a0-02-v2; existing audio unchanged; local self-check is not automatic pronunciation scoring.
DL-A0-02-P01,DL-A0-02-G01,A0,2,a0-02-greetings,content/A0/lesson-02-greetings.assessment.json,,performanceTasks[0] — DL-A0-02-P01,1,7,performance assessment task,Active performance task; locally saved response and rubric checks in the app,local self-check rubric ready; no audio recording or external evaluator,ready; active local performance self-check,CR2 source-supported text review 2026-10-07: data/reviews/a0-02-review.md; a0-02-v2; existing audio unchanged; local self-check is not automatic pronunciation scoring.
DL-A0-02-P02,DL-A0-02-G01,A0,2,a0-02-greetings,content/A0/lesson-02-greetings.assessment.json,,performanceTasks[1] — DL-A0-02-P02,2,8,performance assessment task,Active performance task; locally saved response and rubric checks in the app,local self-check rubric ready; no audio recording or external evaluator,ready; active local performance self-check,CR2 source-supported text review 2026-10-07: data/reviews/a0-02-review.md; a0-02-v2; existing audio unchanged; local self-check is not automatic pronunciation scoring.
DL-A0-03-Q01,DL-A0-03-G01,A0,3,a0-03-numbers-personal-info,content/A0/lesson-03-numbers-personal-info.assessment.json,,quiz[0] — DL-A0-03-Q01,1,1,individual structured assessment question,Structured question in active A0 assessment; bundled in data/course.json,answer key reviewed; explanation included,ready; active local assessment question,CR3 text review; existing 2 audio assets/7 clips preserved; no new acoustic review. Local self-check is not independent language or speech scoring.
DL-A0-03-Q02,DL-A0-03-G01,A0,3,a0-03-numbers-personal-info,content/A0/lesson-03-numbers-personal-info.assessment.json,,quiz[1] — DL-A0-03-Q02,2,1,individual structured assessment question,Structured question in active A0 assessment; bundled in data/course.json,answer key reviewed; explanation included,ready; active local assessment question,CR3 text review; existing 2 audio assets/7 clips preserved; no new acoustic review. Local self-check is not independent language or speech scoring.
DL-A0-03-Q03,DL-A0-03-G01,A0,3,a0-03-numbers-personal-info,content/A0/lesson-03-numbers-personal-info.assessment.json,,quiz[2] — DL-A0-03-Q03,3,1,individual structured assessment question,Structured question in active A0 assessment; bundled in data/course.json,answer key reviewed; explanation included,ready; active local assessment question,CR3 text review; existing 2 audio assets/7 clips preserved; no new acoustic review. Local self-check is not independent language or speech scoring.
DL-A0-03-Q04,DL-A0-03-G01,A0,3,a0-03-numbers-personal-info,content/A0/lesson-03-numbers-personal-info.assessment.json,,quiz[3] — DL-A0-03-Q04,4,1,individual structured assessment question,Structured question in active A0 assessment; bundled in data/course.json,answer key reviewed; explanation included,ready; active local assessment question,CR3 text review; existing 2 audio assets/7 clips preserved; no new acoustic review. Local self-check is not independent language or speech scoring.
DL-A0-03-Q05,DL-A0-03-G01,A0,3,a0-03-numbers-personal-info,content/A0/lesson-03-numbers-personal-info.assessment.json,,quiz[4] — DL-A0-03-Q05,5,2,individual structured assessment question,Structured question in active A0 assessment; bundled in data/course.json,answer key reviewed; explanation included,ready; active local assessment question,CR3 text review; existing 2 audio assets/7 clips preserved; no new acoustic review. Local self-check is not independent language or speech scoring.
DL-A0-03-Q06,DL-A0-03-G01,A0,3,a0-03-numbers-personal-info,content/A0/lesson-03-numbers-personal-info.assessment.json,,quiz[5] — DL-A0-03-Q06,6,2,individual structured assessment question,Structured question in active A0 assessment; bundled in data/course.json,answer key reviewed; explanation included,ready; active local assessment question,CR3 text review; existing 2 audio assets/7 clips preserved; no new acoustic review. Local self-check is not independent language or speech scoring.
DL-A0-03-Q07,DL-A0-03-G01,A0,3,a0-03-numbers-personal-info,content/A0/lesson-03-numbers-personal-info.assessment.json,,quiz[6] — DL-A0-03-Q07,7,4,individual structured assessment question,Structured question in active A0 assessment; bundled in data/course.json,answer key reviewed; explanation included,ready; active local assessment question,CR3 text review; existing 2 audio assets/7 clips preserved; no new acoustic review. Local self-check is not independent language or speech scoring.
DL-A0-03-Q08,DL-A0-03-G01,A0,3,a0-03-numbers-personal-info,content/A0/lesson-03-numbers-personal-info.assessment.json,,quiz[7] — DL-A0-03-Q08,8,4,individual structured assessment question,Structured question in active A0 assessment; bundled in data/course.json,answer key reviewed; explanation included,ready; active local assessment question,CR3 text review; existing 2 audio assets/7 clips preserved; no new acoustic review. Local self-check is not independent language or speech scoring.
DL-A0-03-Q09,DL-A0-03-G01,A0,3,a0-03-numbers-personal-info,content/A0/lesson-03-numbers-personal-info.assessment.json,,quiz[8] — DL-A0-03-Q09,9,6,individual structured assessment question,Structured question in active A0 assessment; bundled in data/course.json,answer key reviewed; explanation included,ready; active local assessment question,CR3 text review; existing 2 audio assets/7 clips preserved; no new acoustic review. Local self-check is not independent language or speech scoring.
DL-A0-03-Q10,DL-A0-03-G01,A0,3,a0-03-numbers-personal-info,content/A0/lesson-03-numbers-personal-info.assessment.json,,quiz[9] — DL-A0-03-Q10,10,1,individual structured assessment question,Structured question in active A0 assessment; bundled in data/course.json,answer key reviewed; explanation included,ready; active local assessment question,CR3 text review; existing 2 audio assets/7 clips preserved; no new acoustic review. Local self-check is not independent language or speech scoring.
DL-A0-03-P01,DL-A0-03-G01,A0,3,a0-03-numbers-personal-info,content/A0/lesson-03-numbers-personal-info.assessment.json,,performanceTasks[0] — DL-A0-03-P01,1,7;8,performance assessment task,Active performance task; locally saved response and rubric checks in the app,local self-check rubric ready; no audio recording or external evaluator,ready; active local performance self-check,CR3 text review; existing 2 audio assets/7 clips preserved; no new acoustic review. Local self-check is not independent language or speech scoring.
DL-A0-03-P02,DL-A0-03-G01,A0,3,a0-03-numbers-personal-info,content/A0/lesson-03-numbers-personal-info.assessment.json,,performanceTasks[1] — DL-A0-03-P02,2,6,performance assessment task,Active performance task; locally saved response and rubric checks in the app,local self-check rubric ready; no audio recording or external evaluator,ready; active local performance self-check,CR3 text review; existing 2 audio assets/7 clips preserved; no new acoustic review. Local self-check is not independent language or speech scoring.
DL-A0-04-Q01,DL-A0-04-G01,A0,4,a0-04-first-sentences,content/A0/lesson-04-first-sentences.assessment.json,,quiz[0] — DL-A0-04-Q01,1,1,individual structured assessment question,Structured question in active A0 assessment; bundled in data/course.json,answer key reviewed; explanation included,ready; active local assessment question,CR4 source-supported text review: data/reviews/a0-04-review.md; a0-04-v2. Existing model audio unchanged; no separate T08 dialogue recording; no new acoustic review. Self-check is not automatic language/speech scoring.
DL-A0-04-Q02,DL-A0-04-G01,A0,4,a0-04-first-sentences,content/A0/lesson-04-first-sentences.assessment.json,,quiz[1] — DL-A0-04-Q02,2,2,individual structured assessment question,Structured question in active A0 assessment; bundled in data/course.json,answer key reviewed; explanation included,ready; active local assessment question,CR4 source-supported text review: data/reviews/a0-04-review.md; a0-04-v2. Existing model audio unchanged; no separate T08 dialogue recording; no new acoustic review. Self-check is not automatic language/speech scoring.
DL-A0-04-Q03,DL-A0-04-G01,A0,4,a0-04-first-sentences,content/A0/lesson-04-first-sentences.assessment.json,,quiz[2] — DL-A0-04-Q03,3,2,individual structured assessment question,Structured question in active A0 assessment; bundled in data/course.json,answer key reviewed; explanation included,ready; active local assessment question,CR4 source-supported text review: data/reviews/a0-04-review.md; a0-04-v2. Existing model audio unchanged; no separate T08 dialogue recording; no new acoustic review. Self-check is not automatic language/speech scoring.
DL-A0-04-Q04,DL-A0-04-G01,A0,4,a0-04-first-sentences,content/A0/lesson-04-first-sentences.assessment.json,,quiz[3] — DL-A0-04-Q04,4,3,individual structured assessment question,Structured question in active A0 assessment; bundled in data/course.json,answer key reviewed; explanation included,ready; active local assessment question,CR4 source-supported text review: data/reviews/a0-04-review.md; a0-04-v2. Existing model audio unchanged; no separate T08 dialogue recording; no new acoustic review. Self-check is not automatic language/speech scoring.
DL-A0-04-Q05,DL-A0-04-G01,A0,4,a0-04-first-sentences,content/A0/lesson-04-first-sentences.assessment.json,,quiz[4] — DL-A0-04-Q05,5,4,individual structured assessment question,Structured question in active A0 assessment; bundled in data/course.json,answer key reviewed; explanation included,ready; active local assessment question,CR4 source-supported text review: data/reviews/a0-04-review.md; a0-04-v2. Existing model audio unchanged; no separate T08 dialogue recording; no new acoustic review. Self-check is not automatic language/speech scoring.
DL-A0-04-Q06,DL-A0-04-G01,A0,4,a0-04-first-sentences,content/A0/lesson-04-first-sentences.assessment.json,,quiz[5] — DL-A0-04-Q06,6,5,individual structured assessment question,Structured question in active A0 assessment; bundled in data/course.json,answer key reviewed; explanation included,ready; active local assessment question,CR4 source-supported text review: data/reviews/a0-04-review.md; a0-04-v2. Existing model audio unchanged; no separate T08 dialogue recording; no new acoustic review. Self-check is not automatic language/speech scoring.
DL-A0-04-Q07,DL-A0-04-G01,A0,4,a0-04-first-sentences,content/A0/lesson-04-first-sentences.assessment.json,,quiz[6] — DL-A0-04-Q07,7,6,individual structured assessment question,Structured question in active A0 assessment; bundled in data/course.json,answer key reviewed; explanation included,ready; active local assessment question,CR4 source-supported text review: data/reviews/a0-04-review.md; a0-04-v2. Existing model audio unchanged; no separate T08 dialogue recording; no new acoustic review. Self-check is not automatic language/speech scoring.
DL-A0-04-Q08,DL-A0-04-G01,A0,4,a0-04-first-sentences,content/A0/lesson-04-first-sentences.assessment.json,,quiz[7] — DL-A0-04-Q08,8,2,individual structured assessment question,Structured question in active A0 assessment; bundled in data/course.json,answer key reviewed; explanation included,ready; active local assessment question,CR4 source-supported text review: data/reviews/a0-04-review.md; a0-04-v2. Existing model audio unchanged; no separate T08 dialogue recording; no new acoustic review. Self-check is not automatic language/speech scoring.
DL-A0-04-Q09,DL-A0-04-G01,A0,4,a0-04-first-sentences,content/A0/lesson-04-first-sentences.assessment.json,,quiz[8] — DL-A0-04-Q09,9,2,individual structured assessment question,Structured question in active A0 assessment; bundled in data/course.json,answer key reviewed; explanation included,ready; active local assessment question,CR4 source-supported text review: data/reviews/a0-04-review.md; a0-04-v2. Existing model audio unchanged; no separate T08 dialogue recording; no new acoustic review. Self-check is not automatic language/speech scoring.
DL-A0-04-Q10,DL-A0-04-G01,A0,4,a0-04-first-sentences,content/A0/lesson-04-first-sentences.assessment.json,,quiz[9] — DL-A0-04-Q10,10,3,individual structured assessment question,Structured question in active A0 assessment; bundled in data/course.json,answer key reviewed; explanation included,ready; active local assessment question,CR4 source-supported text review: data/reviews/a0-04-review.md; a0-04-v2. Existing model audio unchanged; no separate T08 dialogue recording; no new acoustic review. Self-check is not automatic language/speech scoring.
DL-A0-04-P01,DL-A0-04-G01,A0,4,a0-04-first-sentences,content/A0/lesson-04-first-sentences.assessment.json,,performanceTasks[0] — DL-A0-04-P01,1,7,performance assessment task,Active performance task; locally saved response and rubric checks in the app,local self-check rubric ready; no audio recording or external evaluator,ready; active local performance self-check,CR4 source-supported text review: data/reviews/a0-04-review.md; a0-04-v2. Existing model audio unchanged; no separate T08 dialogue recording; no new acoustic review. Self-check is not automatic language/speech scoring.
DL-A0-04-P02,DL-A0-04-G01,A0,4,a0-04-first-sentences,content/A0/lesson-04-first-sentences.assessment.json,,performanceTasks[1] — DL-A0-04-P02,2,8,performance assessment task,Active performance task; locally saved response and rubric checks in the app,local self-check rubric ready; no audio recording or external evaluator,ready; active local performance self-check,CR4 source-supported text review: data/reviews/a0-04-review.md; a0-04-v2. Existing model audio unchanged; no separate T08 dialogue recording; no new acoustic review. Self-check is not automatic language/speech scoring.
DL-A0-05-Q01,DL-A0-05-G01,A0,5,a0-05-classroom-phrases,content/A0/lesson-05-classroom-phrases.assessment.json,,quiz[0] — DL-A0-05-Q01,1,1,individual structured assessment question,Structured question in active A0 assessment; bundled in data/course.json,answer key reviewed; explanation included,ready; active local assessment question,CR5 source-supported text review: data/reviews/a0-05-review.md; a0-05-v2. Existing 2 audio assets/6 clips unchanged; T06 dialogue not separately recorded. Self-check is not automatic language/speech scoring.
DL-A0-05-Q02,DL-A0-05-G01,A0,5,a0-05-classroom-phrases,content/A0/lesson-05-classroom-phrases.assessment.json,,quiz[1] — DL-A0-05-Q02,2,2,individual structured assessment question,Structured question in active A0 assessment; bundled in data/course.json,answer key reviewed; explanation included,ready; active local assessment question,CR5 source-supported text review: data/reviews/a0-05-review.md; a0-05-v2. Existing 2 audio assets/6 clips unchanged; T06 dialogue not separately recorded. Self-check is not automatic language/speech scoring.
DL-A0-05-Q03,DL-A0-05-G01,A0,5,a0-05-classroom-phrases,content/A0/lesson-05-classroom-phrases.assessment.json,,quiz[2] — DL-A0-05-Q03,3,2,individual structured assessment question,Structured question in active A0 assessment; bundled in data/course.json,answer key reviewed; explanation included,ready; active local assessment question,CR5 source-supported text review: data/reviews/a0-05-review.md; a0-05-v2. Existing 2 audio assets/6 clips unchanged; T06 dialogue not separately recorded. Self-check is not automatic language/speech scoring.
DL-A0-05-Q04,DL-A0-05-G01,A0,5,a0-05-classroom-phrases,content/A0/lesson-05-classroom-phrases.assessment.json,,quiz[3] — DL-A0-05-Q04,4,3,individual structured assessment question,Structured question in active A0 assessment; bundled in data/course.json,answer key reviewed; explanation included,ready; active local assessment question,CR5 source-supported text review: data/reviews/a0-05-review.md; a0-05-v2. Existing 2 audio assets/6 clips unchanged; T06 dialogue not separately recorded. Self-check is not automatic language/speech scoring.
DL-A0-05-Q05,DL-A0-05-G01,A0,5,a0-05-classroom-phrases,content/A0/lesson-05-classroom-phrases.assessment.json,,quiz[4] — DL-A0-05-Q05,5,4,individual structured assessment question,Structured question in active A0 assessment; bundled in data/course.json,answer key reviewed; explanation included,ready; active local assessment question,CR5 source-supported text review: data/reviews/a0-05-review.md; a0-05-v2. Existing 2 audio assets/6 clips unchanged; T06 dialogue not separately recorded. Self-check is not automatic language/speech scoring.
DL-A0-05-Q06,DL-A0-05-G01,A0,5,a0-05-classroom-phrases,content/A0/lesson-05-classroom-phrases.assessment.json,,quiz[5] — DL-A0-05-Q06,6,5,individual structured assessment question,Structured question in active A0 assessment; bundled in data/course.json,answer key reviewed; explanation included,ready; active local assessment question,CR5 source-supported text review: data/reviews/a0-05-review.md; a0-05-v2. Existing 2 audio assets/6 clips unchanged; T06 dialogue not separately recorded. Self-check is not automatic language/speech scoring.
DL-A0-05-Q07,DL-A0-05-G01,A0,5,a0-05-classroom-phrases,content/A0/lesson-05-classroom-phrases.assessment.json,,quiz[6] — DL-A0-05-Q07,7,6,individual structured assessment question,Structured question in active A0 assessment; bundled in data/course.json,answer key reviewed; explanation included,ready; active local assessment question,CR5 source-supported text review: data/reviews/a0-05-review.md; a0-05-v2. Existing 2 audio assets/6 clips unchanged; T06 dialogue not separately recorded. Self-check is not automatic language/speech scoring.
DL-A0-05-Q08,DL-A0-05-G01,A0,5,a0-05-classroom-phrases,content/A0/lesson-05-classroom-phrases.assessment.json,,quiz[7] — DL-A0-05-Q08,8,6,individual structured assessment question,Structured question in active A0 assessment; bundled in data/course.json,answer key reviewed; explanation included,ready; active local assessment question,CR5 source-supported text review: data/reviews/a0-05-review.md; a0-05-v2. Existing 2 audio assets/6 clips unchanged; T06 dialogue not separately recorded. Self-check is not automatic language/speech scoring.
DL-A0-05-Q09,DL-A0-05-G01,A0,5,a0-05-classroom-phrases,content/A0/lesson-05-classroom-phrases.assessment.json,,quiz[8] — DL-A0-05-Q09,9,3,individual structured assessment question,Structured question in active A0 assessment; bundled in data/course.json,answer key reviewed; explanation included,ready; active local assessment question,CR5 source-supported text review: data/reviews/a0-05-review.md; a0-05-v2. Existing 2 audio assets/6 clips unchanged; T06 dialogue not separately recorded. Self-check is not automatic language/speech scoring.
DL-A0-05-Q10,DL-A0-05-G01,A0,5,a0-05-classroom-phrases,content/A0/lesson-05-classroom-phrases.assessment.json,,quiz[9] — DL-A0-05-Q10,10,3,individual structured assessment question,Structured question in active A0 assessment; bundled in data/course.json,answer key reviewed; explanation included,ready; active local assessment question,CR5 source-supported text review: data/reviews/a0-05-review.md; a0-05-v2. Existing 2 audio assets/6 clips unchanged; T06 dialogue not separately recorded. Self-check is not automatic language/speech scoring.
DL-A0-05-P01,DL-A0-05-G01,A0,5,a0-05-classroom-phrases,content/A0/lesson-05-classroom-phrases.assessment.json,,performanceTasks[0] — DL-A0-05-P01,1,7,performance assessment task,Active performance task; locally saved response and rubric checks in the app,local self-check rubric ready; no audio recording or external evaluator,ready; active local performance self-check,CR5 source-supported text review: data/reviews/a0-05-review.md; a0-05-v2. Existing 2 audio assets/6 clips unchanged; T06 dialogue not separately recorded. Self-check is not automatic language/speech scoring.
DL-A0-05-P02,DL-A0-05-G01,A0,5,a0-05-classroom-phrases,content/A0/lesson-05-classroom-phrases.assessment.json,,performanceTasks[1] — DL-A0-05-P02,2,8,performance assessment task,Active performance task; locally saved response and rubric checks in the app,"Written local self-check; no speech confirmation, audio recording or external evaluator",ready; active local performance self-check,CR5 source-supported text review: data/reviews/a0-05-review.md; a0-05-v2. Existing 2 audio assets/6 clips unchanged; T06 dialogue not separately recorded. Self-check is not automatic language/speech scoring.
DL-A0-GATE-P01,DL-A0-GATE-G01,A0,GATE,a0-a1-gate,content/A0/lesson-06-placement-check.assessment.json,,performanceTasks[0] — DL-A0-GATE-P01,1,1,performance assessment task,Active performance task; locally saved response and rubric checks in the app,local self-check rubric ready; no audio recording or external evaluator,ready; active local performance self-check,"CR6 a0-gate-v2: current source guide and assessment, not legacy archive; optional audio unchanged and listening not scored. data/reviews/a0-gate-review.md"
DL-A0-GATE-P02,DL-A0-GATE-G01,A0,GATE,a0-a1-gate,content/A0/lesson-06-placement-check.assessment.json,,performanceTasks[1] — DL-A0-GATE-P02,2,2,performance assessment task,Active performance task; locally saved response and rubric checks in the app,local self-check rubric ready; no audio recording or external evaluator,ready; active local performance self-check,"CR6 a0-gate-v2: current source guide and assessment, not legacy archive; optional audio unchanged and listening not scored. data/reviews/a0-gate-review.md"
DL-A0-GATE-P03,DL-A0-GATE-G01,A0,GATE,a0-a1-gate,content/A0/lesson-06-placement-check.assessment.json,,performanceTasks[2] — DL-A0-GATE-P03,3,3,performance assessment task,Active performance task; locally saved response and rubric checks in the app,local self-check rubric ready; no audio recording or external evaluator,ready; active local performance self-check,"CR6 a0-gate-v2: current source guide and assessment, not legacy archive; optional audio unchanged and listening not scored. data/reviews/a0-gate-review.md"
DL-A1-01-Q01,DL-A1-01-G01,A1,1,a1-01-introductions-languages-hobbies,content/A1/lesson-01-introductions-languages-hobbies.assessment.json,,quiz[0] — DL-A1-01-Q01,1,1,individual structured assessment question,Ready local A1 assessment question; bundled in data/course.json,key and brief Arabic explanation reviewed,ready; active local assessment question,"CR7 a1-01-v2: individual text/source review in data/reviews/a1-01-review.json; two existing audio clips unchanged, no acoustic review or audio prerequisite."
DL-A1-01-Q02,DL-A1-01-G01,A1,1,a1-01-introductions-languages-hobbies,content/A1/lesson-01-introductions-languages-hobbies.assessment.json,,quiz[1] — DL-A1-01-Q02,2,2,individual structured assessment question,Ready local A1 assessment question; bundled in data/course.json,key and brief Arabic explanation reviewed,ready; active local assessment question,"CR7 a1-01-v2: individual text/source review in data/reviews/a1-01-review.json; two existing audio clips unchanged, no acoustic review or audio prerequisite."
DL-A1-01-Q03,DL-A1-01-G01,A1,1,a1-01-introductions-languages-hobbies,content/A1/lesson-01-introductions-languages-hobbies.assessment.json,,quiz[2] — DL-A1-01-Q03,3,2,individual structured assessment question,Ready local A1 assessment question; bundled in data/course.json,key and brief Arabic explanation reviewed,ready; active local assessment question,"CR7 a1-01-v2: individual text/source review in data/reviews/a1-01-review.json; two existing audio clips unchanged, no acoustic review or audio prerequisite."
DL-A1-01-Q04,DL-A1-01-G01,A1,1,a1-01-introductions-languages-hobbies,content/A1/lesson-01-introductions-languages-hobbies.assessment.json,,quiz[3] — DL-A1-01-Q04,4,3,individual structured assessment question,Ready local A1 assessment question; bundled in data/course.json,key and brief Arabic explanation reviewed,ready; active local assessment question,"CR7 a1-01-v2: individual text/source review in data/reviews/a1-01-review.json; two existing audio clips unchanged, no acoustic review or audio prerequisite."
DL-A1-01-Q05,DL-A1-01-G01,A1,1,a1-01-introductions-languages-hobbies,content/A1/lesson-01-introductions-languages-hobbies.assessment.json,,quiz[4] — DL-A1-01-Q05,5,4,individual structured assessment question,Ready local A1 assessment question; bundled in data/course.json,key and brief Arabic explanation reviewed,ready; active local assessment question,"CR7 a1-01-v2: individual text/source review in data/reviews/a1-01-review.json; two existing audio clips unchanged, no acoustic review or audio prerequisite."
DL-A1-01-Q06,DL-A1-01-G01,A1,1,a1-01-introductions-languages-hobbies,content/A1/lesson-01-introductions-languages-hobbies.assessment.json,,quiz[5] — DL-A1-01-Q06,6,3,individual structured assessment question,Ready local A1 assessment question; bundled in data/course.json,key and brief Arabic explanation reviewed,ready; active local assessment question,"CR7 a1-01-v2: individual text/source review in data/reviews/a1-01-review.json; two existing audio clips unchanged, no acoustic review or audio prerequisite."
DL-A1-01-Q07,DL-A1-01-G01,A1,1,a1-01-introductions-languages-hobbies,content/A1/lesson-01-introductions-languages-hobbies.assessment.json,,quiz[6] — DL-A1-01-Q07,7,8,individual structured assessment question,Ready local A1 assessment question; bundled in data/course.json,key and brief Arabic explanation reviewed,ready; active local assessment question,"CR7 a1-01-v2: individual text/source review in data/reviews/a1-01-review.json; two existing audio clips unchanged, no acoustic review or audio prerequisite."
DL-A1-01-Q08,DL-A1-01-G01,A1,1,a1-01-introductions-languages-hobbies,content/A1/lesson-01-introductions-languages-hobbies.assessment.json,,quiz[7] — DL-A1-01-Q08,8,9,individual structured assessment question,Ready local A1 assessment question; bundled in data/course.json,key and brief Arabic explanation reviewed,ready; active local assessment question,"CR7 a1-01-v2: individual text/source review in data/reviews/a1-01-review.json; two existing audio clips unchanged, no acoustic review or audio prerequisite."
DL-A1-01-Q09,DL-A1-01-G01,A1,1,a1-01-introductions-languages-hobbies,content/A1/lesson-01-introductions-languages-hobbies.assessment.json,,quiz[8] — DL-A1-01-Q09,9,8,individual structured assessment question,Ready local A1 assessment question; bundled in data/course.json,key and brief Arabic explanation reviewed,ready; active local assessment question,"CR7 a1-01-v2: individual text/source review in data/reviews/a1-01-review.json; two existing audio clips unchanged, no acoustic review or audio prerequisite."
DL-A1-01-Q10,DL-A1-01-G01,A1,1,a1-01-introductions-languages-hobbies,content/A1/lesson-01-introductions-languages-hobbies.assessment.json,,quiz[9] — DL-A1-01-Q10,10,10,individual structured assessment question,Ready local A1 assessment question; bundled in data/course.json,key and brief Arabic explanation reviewed,ready; active local assessment question,"CR7 a1-01-v2: individual text/source review in data/reviews/a1-01-review.json; two existing audio clips unchanged, no acoustic review or audio prerequisite."
DL-A1-01-P01,DL-A1-01-G01,A1,1,a1-01-introductions-languages-hobbies,content/A1/lesson-01-introductions-languages-hobbies.assessment.json,,performanceTasks[0] — DL-A1-01-P01,1,9,performance assessment task,Active A1 performance task; local saved response and self-check rubric in the app,local self-check rubric ready; no audio recording or external evaluator,ready; active local performance self-check,"CR7 a1-01-v2: individual text/source review in data/reviews/a1-01-review.json; two existing audio clips unchanged, no acoustic review or audio prerequisite."
DL-A1-01-P02,DL-A1-01-G01,A1,1,a1-01-introductions-languages-hobbies,content/A1/lesson-01-introductions-languages-hobbies.assessment.json,,performanceTasks[1] — DL-A1-01-P02,2,10,performance assessment task,Active A1 performance task; local saved response and self-check rubric in the app,local self-check rubric ready; no audio recording or external evaluator,ready; active local performance self-check,"CR7 a1-01-v2: individual text/source review in data/reviews/a1-01-review.json; two existing audio clips unchanged, no acoustic review or audio prerequisite."
DL-A1-02-Q01,DL-A1-02-G01,A1,2,a1-02-work-family,content/A1/lesson-02-work-family.assessment.json,,quiz[0] — DL-A1-02-Q01,1,1,individual structured assessment question,Ready local A1 assessment question; bundled in data/course.json,key and brief Arabic explanation reviewed,ready; active local assessment question,"CR8 a1-02-v2: text review in data/reviews/a1-02-review.json; two existing audio clips unchanged, no acoustic review or audio prerequisite."
DL-A1-02-Q02,DL-A1-02-G01,A1,2,a1-02-work-family,content/A1/lesson-02-work-family.assessment.json,,quiz[1] — DL-A1-02-Q02,2,2,individual structured assessment question,Ready local A1 assessment question; bundled in data/course.json,key and brief Arabic explanation reviewed,ready; active local assessment question,"CR8 a1-02-v2: text review in data/reviews/a1-02-review.json; two existing audio clips unchanged, no acoustic review or audio prerequisite."
DL-A1-02-Q03,DL-A1-02-G01,A1,2,a1-02-work-family,content/A1/lesson-02-work-family.assessment.json,,quiz[2] — DL-A1-02-Q03,3,2,individual structured assessment question,Ready local A1 assessment question; bundled in data/course.json,key and brief Arabic explanation reviewed,ready; active local assessment question,"CR8 a1-02-v2: text review in data/reviews/a1-02-review.json; two existing audio clips unchanged, no acoustic review or audio prerequisite."
DL-A1-02-Q04,DL-A1-02-G01,A1,2,a1-02-work-family,content/A1/lesson-02-work-family.assessment.json,,quiz[3] — DL-A1-02-Q04,4,3,individual structured assessment question,Ready local A1 assessment question; bundled in data/course.json,key and brief Arabic explanation reviewed,ready; active local assessment question,"CR8 a1-02-v2: text review in data/reviews/a1-02-review.json; two existing audio clips unchanged, no acoustic review or audio prerequisite."
DL-A1-02-Q05,DL-A1-02-G01,A1,2,a1-02-work-family,content/A1/lesson-02-work-family.assessment.json,,quiz[4] — DL-A1-02-Q05,5,4,individual structured assessment question,Ready local A1 assessment question; bundled in data/course.json,key and brief Arabic explanation reviewed,ready; active local assessment question,"CR8 a1-02-v2: text review in data/reviews/a1-02-review.json; two existing audio clips unchanged, no acoustic review or audio prerequisite."
DL-A1-02-Q06,DL-A1-02-G01,A1,2,a1-02-work-family,content/A1/lesson-02-work-family.assessment.json,,quiz[5] — DL-A1-02-Q06,6,5,individual structured assessment question,Ready local A1 assessment question; bundled in data/course.json,key and brief Arabic explanation reviewed,ready; active local assessment question,"CR8 a1-02-v2: text review in data/reviews/a1-02-review.json; two existing audio clips unchanged, no acoustic review or audio prerequisite."
DL-A1-02-Q07,DL-A1-02-G01,A1,2,a1-02-work-family,content/A1/lesson-02-work-family.assessment.json,,quiz[6] — DL-A1-02-Q07,7,6,individual structured assessment question,Ready local A1 assessment question; bundled in data/course.json,key and brief Arabic explanation reviewed,ready; active local assessment question,"CR8 a1-02-v2: text review in data/reviews/a1-02-review.json; two existing audio clips unchanged, no acoustic review or audio prerequisite."
DL-A1-02-Q08,DL-A1-02-G01,A1,2,a1-02-work-family,content/A1/lesson-02-work-family.assessment.json,,quiz[7] — DL-A1-02-Q08,8,6,individual structured assessment question,Ready local A1 assessment question; bundled in data/course.json,key and brief Arabic explanation reviewed,ready; active local assessment question,"CR8 a1-02-v2: text review in data/reviews/a1-02-review.json; two existing audio clips unchanged, no acoustic review or audio prerequisite."
DL-A1-02-Q09,DL-A1-02-G01,A1,2,a1-02-work-family,content/A1/lesson-02-work-family.assessment.json,,quiz[8] — DL-A1-02-Q09,9,4,individual structured assessment question,Ready local A1 assessment question; bundled in data/course.json,key and brief Arabic explanation reviewed,ready; active local assessment question,"CR8 a1-02-v2: text review in data/reviews/a1-02-review.json; two existing audio clips unchanged, no acoustic review or audio prerequisite."
DL-A1-02-Q10,DL-A1-02-G01,A1,2,a1-02-work-family,content/A1/lesson-02-work-family.assessment.json,,quiz[9] — DL-A1-02-Q10,10,9,individual structured assessment question,Ready local A1 assessment question; bundled in data/course.json,key and brief Arabic explanation reviewed,ready; active local assessment question,"CR8 a1-02-v2: text review in data/reviews/a1-02-review.json; two existing audio clips unchanged, no acoustic review or audio prerequisite."
DL-A1-02-P01,DL-A1-02-G01,A1,2,a1-02-work-family,content/A1/lesson-02-work-family.assessment.json,,performanceTasks[0] — DL-A1-02-P01,1,8,performance assessment task,Active A1 performance task; local saved response and self-check rubric in the app,local self-check rubric ready; no audio recording or external evaluator,ready; active local performance self-check,"CR8 a1-02-v2: text review in data/reviews/a1-02-review.json; two existing audio clips unchanged, no acoustic review or audio prerequisite."
DL-A1-02-P02,DL-A1-02-G01,A1,2,a1-02-work-family,content/A1/lesson-02-work-family.assessment.json,,performanceTasks[1] — DL-A1-02-P02,2,9,performance assessment task,Active A1 performance task; local saved response and self-check rubric in the app,local self-check rubric ready; no audio recording or external evaluator,ready; active local performance self-check,"CR8 a1-02-v2: text review in data/reviews/a1-02-review.json; two existing audio clips unchanged, no acoustic review or audio prerequisite."
DL-A1-03-Q01,DL-A1-03-G01,A1,3,a1-03-city-cafe-hotel,content/A1/lesson-03-city-cafe-hotel.assessment.json,,quiz[0] — DL-A1-03-Q01,1,1,individual structured assessment question,Ready local A1 assessment question; bundled in data/course.json,key and brief Arabic explanation reviewed,ready; active local assessment question,CR9 a1-03-v2: individual source review in data/reviews/a1-03-review.json; 3 audio assets/12 clips unchanged; no acoustic approval.
DL-A1-03-Q02,DL-A1-03-G01,A1,3,a1-03-city-cafe-hotel,content/A1/lesson-03-city-cafe-hotel.assessment.json,,quiz[1] — DL-A1-03-Q02,2,2,individual structured assessment question,Ready local A1 assessment question; bundled in data/course.json,key and brief Arabic explanation reviewed,ready; active local assessment question,CR9 a1-03-v2: individual source review in data/reviews/a1-03-review.json; 3 audio assets/12 clips unchanged; no acoustic approval.
DL-A1-03-Q03,DL-A1-03-G01,A1,3,a1-03-city-cafe-hotel,content/A1/lesson-03-city-cafe-hotel.assessment.json,,quiz[2] — DL-A1-03-Q03,3,3,individual structured assessment question,Ready local A1 assessment question; bundled in data/course.json,key and brief Arabic explanation reviewed,ready; active local assessment question,CR9 a1-03-v2: individual source review in data/reviews/a1-03-review.json; 3 audio assets/12 clips unchanged; no acoustic approval.
DL-A1-03-Q04,DL-A1-03-G01,A1,3,a1-03-city-cafe-hotel,content/A1/lesson-03-city-cafe-hotel.assessment.json,,quiz[3] — DL-A1-03-Q04,4,3,individual structured assessment question,Ready local A1 assessment question; bundled in data/course.json,key and brief Arabic explanation reviewed,ready; active local assessment question,CR9 a1-03-v2: individual source review in data/reviews/a1-03-review.json; 3 audio assets/12 clips unchanged; no acoustic approval.
DL-A1-03-Q05,DL-A1-03-G01,A1,3,a1-03-city-cafe-hotel,content/A1/lesson-03-city-cafe-hotel.assessment.json,,quiz[4] — DL-A1-03-Q05,5,4,individual structured assessment question,Ready local A1 assessment question; bundled in data/course.json,key and brief Arabic explanation reviewed,ready; active local assessment question,CR9 a1-03-v2: individual source review in data/reviews/a1-03-review.json; 3 audio assets/12 clips unchanged; no acoustic approval.
DL-A1-03-Q06,DL-A1-03-G01,A1,3,a1-03-city-cafe-hotel,content/A1/lesson-03-city-cafe-hotel.assessment.json,,quiz[5] — DL-A1-03-Q06,6,7,individual structured assessment question,Ready local A1 assessment question; bundled in data/course.json,key and brief Arabic explanation reviewed,ready; active local assessment question,CR9 a1-03-v2: individual source review in data/reviews/a1-03-review.json; 3 audio assets/12 clips unchanged; no acoustic approval.
DL-A1-03-Q07,DL-A1-03-G01,A1,3,a1-03-city-cafe-hotel,content/A1/lesson-03-city-cafe-hotel.assessment.json,,quiz[6] — DL-A1-03-Q07,7,9,individual structured assessment question,Ready local A1 assessment question; bundled in data/course.json,key and brief Arabic explanation reviewed,ready; active local assessment question,CR9 a1-03-v2: individual source review in data/reviews/a1-03-review.json; 3 audio assets/12 clips unchanged; no acoustic approval.
DL-A1-03-Q08,DL-A1-03-G01,A1,3,a1-03-city-cafe-hotel,content/A1/lesson-03-city-cafe-hotel.assessment.json,,quiz[7] — DL-A1-03-Q08,8,1,individual structured assessment question,Ready local A1 assessment question; bundled in data/course.json,key and brief Arabic explanation reviewed,ready; active local assessment question,CR9 a1-03-v2: individual source review in data/reviews/a1-03-review.json; 3 audio assets/12 clips unchanged; no acoustic approval.
DL-A1-03-Q09,DL-A1-03-G01,A1,3,a1-03-city-cafe-hotel,content/A1/lesson-03-city-cafe-hotel.assessment.json,,quiz[8] — DL-A1-03-Q09,9,1,individual structured assessment question,Ready local A1 assessment question; bundled in data/course.json,key and brief Arabic explanation reviewed,ready; active local assessment question,CR9 a1-03-v2: individual source review in data/reviews/a1-03-review.json; 3 audio assets/12 clips unchanged; no acoustic approval.
DL-A1-03-Q10,DL-A1-03-G01,A1,3,a1-03-city-cafe-hotel,content/A1/lesson-03-city-cafe-hotel.assessment.json,,quiz[9] — DL-A1-03-Q10,10,8,individual structured assessment question,Ready local A1 assessment question; bundled in data/course.json,key and brief Arabic explanation reviewed,ready; active local assessment question,CR9 a1-03-v2: individual source review in data/reviews/a1-03-review.json; 3 audio assets/12 clips unchanged; no acoustic approval.
DL-A1-03-P01,DL-A1-03-G01,A1,3,a1-03-city-cafe-hotel,content/A1/lesson-03-city-cafe-hotel.assessment.json,,performanceTasks[0] — DL-A1-03-P01,1,8,performance assessment task,Active A1 performance task; local saved response and self-check rubric in the app,local self-check rubric ready; no audio recording or external evaluator,ready; active local performance self-check,CR9 a1-03-v2: individual source review in data/reviews/a1-03-review.json; 3 audio assets/12 clips unchanged; no acoustic approval.
DL-A1-03-P02,DL-A1-03-G01,A1,3,a1-03-city-cafe-hotel,content/A1/lesson-03-city-cafe-hotel.assessment.json,,performanceTasks[1] — DL-A1-03-P02,2,9,performance assessment task,Active A1 performance task; local saved response and self-check rubric in the app,local self-check rubric ready; no audio recording or external evaluator,ready; active local performance self-check,CR9 a1-03-v2: individual source review in data/reviews/a1-03-review.json; 3 audio assets/12 clips unchanged; no acoustic approval.
DL-A1-04-Q01,DL-A1-04-G01,A1,4,a1-04-daily-routine-time,content/A1/lesson-04-daily-routine-time.assessment.json,,quiz[0] — DL-A1-04-Q01,1,1,individual structured assessment question,Ready local A1 assessment question; bundled in data/course.json,key and brief Arabic explanation reviewed,ready; active local assessment question,"CR10 a1-04-v2: individual review in data/reviews/a1-04-review.json; 2 audio assets/2 clips preserved, not acoustically reviewed."
DL-A1-04-Q02,DL-A1-04-G01,A1,4,a1-04-daily-routine-time,content/A1/lesson-04-daily-routine-time.assessment.json,,quiz[1] — DL-A1-04-Q02,2,1,individual structured assessment question,Ready local A1 assessment question; bundled in data/course.json,key and brief Arabic explanation reviewed,ready; active local assessment question,"CR10 a1-04-v2: individual review in data/reviews/a1-04-review.json; 2 audio assets/2 clips preserved, not acoustically reviewed."
DL-A1-04-Q03,DL-A1-04-G01,A1,4,a1-04-daily-routine-time,content/A1/lesson-04-daily-routine-time.assessment.json,,quiz[2] — DL-A1-04-Q03,3,1,individual structured assessment question,Ready local A1 assessment question; bundled in data/course.json,key and brief Arabic explanation reviewed,ready; active local assessment question,"CR10 a1-04-v2: individual review in data/reviews/a1-04-review.json; 2 audio assets/2 clips preserved, not acoustically reviewed."
DL-A1-04-Q04,DL-A1-04-G01,A1,4,a1-04-daily-routine-time,content/A1/lesson-04-daily-routine-time.assessment.json,,quiz[3] — DL-A1-04-Q04,4,2,individual structured assessment question,Ready local A1 assessment question; bundled in data/course.json,key and brief Arabic explanation reviewed,ready; active local assessment question,"CR10 a1-04-v2: individual review in data/reviews/a1-04-review.json; 2 audio assets/2 clips preserved, not acoustically reviewed."
DL-A1-04-Q05,DL-A1-04-G01,A1,4,a1-04-daily-routine-time,content/A1/lesson-04-daily-routine-time.assessment.json,,quiz[4] — DL-A1-04-Q05,5,3,individual structured assessment question,Ready local A1 assessment question; bundled in data/course.json,key and brief Arabic explanation reviewed,ready; active local assessment question,"CR10 a1-04-v2: individual review in data/reviews/a1-04-review.json; 2 audio assets/2 clips preserved, not acoustically reviewed."
DL-A1-04-Q06,DL-A1-04-G01,A1,4,a1-04-daily-routine-time,content/A1/lesson-04-daily-routine-time.assessment.json,,quiz[5] — DL-A1-04-Q06,6,4,individual structured assessment question,Ready local A1 assessment question; bundled in data/course.json,key and brief Arabic explanation reviewed,ready; active local assessment question,"CR10 a1-04-v2: individual review in data/reviews/a1-04-review.json; 2 audio assets/2 clips preserved, not acoustically reviewed."
DL-A1-04-Q07,DL-A1-04-G01,A1,4,a1-04-daily-routine-time,content/A1/lesson-04-daily-routine-time.assessment.json,,quiz[6] — DL-A1-04-Q07,7,4,individual structured assessment question,Ready local A1 assessment question; bundled in data/course.json,key and brief Arabic explanation reviewed,ready; active local assessment question,"CR10 a1-04-v2: individual review in data/reviews/a1-04-review.json; 2 audio assets/2 clips preserved, not acoustically reviewed."
DL-A1-04-Q08,DL-A1-04-G01,A1,4,a1-04-daily-routine-time,content/A1/lesson-04-daily-routine-time.assessment.json,,quiz[7] — DL-A1-04-Q08,8,9,individual structured assessment question,Ready local A1 assessment question; bundled in data/course.json,key and brief Arabic explanation reviewed,ready; active local assessment question,"CR10 a1-04-v2: individual review in data/reviews/a1-04-review.json; 2 audio assets/2 clips preserved, not acoustically reviewed."
DL-A1-04-Q09,DL-A1-04-G01,A1,4,a1-04-daily-routine-time,content/A1/lesson-04-daily-routine-time.assessment.json,,quiz[8] — DL-A1-04-Q09,9,6,individual structured assessment question,Ready local A1 assessment question; bundled in data/course.json,key and brief Arabic explanation reviewed,ready; active local assessment question,"CR10 a1-04-v2: individual review in data/reviews/a1-04-review.json; 2 audio assets/2 clips preserved, not acoustically reviewed."
DL-A1-04-Q10,DL-A1-04-G01,A1,4,a1-04-daily-routine-time,content/A1/lesson-04-daily-routine-time.assessment.json,,quiz[9] — DL-A1-04-Q10,10,3,individual structured assessment question,Ready local A1 assessment question; bundled in data/course.json,key and brief Arabic explanation reviewed,ready; active local assessment question,"CR10 a1-04-v2: individual review in data/reviews/a1-04-review.json; 2 audio assets/2 clips preserved, not acoustically reviewed."
DL-A1-04-P01,DL-A1-04-G01,A1,4,a1-04-daily-routine-time,content/A1/lesson-04-daily-routine-time.assessment.json,,performanceTasks[0] — DL-A1-04-P01,1,8,performance assessment task,Active A1 performance task; local saved response and self-check rubric in the app,local self-check rubric ready; no audio recording or external evaluator,ready; active local performance self-check,"CR10 a1-04-v2: individual review in data/reviews/a1-04-review.json; 2 audio assets/2 clips preserved, not acoustically reviewed."
DL-A1-04-P02,DL-A1-04-G01,A1,4,a1-04-daily-routine-time,content/A1/lesson-04-daily-routine-time.assessment.json,,performanceTasks[1] — DL-A1-04-P02,2,9,performance assessment task,Active A1 performance task; local saved response and self-check rubric in the app,local self-check rubric ready; no audio recording or external evaluator,ready; active local performance self-check,"CR10 a1-04-v2: individual review in data/reviews/a1-04-review.json; 2 audio assets/2 clips preserved, not acoustically reviewed."
DL-A1-05-Q01,DL-A1-05-G01,A1,5,a1-05-food-drink,content/A1/lesson-05-food-drink.assessment.json,,quiz[0] — DL-A1-05-Q01,1,1,individual structured assessment question,Ready local A1 assessment question; bundled in data/course.json,key and brief Arabic explanation reviewed,ready; active local assessment question,CR11 a1-05-v2: individual review in data/reviews/a1-05-review.json; 2 audio assets/2 clips unchanged; cafe dialogue is unrecorded text.
DL-A1-05-Q02,DL-A1-05-G01,A1,5,a1-05-food-drink,content/A1/lesson-05-food-drink.assessment.json,,quiz[1] — DL-A1-05-Q02,2,2,individual structured assessment question,Ready local A1 assessment question; bundled in data/course.json,key and brief Arabic explanation reviewed,ready; active local assessment question,CR11 a1-05-v2: individual review in data/reviews/a1-05-review.json; 2 audio assets/2 clips unchanged; cafe dialogue is unrecorded text.
DL-A1-05-Q03,DL-A1-05-G01,A1,5,a1-05-food-drink,content/A1/lesson-05-food-drink.assessment.json,,quiz[2] — DL-A1-05-Q03,3,3,individual structured assessment question,Ready local A1 assessment question; bundled in data/course.json,key and brief Arabic explanation reviewed,ready; active local assessment question,CR11 a1-05-v2: individual review in data/reviews/a1-05-review.json; 2 audio assets/2 clips unchanged; cafe dialogue is unrecorded text.
DL-A1-05-Q04,DL-A1-05-G01,A1,5,a1-05-food-drink,content/A1/lesson-05-food-drink.assessment.json,,quiz[3] — DL-A1-05-Q04,4,3,individual structured assessment question,Ready local A1 assessment question; bundled in data/course.json,key and brief Arabic explanation reviewed,ready; active local assessment question,CR11 a1-05-v2: individual review in data/reviews/a1-05-review.json; 2 audio assets/2 clips unchanged; cafe dialogue is unrecorded text.
DL-A1-05-Q05,DL-A1-05-G01,A1,5,a1-05-food-drink,content/A1/lesson-05-food-drink.assessment.json,,quiz[4] — DL-A1-05-Q05,5,2,individual structured assessment question,Ready local A1 assessment question; bundled in data/course.json,key and brief Arabic explanation reviewed,ready; active local assessment question,CR11 a1-05-v2: individual review in data/reviews/a1-05-review.json; 2 audio assets/2 clips unchanged; cafe dialogue is unrecorded text.
DL-A1-05-Q06,DL-A1-05-G01,A1,5,a1-05-food-drink,content/A1/lesson-05-food-drink.assessment.json,,quiz[5] — DL-A1-05-Q06,6,1,individual structured assessment question,Ready local A1 assessment question; bundled in data/course.json,key and brief Arabic explanation reviewed,ready; active local assessment question,CR11 a1-05-v2: individual review in data/reviews/a1-05-review.json; 2 audio assets/2 clips unchanged; cafe dialogue is unrecorded text.
DL-A1-05-Q07,DL-A1-05-G01,A1,5,a1-05-food-drink,content/A1/lesson-05-food-drink.assessment.json,,quiz[6] — DL-A1-05-Q07,7,1,individual structured assessment question,Ready local A1 assessment question; bundled in data/course.json,key and brief Arabic explanation reviewed,ready; active local assessment question,CR11 a1-05-v2: individual review in data/reviews/a1-05-review.json; 2 audio assets/2 clips unchanged; cafe dialogue is unrecorded text.
DL-A1-05-Q08,DL-A1-05-G01,A1,5,a1-05-food-drink,content/A1/lesson-05-food-drink.assessment.json,,quiz[7] — DL-A1-05-Q08,8,4,individual structured assessment question,Ready local A1 assessment question; bundled in data/course.json,key and brief Arabic explanation reviewed,ready; active local assessment question,CR11 a1-05-v2: individual review in data/reviews/a1-05-review.json; 2 audio assets/2 clips unchanged; cafe dialogue is unrecorded text.
DL-A1-05-Q09,DL-A1-05-G01,A1,5,a1-05-food-drink,content/A1/lesson-05-food-drink.assessment.json,,quiz[8] — DL-A1-05-Q09,9,8,individual structured assessment question,Ready local A1 assessment question; bundled in data/course.json,key and brief Arabic explanation reviewed,ready; active local assessment question,CR11 a1-05-v2: individual review in data/reviews/a1-05-review.json; 2 audio assets/2 clips unchanged; cafe dialogue is unrecorded text.
DL-A1-05-Q10,DL-A1-05-G01,A1,5,a1-05-food-drink,content/A1/lesson-05-food-drink.assessment.json,,quiz[9] — DL-A1-05-Q10,10,4,individual structured assessment question,Ready local A1 assessment question; bundled in data/course.json,key and brief Arabic explanation reviewed,ready; active local assessment question,CR11 a1-05-v2: individual review in data/reviews/a1-05-review.json; 2 audio assets/2 clips unchanged; cafe dialogue is unrecorded text.
DL-A1-05-P01,DL-A1-05-G01,A1,5,a1-05-food-drink,content/A1/lesson-05-food-drink.assessment.json,,performanceTasks[0] — DL-A1-05-P01,1,8,performance assessment task,Active A1 performance task; local saved response and self-check rubric in the app,local self-check rubric ready; no audio recording or external evaluator,ready; active local performance self-check,CR11 a1-05-v2: individual review in data/reviews/a1-05-review.json; 2 audio assets/2 clips unchanged; cafe dialogue is unrecorded text.
DL-A1-05-P02,DL-A1-05-G01,A1,5,a1-05-food-drink,content/A1/lesson-05-food-drink.assessment.json,,performanceTasks[1] — DL-A1-05-P02,2,4,performance assessment task,Active A1 performance task; local saved response and self-check rubric in the app,local self-check rubric ready; no audio recording or external evaluator,ready; active local performance self-check,CR11 a1-05-v2: individual review in data/reviews/a1-05-review.json; 2 audio assets/2 clips unchanged; cafe dialogue is unrecorded text.
DL-A1-06-Q01,DL-A1-06-G01,A1,6,a1-06-yesterday-perfekt,content/A1/lesson-06-yesterday-perfekt.assessment.json,,quiz[0] — DL-A1-06-Q01,1,1,individual structured assessment question,Ready local A1 assessment question; bundled in data/course.json,key and brief Arabic explanation reviewed,ready; active local assessment question,"CR12 a1-06-v2: individual review in data/reviews/a1-06-review.json; 2 audio assets/2 clips unchanged, no acoustic review."
DL-A1-06-Q02,DL-A1-06-G01,A1,6,a1-06-yesterday-perfekt,content/A1/lesson-06-yesterday-perfekt.assessment.json,,quiz[1] — DL-A1-06-Q02,2,1,individual structured assessment question,Ready local A1 assessment question; bundled in data/course.json,key and brief Arabic explanation reviewed,ready; active local assessment question,"CR12 a1-06-v2: individual review in data/reviews/a1-06-review.json; 2 audio assets/2 clips unchanged, no acoustic review."
DL-A1-06-Q03,DL-A1-06-G01,A1,6,a1-06-yesterday-perfekt,content/A1/lesson-06-yesterday-perfekt.assessment.json,,quiz[2] — DL-A1-06-Q03,3,2,individual structured assessment question,Ready local A1 assessment question; bundled in data/course.json,key and brief Arabic explanation reviewed,ready; active local assessment question,"CR12 a1-06-v2: individual review in data/reviews/a1-06-review.json; 2 audio assets/2 clips unchanged, no acoustic review."
DL-A1-06-Q04,DL-A1-06-G01,A1,6,a1-06-yesterday-perfekt,content/A1/lesson-06-yesterday-perfekt.assessment.json,,quiz[3] — DL-A1-06-Q04,4,2,individual structured assessment question,Ready local A1 assessment question; bundled in data/course.json,key and brief Arabic explanation reviewed,ready; active local assessment question,"CR12 a1-06-v2: individual review in data/reviews/a1-06-review.json; 2 audio assets/2 clips unchanged, no acoustic review."
DL-A1-06-Q05,DL-A1-06-G01,A1,6,a1-06-yesterday-perfekt,content/A1/lesson-06-yesterday-perfekt.assessment.json,,quiz[4] — DL-A1-06-Q05,5,4,individual structured assessment question,Ready local A1 assessment question; bundled in data/course.json,key and brief Arabic explanation reviewed,ready; active local assessment question,"CR12 a1-06-v2: individual review in data/reviews/a1-06-review.json; 2 audio assets/2 clips unchanged, no acoustic review."
DL-A1-06-Q06,DL-A1-06-G01,A1,6,a1-06-yesterday-perfekt,content/A1/lesson-06-yesterday-perfekt.assessment.json,,quiz[5] — DL-A1-06-Q06,6,3,individual structured assessment question,Ready local A1 assessment question; bundled in data/course.json,key and brief Arabic explanation reviewed,ready; active local assessment question,"CR12 a1-06-v2: individual review in data/reviews/a1-06-review.json; 2 audio assets/2 clips unchanged, no acoustic review."
DL-A1-06-Q07,DL-A1-06-G01,A1,6,a1-06-yesterday-perfekt,content/A1/lesson-06-yesterday-perfekt.assessment.json,,quiz[6] — DL-A1-06-Q07,7,3,individual structured assessment question,Ready local A1 assessment question; bundled in data/course.json,key and brief Arabic explanation reviewed,ready; active local assessment question,"CR12 a1-06-v2: individual review in data/reviews/a1-06-review.json; 2 audio assets/2 clips unchanged, no acoustic review."
DL-A1-06-Q08,DL-A1-06-G01,A1,6,a1-06-yesterday-perfekt,content/A1/lesson-06-yesterday-perfekt.assessment.json,,quiz[7] — DL-A1-06-Q08,8,3,individual structured assessment question,Ready local A1 assessment question; bundled in data/course.json,key and brief Arabic explanation reviewed,ready; active local assessment question,"CR12 a1-06-v2: individual review in data/reviews/a1-06-review.json; 2 audio assets/2 clips unchanged, no acoustic review."
DL-A1-06-Q09,DL-A1-06-G01,A1,6,a1-06-yesterday-perfekt,content/A1/lesson-06-yesterday-perfekt.assessment.json,,quiz[8] — DL-A1-06-Q09,9,2,individual structured assessment question,Ready local A1 assessment question; bundled in data/course.json,key and brief Arabic explanation reviewed,ready; active local assessment question,"CR12 a1-06-v2: individual review in data/reviews/a1-06-review.json; 2 audio assets/2 clips unchanged, no acoustic review."
DL-A1-06-Q10,DL-A1-06-G01,A1,6,a1-06-yesterday-perfekt,content/A1/lesson-06-yesterday-perfekt.assessment.json,,quiz[9] — DL-A1-06-Q10,10,4,individual structured assessment question,Ready local A1 assessment question; bundled in data/course.json,key and brief Arabic explanation reviewed,ready; active local assessment question,"CR12 a1-06-v2: individual review in data/reviews/a1-06-review.json; 2 audio assets/2 clips unchanged, no acoustic review."
DL-A1-06-P01,DL-A1-06-G01,A1,6,a1-06-yesterday-perfekt,content/A1/lesson-06-yesterday-perfekt.assessment.json,,performanceTasks[0] — DL-A1-06-P01,1,8,performance assessment task,Active A1 performance task; local saved response and self-check rubric in the app,local self-check rubric ready; no audio recording or external evaluator,ready; active local performance self-check,"CR12 a1-06-v2: individual review in data/reviews/a1-06-review.json; 2 audio assets/2 clips unchanged, no acoustic review."
DL-A1-06-P02,DL-A1-06-G01,A1,6,a1-06-yesterday-perfekt,content/A1/lesson-06-yesterday-perfekt.assessment.json,,performanceTasks[1] — DL-A1-06-P02,2,4,performance assessment task,Active A1 performance task; local saved response and self-check rubric in the app,local self-check rubric ready; no audio recording or external evaluator,ready; active local performance self-check,"CR12 a1-06-v2: individual review in data/reviews/a1-06-review.json; 2 audio assets/2 clips unchanged, no acoustic review."
DL-A1-07-Q01,DL-A1-07-G01,A1,7,a1-07-travel-weather,content/A1/lesson-07-travel-weather.assessment.json,,quiz[0] — DL-A1-07-Q01,1,2,individual structured assessment question,Ready local A1 assessment question; bundled in data/course.json,key and brief Arabic explanation reviewed,ready; active local assessment question,"CR13: individually reviewed A1.7 v2; source-aligned tasks, no acoustic approval or audio requirement."
DL-A1-07-Q02,DL-A1-07-G01,A1,7,a1-07-travel-weather,content/A1/lesson-07-travel-weather.assessment.json,,quiz[1] — DL-A1-07-Q02,2,2,individual structured assessment question,Ready local A1 assessment question; bundled in data/course.json,key and brief Arabic explanation reviewed,ready; active local assessment question,"CR13: individually reviewed A1.7 v2; source-aligned tasks, no acoustic approval or audio requirement."
DL-A1-07-Q03,DL-A1-07-G01,A1,7,a1-07-travel-weather,content/A1/lesson-07-travel-weather.assessment.json,,quiz[2] — DL-A1-07-Q03,3,3,individual structured assessment question,Ready local A1 assessment question; bundled in data/course.json,key and brief Arabic explanation reviewed,ready; active local assessment question,"CR13: individually reviewed A1.7 v2; source-aligned tasks, no acoustic approval or audio requirement."
DL-A1-07-Q04,DL-A1-07-G01,A1,7,a1-07-travel-weather,content/A1/lesson-07-travel-weather.assessment.json,,quiz[3] — DL-A1-07-Q04,4,3,individual structured assessment question,Ready local A1 assessment question; bundled in data/course.json,key and brief Arabic explanation reviewed,ready; active local assessment question,"CR13: individually reviewed A1.7 v2; source-aligned tasks, no acoustic approval or audio requirement."
DL-A1-07-Q05,DL-A1-07-G01,A1,7,a1-07-travel-weather,content/A1/lesson-07-travel-weather.assessment.json,,quiz[4] — DL-A1-07-Q05,5,3,individual structured assessment question,Ready local A1 assessment question; bundled in data/course.json,key and brief Arabic explanation reviewed,ready; active local assessment question,"CR13: individually reviewed A1.7 v2; source-aligned tasks, no acoustic approval or audio requirement."
DL-A1-07-Q06,DL-A1-07-G01,A1,7,a1-07-travel-weather,content/A1/lesson-07-travel-weather.assessment.json,,quiz[5] — DL-A1-07-Q06,6,4,individual structured assessment question,Ready local A1 assessment question; bundled in data/course.json,key and brief Arabic explanation reviewed,ready; active local assessment question,"CR13: individually reviewed A1.7 v2; source-aligned tasks, no acoustic approval or audio requirement."
DL-A1-07-Q07,DL-A1-07-G01,A1,7,a1-07-travel-weather,content/A1/lesson-07-travel-weather.assessment.json,,quiz[6] — DL-A1-07-Q07,7,4,individual structured assessment question,Ready local A1 assessment question; bundled in data/course.json,key and brief Arabic explanation reviewed,ready; active local assessment question,"CR13: individually reviewed A1.7 v2; source-aligned tasks, no acoustic approval or audio requirement."
DL-A1-07-Q08,DL-A1-07-G01,A1,7,a1-07-travel-weather,content/A1/lesson-07-travel-weather.assessment.json,,quiz[7] — DL-A1-07-Q08,8,2,individual structured assessment question,Ready local A1 assessment question; bundled in data/course.json,key and brief Arabic explanation reviewed,ready; active local assessment question,"CR13: individually reviewed A1.7 v2; source-aligned tasks, no acoustic approval or audio requirement."
DL-A1-07-Q09,DL-A1-07-G01,A1,7,a1-07-travel-weather,content/A1/lesson-07-travel-weather.assessment.json,,quiz[8] — DL-A1-07-Q09,9,3,individual structured assessment question,Ready local A1 assessment question; bundled in data/course.json,key and brief Arabic explanation reviewed,ready; active local assessment question,"CR13: individually reviewed A1.7 v2; source-aligned tasks, no acoustic approval or audio requirement."
DL-A1-07-Q10,DL-A1-07-G01,A1,7,a1-07-travel-weather,content/A1/lesson-07-travel-weather.assessment.json,,quiz[9] — DL-A1-07-Q10,10,4,individual structured assessment question,Ready local A1 assessment question; bundled in data/course.json,key and brief Arabic explanation reviewed,ready; active local assessment question,"CR13: individually reviewed A1.7 v2; source-aligned tasks, no acoustic approval or audio requirement."
DL-A1-07-P01,DL-A1-07-G01,A1,7,a1-07-travel-weather,content/A1/lesson-07-travel-weather.assessment.json,,performanceTasks[0] — DL-A1-07-P01,1,8,performance assessment task,Active A1 performance task; local saved response and self-check rubric in the app,local self-check rubric ready; no audio recording or external evaluator,ready; active local performance self-check,"CR13: individually reviewed A1.7 v2; source-aligned tasks, no acoustic approval or audio requirement."
DL-A1-07-P02,DL-A1-07-G01,A1,7,a1-07-travel-weather,content/A1/lesson-07-travel-weather.assessment.json,,performanceTasks[1] — DL-A1-07-P02,2,4,performance assessment task,Active A1 performance task; local saved response and self-check rubric in the app,local self-check rubric ready; no audio recording or external evaluator,ready; active local performance self-check,"CR13: individually reviewed A1.7 v2; source-aligned tasks, no acoustic approval or audio requirement."
DL-A1-08-Q01,DL-A1-08-G01,A1,8,a1-08-shopping-clothes,content/A1/lesson-08-shopping-clothes.assessment.json,,quiz[0] — DL-A1-08-Q01,1,1,individual structured assessment question,Ready local A1 assessment question; bundled in data/course.json,key and brief Arabic explanation reviewed,ready; active local assessment question,"CR14: A1.8 v2; source-aligned oral customer role and written list/action; existing audio unchanged, no acoustic approval."
DL-A1-08-Q02,DL-A1-08-G01,A1,8,a1-08-shopping-clothes,content/A1/lesson-08-shopping-clothes.assessment.json,,quiz[1] — DL-A1-08-Q02,2,2,individual structured assessment question,Ready local A1 assessment question; bundled in data/course.json,key and brief Arabic explanation reviewed,ready; active local assessment question,"CR14: A1.8 v2; source-aligned oral customer role and written list/action; existing audio unchanged, no acoustic approval."
DL-A1-08-Q03,DL-A1-08-G01,A1,8,a1-08-shopping-clothes,content/A1/lesson-08-shopping-clothes.assessment.json,,quiz[2] — DL-A1-08-Q03,3,2,individual structured assessment question,Ready local A1 assessment question; bundled in data/course.json,key and brief Arabic explanation reviewed,ready; active local assessment question,"CR14: A1.8 v2; source-aligned oral customer role and written list/action; existing audio unchanged, no acoustic approval."
DL-A1-08-Q04,DL-A1-08-G01,A1,8,a1-08-shopping-clothes,content/A1/lesson-08-shopping-clothes.assessment.json,,quiz[3] — DL-A1-08-Q04,4,3,individual structured assessment question,Ready local A1 assessment question; bundled in data/course.json,key and brief Arabic explanation reviewed,ready; active local assessment question,"CR14: A1.8 v2; source-aligned oral customer role and written list/action; existing audio unchanged, no acoustic approval."
DL-A1-08-Q05,DL-A1-08-G01,A1,8,a1-08-shopping-clothes,content/A1/lesson-08-shopping-clothes.assessment.json,,quiz[4] — DL-A1-08-Q05,5,4,individual structured assessment question,Ready local A1 assessment question; bundled in data/course.json,key and brief Arabic explanation reviewed,ready; active local assessment question,"CR14: A1.8 v2; source-aligned oral customer role and written list/action; existing audio unchanged, no acoustic approval."
DL-A1-08-Q06,DL-A1-08-G01,A1,8,a1-08-shopping-clothes,content/A1/lesson-08-shopping-clothes.assessment.json,,quiz[5] — DL-A1-08-Q06,6,4,individual structured assessment question,Ready local A1 assessment question; bundled in data/course.json,key and brief Arabic explanation reviewed,ready; active local assessment question,"CR14: A1.8 v2; source-aligned oral customer role and written list/action; existing audio unchanged, no acoustic approval."
DL-A1-08-Q07,DL-A1-08-G01,A1,8,a1-08-shopping-clothes,content/A1/lesson-08-shopping-clothes.assessment.json,,quiz[6] — DL-A1-08-Q07,7,6,individual structured assessment question,Ready local A1 assessment question; bundled in data/course.json,key and brief Arabic explanation reviewed,ready; active local assessment question,"CR14: A1.8 v2; source-aligned oral customer role and written list/action; existing audio unchanged, no acoustic approval."
DL-A1-08-Q08,DL-A1-08-G01,A1,8,a1-08-shopping-clothes,content/A1/lesson-08-shopping-clothes.assessment.json,,quiz[7] — DL-A1-08-Q08,8,8,individual structured assessment question,Ready local A1 assessment question; bundled in data/course.json,key and brief Arabic explanation reviewed,ready; active local assessment question,"CR14: A1.8 v2; source-aligned oral customer role and written list/action; existing audio unchanged, no acoustic approval."
DL-A1-08-Q09,DL-A1-08-G01,A1,8,a1-08-shopping-clothes,content/A1/lesson-08-shopping-clothes.assessment.json,,quiz[8] — DL-A1-08-Q09,9,3,individual structured assessment question,Ready local A1 assessment question; bundled in data/course.json,key and brief Arabic explanation reviewed,ready; active local assessment question,"CR14: A1.8 v2; source-aligned oral customer role and written list/action; existing audio unchanged, no acoustic approval."
DL-A1-08-Q10,DL-A1-08-G01,A1,8,a1-08-shopping-clothes,content/A1/lesson-08-shopping-clothes.assessment.json,,quiz[9] — DL-A1-08-Q10,10,7,individual structured assessment question,Ready local A1 assessment question; bundled in data/course.json,key and brief Arabic explanation reviewed,ready; active local assessment question,"CR14: A1.8 v2; source-aligned oral customer role and written list/action; existing audio unchanged, no acoustic approval."
DL-A1-08-P01,DL-A1-08-G01,A1,8,a1-08-shopping-clothes,content/A1/lesson-08-shopping-clothes.assessment.json,,performanceTasks[0] — DL-A1-08-P01,1,8,performance assessment task,Active A1 performance task; local saved response and self-check rubric in the app,local self-check rubric ready; no audio recording or external evaluator,ready; active local performance self-check,"CR14: A1.8 v2; source-aligned oral customer role and written list/action; existing audio unchanged, no acoustic approval."
DL-A1-08-P02,DL-A1-08-G01,A1,8,a1-08-shopping-clothes,content/A1/lesson-08-shopping-clothes.assessment.json,,performanceTasks[1] — DL-A1-08-P02,2,3,performance assessment task,Active A1 performance task; local saved response and self-check rubric in the app,local self-check rubric ready; no audio recording or external evaluator,ready; active local performance self-check,"CR14: A1.8 v2; source-aligned oral customer role and written list/action; existing audio unchanged, no acoustic approval."
DL-A1-09-Q01,DL-A1-09-G01,A1,9,a1-09-work-appointments,content/A1/lesson-09-work-appointments.assessment.json,,quiz[0] — DL-A1-09-Q01,1,1,individual structured assessment question,Ready local A1 assessment question; bundled in data/course.json,key and brief Arabic explanation reviewed,ready; active local assessment question,"CR15: A1.9 v2; supported reading/key, scoped order, four-turn appointment and written problem/effect/alternative; audio unchanged."
DL-A1-09-Q02,DL-A1-09-G01,A1,9,a1-09-work-appointments,content/A1/lesson-09-work-appointments.assessment.json,,quiz[1] — DL-A1-09-Q02,2,2,individual structured assessment question,Ready local A1 assessment question; bundled in data/course.json,key and brief Arabic explanation reviewed,ready; active local assessment question,"CR15: A1.9 v2; supported reading/key, scoped order, four-turn appointment and written problem/effect/alternative; audio unchanged."
DL-A1-09-Q03,DL-A1-09-G01,A1,9,a1-09-work-appointments,content/A1/lesson-09-work-appointments.assessment.json,,quiz[2] — DL-A1-09-Q03,3,2,individual structured assessment question,Ready local A1 assessment question; bundled in data/course.json,key and brief Arabic explanation reviewed,ready; active local assessment question,"CR15: A1.9 v2; supported reading/key, scoped order, four-turn appointment and written problem/effect/alternative; audio unchanged."
DL-A1-09-Q04,DL-A1-09-G01,A1,9,a1-09-work-appointments,content/A1/lesson-09-work-appointments.assessment.json,,quiz[3] — DL-A1-09-Q04,4,3,individual structured assessment question,Ready local A1 assessment question; bundled in data/course.json,key and brief Arabic explanation reviewed,ready; active local assessment question,"CR15: A1.9 v2; supported reading/key, scoped order, four-turn appointment and written problem/effect/alternative; audio unchanged."
DL-A1-09-Q05,DL-A1-09-G01,A1,9,a1-09-work-appointments,content/A1/lesson-09-work-appointments.assessment.json,,quiz[4] — DL-A1-09-Q05,5,4,individual structured assessment question,Ready local A1 assessment question; bundled in data/course.json,key and brief Arabic explanation reviewed,ready; active local assessment question,"CR15: A1.9 v2; supported reading/key, scoped order, four-turn appointment and written problem/effect/alternative; audio unchanged."
DL-A1-09-Q06,DL-A1-09-G01,A1,9,a1-09-work-appointments,content/A1/lesson-09-work-appointments.assessment.json,,quiz[5] — DL-A1-09-Q06,6,5,individual structured assessment question,Ready local A1 assessment question; bundled in data/course.json,key and brief Arabic explanation reviewed,ready; active local assessment question,"CR15: A1.9 v2; supported reading/key, scoped order, four-turn appointment and written problem/effect/alternative; audio unchanged."
DL-A1-09-Q07,DL-A1-09-G01,A1,9,a1-09-work-appointments,content/A1/lesson-09-work-appointments.assessment.json,,quiz[6] — DL-A1-09-Q07,7,1,individual structured assessment question,Ready local A1 assessment question; bundled in data/course.json,key and brief Arabic explanation reviewed,ready; active local assessment question,"CR15: A1.9 v2; supported reading/key, scoped order, four-turn appointment and written problem/effect/alternative; audio unchanged."
DL-A1-09-Q08,DL-A1-09-G01,A1,9,a1-09-work-appointments,content/A1/lesson-09-work-appointments.assessment.json,,quiz[7] — DL-A1-09-Q08,8,4,individual structured assessment question,Ready local A1 assessment question; bundled in data/course.json,key and brief Arabic explanation reviewed,ready; active local assessment question,"CR15: A1.9 v2; supported reading/key, scoped order, four-turn appointment and written problem/effect/alternative; audio unchanged."
DL-A1-09-Q09,DL-A1-09-G01,A1,9,a1-09-work-appointments,content/A1/lesson-09-work-appointments.assessment.json,,quiz[8] — DL-A1-09-Q09,9,3,individual structured assessment question,Ready local A1 assessment question; bundled in data/course.json,key and brief Arabic explanation reviewed,ready; active local assessment question,"CR15: A1.9 v2; supported reading/key, scoped order, four-turn appointment and written problem/effect/alternative; audio unchanged."
DL-A1-09-Q10,DL-A1-09-G01,A1,9,a1-09-work-appointments,content/A1/lesson-09-work-appointments.assessment.json,,quiz[9] — DL-A1-09-Q10,10,8,individual structured assessment question,Ready local A1 assessment question; bundled in data/course.json,key and brief Arabic explanation reviewed,ready; active local assessment question,"CR15: A1.9 v2; supported reading/key, scoped order, four-turn appointment and written problem/effect/alternative; audio unchanged."
DL-A1-09-P01,DL-A1-09-G01,A1,9,a1-09-work-appointments,content/A1/lesson-09-work-appointments.assessment.json,,performanceTasks[0] — DL-A1-09-P01,1,8,performance assessment task,Active A1 performance task; local saved response and self-check rubric in the app,local self-check rubric ready; no audio recording or external evaluator,ready; active local performance self-check,"CR15: A1.9 v2; supported reading/key, scoped order, four-turn appointment and written problem/effect/alternative; audio unchanged."
DL-A1-09-P02,DL-A1-09-G01,A1,9,a1-09-work-appointments,content/A1/lesson-09-work-appointments.assessment.json,,performanceTasks[1] — DL-A1-09-P02,2,5,performance assessment task,Active A1 performance task; local saved response and self-check rubric in the app,local self-check rubric ready; no audio recording or external evaluator,ready; active local performance self-check,"CR15: A1.9 v2; supported reading/key, scoped order, four-turn appointment and written problem/effect/alternative; audio unchanged."
DL-A1-10-Q01,DL-A1-10-G01,A1,10,a1-10-hobbies-health,content/A1/lesson-10-hobbies-health.assessment.json,,quiz[0] — DL-A1-10-Q01,1,1,individual structured assessment question,Ready local A1 assessment question; bundled in data/course.json,key and brief Arabic explanation reviewed,ready; active local assessment question,CR16: A1.10 v2; scoped instructions and text evidence; six spoken clinic turns versus three written sentences; no clinical grading.
DL-A1-10-Q02,DL-A1-10-G01,A1,10,a1-10-hobbies-health,content/A1/lesson-10-hobbies-health.assessment.json,,quiz[1] — DL-A1-10-Q02,2,2,individual structured assessment question,Ready local A1 assessment question; bundled in data/course.json,key and brief Arabic explanation reviewed,ready; active local assessment question,CR16: A1.10 v2; scoped instructions and text evidence; six spoken clinic turns versus three written sentences; no clinical grading.
DL-A1-10-Q03,DL-A1-10-G01,A1,10,a1-10-hobbies-health,content/A1/lesson-10-hobbies-health.assessment.json,,quiz[2] — DL-A1-10-Q03,3,3,individual structured assessment question,Ready local A1 assessment question; bundled in data/course.json,key and brief Arabic explanation reviewed,ready; active local assessment question,CR16: A1.10 v2; scoped instructions and text evidence; six spoken clinic turns versus three written sentences; no clinical grading.
DL-A1-10-Q04,DL-A1-10-G01,A1,10,a1-10-hobbies-health,content/A1/lesson-10-hobbies-health.assessment.json,,quiz[3] — DL-A1-10-Q04,4,4,individual structured assessment question,Ready local A1 assessment question; bundled in data/course.json,key and brief Arabic explanation reviewed,ready; active local assessment question,CR16: A1.10 v2; scoped instructions and text evidence; six spoken clinic turns versus three written sentences; no clinical grading.
DL-A1-10-Q05,DL-A1-10-G01,A1,10,a1-10-hobbies-health,content/A1/lesson-10-hobbies-health.assessment.json,,quiz[4] — DL-A1-10-Q05,5,5,individual structured assessment question,Ready local A1 assessment question; bundled in data/course.json,key and brief Arabic explanation reviewed,ready; active local assessment question,CR16: A1.10 v2; scoped instructions and text evidence; six spoken clinic turns versus three written sentences; no clinical grading.
DL-A1-10-Q06,DL-A1-10-G01,A1,10,a1-10-hobbies-health,content/A1/lesson-10-hobbies-health.assessment.json,,quiz[5] — DL-A1-10-Q06,6,6,individual structured assessment question,Ready local A1 assessment question; bundled in data/course.json,key and brief Arabic explanation reviewed,ready; active local assessment question,CR16: A1.10 v2; scoped instructions and text evidence; six spoken clinic turns versus three written sentences; no clinical grading.
DL-A1-10-Q07,DL-A1-10-G01,A1,10,a1-10-hobbies-health,content/A1/lesson-10-hobbies-health.assessment.json,,quiz[6] — DL-A1-10-Q07,7,6,individual structured assessment question,Ready local A1 assessment question; bundled in data/course.json,key and brief Arabic explanation reviewed,ready; active local assessment question,CR16: A1.10 v2; scoped instructions and text evidence; six spoken clinic turns versus three written sentences; no clinical grading.
DL-A1-10-Q08,DL-A1-10-G01,A1,10,a1-10-hobbies-health,content/A1/lesson-10-hobbies-health.assessment.json,,quiz[7] — DL-A1-10-Q08,8,4,individual structured assessment question,Ready local A1 assessment question; bundled in data/course.json,key and brief Arabic explanation reviewed,ready; active local assessment question,CR16: A1.10 v2; scoped instructions and text evidence; six spoken clinic turns versus three written sentences; no clinical grading.
DL-A1-10-Q09,DL-A1-10-G01,A1,10,a1-10-hobbies-health,content/A1/lesson-10-hobbies-health.assessment.json,,quiz[8] — DL-A1-10-Q09,9,2,individual structured assessment question,Ready local A1 assessment question; bundled in data/course.json,key and brief Arabic explanation reviewed,ready; active local assessment question,CR16: A1.10 v2; scoped instructions and text evidence; six spoken clinic turns versus three written sentences; no clinical grading.
DL-A1-10-Q10,DL-A1-10-G01,A1,10,a1-10-hobbies-health,content/A1/lesson-10-hobbies-health.assessment.json,,quiz[9] — DL-A1-10-Q10,10,3,individual structured assessment question,Ready local A1 assessment question; bundled in data/course.json,key and brief Arabic explanation reviewed,ready; active local assessment question,CR16: A1.10 v2; scoped instructions and text evidence; six spoken clinic turns versus three written sentences; no clinical grading.
DL-A1-10-P01,DL-A1-10-G01,A1,10,a1-10-hobbies-health,content/A1/lesson-10-hobbies-health.assessment.json,,performanceTasks[0] — DL-A1-10-P01,1,5,performance assessment task,Active A1 performance task; local saved response and self-check rubric in the app,local self-check rubric ready; no audio recording or external evaluator,ready; active local performance self-check,CR16: A1.10 v2; scoped instructions and text evidence; six spoken clinic turns versus three written sentences; no clinical grading.
DL-A1-10-P02,DL-A1-10-G01,A1,10,a1-10-hobbies-health,content/A1/lesson-10-hobbies-health.assessment.json,,performanceTasks[1] — DL-A1-10-P02,2,8,performance assessment task,Active A1 performance task; local saved response and self-check rubric in the app,local self-check rubric ready; no audio recording or external evaluator,ready; active local performance self-check,CR16: A1.10 v2; scoped instructions and text evidence; six spoken clinic turns versus three written sentences; no clinical grading.
DL-A1-11-Q01,DL-A1-11-G01,A1,11,a1-11-home-directions,content/A1/lesson-11-home-directions.assessment.json,,quiz[0] — DL-A1-11-Q01,1,1,individual structured assessment question,Ready local A1 assessment question; bundled in data/course.json,key and brief Arabic explanation reviewed,ready; active local assessment question,"CR17: A1.11 v2; indefinite accusative, explicit evidence, written four-sentence home and spoken five-sentence route; audio unchanged."
DL-A1-11-Q02,DL-A1-11-G01,A1,11,a1-11-home-directions,content/A1/lesson-11-home-directions.assessment.json,,quiz[1] — DL-A1-11-Q02,2,1,individual structured assessment question,Ready local A1 assessment question; bundled in data/course.json,key and brief Arabic explanation reviewed,ready; active local assessment question,"CR17: A1.11 v2; indefinite accusative, explicit evidence, written four-sentence home and spoken five-sentence route; audio unchanged."
DL-A1-11-Q03,DL-A1-11-G01,A1,11,a1-11-home-directions,content/A1/lesson-11-home-directions.assessment.json,,quiz[2] — DL-A1-11-Q03,3,2,individual structured assessment question,Ready local A1 assessment question; bundled in data/course.json,key and brief Arabic explanation reviewed,ready; active local assessment question,"CR17: A1.11 v2; indefinite accusative, explicit evidence, written four-sentence home and spoken five-sentence route; audio unchanged."
DL-A1-11-Q04,DL-A1-11-G01,A1,11,a1-11-home-directions,content/A1/lesson-11-home-directions.assessment.json,,quiz[3] — DL-A1-11-Q04,4,2,individual structured assessment question,Ready local A1 assessment question; bundled in data/course.json,key and brief Arabic explanation reviewed,ready; active local assessment question,"CR17: A1.11 v2; indefinite accusative, explicit evidence, written four-sentence home and spoken five-sentence route; audio unchanged."
DL-A1-11-Q05,DL-A1-11-G01,A1,11,a1-11-home-directions,content/A1/lesson-11-home-directions.assessment.json,,quiz[4] — DL-A1-11-Q05,5,4,individual structured assessment question,Ready local A1 assessment question; bundled in data/course.json,key and brief Arabic explanation reviewed,ready; active local assessment question,"CR17: A1.11 v2; indefinite accusative, explicit evidence, written four-sentence home and spoken five-sentence route; audio unchanged."
DL-A1-11-Q06,DL-A1-11-G01,A1,11,a1-11-home-directions,content/A1/lesson-11-home-directions.assessment.json,,quiz[5] — DL-A1-11-Q06,6,4,individual structured assessment question,Ready local A1 assessment question; bundled in data/course.json,key and brief Arabic explanation reviewed,ready; active local assessment question,"CR17: A1.11 v2; indefinite accusative, explicit evidence, written four-sentence home and spoken five-sentence route; audio unchanged."
DL-A1-11-Q07,DL-A1-11-G01,A1,11,a1-11-home-directions,content/A1/lesson-11-home-directions.assessment.json,,quiz[6] — DL-A1-11-Q07,7,3,individual structured assessment question,Ready local A1 assessment question; bundled in data/course.json,key and brief Arabic explanation reviewed,ready; active local assessment question,"CR17: A1.11 v2; indefinite accusative, explicit evidence, written four-sentence home and spoken five-sentence route; audio unchanged."
DL-A1-11-Q08,DL-A1-11-G01,A1,11,a1-11-home-directions,content/A1/lesson-11-home-directions.assessment.json,,quiz[7] — DL-A1-11-Q08,8,4,individual structured assessment question,Ready local A1 assessment question; bundled in data/course.json,key and brief Arabic explanation reviewed,ready; active local assessment question,"CR17: A1.11 v2; indefinite accusative, explicit evidence, written four-sentence home and spoken five-sentence route; audio unchanged."
DL-A1-11-Q09,DL-A1-11-G01,A1,11,a1-11-home-directions,content/A1/lesson-11-home-directions.assessment.json,,quiz[8] — DL-A1-11-Q09,9,5,individual structured assessment question,Ready local A1 assessment question; bundled in data/course.json,key and brief Arabic explanation reviewed,ready; active local assessment question,"CR17: A1.11 v2; indefinite accusative, explicit evidence, written four-sentence home and spoken five-sentence route; audio unchanged."
DL-A1-11-Q10,DL-A1-11-G01,A1,11,a1-11-home-directions,content/A1/lesson-11-home-directions.assessment.json,,quiz[9] — DL-A1-11-Q10,10,2,individual structured assessment question,Ready local A1 assessment question; bundled in data/course.json,key and brief Arabic explanation reviewed,ready; active local assessment question,"CR17: A1.11 v2; indefinite accusative, explicit evidence, written four-sentence home and spoken five-sentence route; audio unchanged."
DL-A1-11-P01,DL-A1-11-G01,A1,11,a1-11-home-directions,content/A1/lesson-11-home-directions.assessment.json,,performanceTasks[0] — DL-A1-11-P01,1,8,performance assessment task,Active A1 performance task; local saved response and self-check rubric in the app,local self-check rubric ready; no audio recording or external evaluator,ready; active local performance self-check,"CR17: A1.11 v2; indefinite accusative, explicit evidence, written four-sentence home and spoken five-sentence route; audio unchanged."
DL-A1-11-P02,DL-A1-11-G01,A1,11,a1-11-home-directions,content/A1/lesson-11-home-directions.assessment.json,,performanceTasks[1] — DL-A1-11-P02,2,7,performance assessment task,Active A1 performance task; local saved response and self-check rubric in the app,local self-check rubric ready; no audio recording or external evaluator,ready; active local performance self-check,"CR17: A1.11 v2; indefinite accusative, explicit evidence, written four-sentence home and spoken five-sentence route; audio unchanged."
DL-A1-12-Q01,DL-A1-12-G01,A1,12,a1-12-trip-invitations,content/A1/lesson-12-trip-invitations.assessment.json,,quiz[0] — DL-A1-12-Q01,1,1,individual structured assessment question,Ready local A1 assessment question; bundled in data/course.json,key and brief Arabic explanation reviewed,ready; active local assessment question,"CR18: A1.12 v2; bounded modal/separation, letter punctuation, written two-sentence response and spoken six-sentence invitation/confirmation; audio unchanged."
DL-A1-12-Q02,DL-A1-12-G01,A1,12,a1-12-trip-invitations,content/A1/lesson-12-trip-invitations.assessment.json,,quiz[1] — DL-A1-12-Q02,2,1,individual structured assessment question,Ready local A1 assessment question; bundled in data/course.json,key and brief Arabic explanation reviewed,ready; active local assessment question,"CR18: A1.12 v2; bounded modal/separation, letter punctuation, written two-sentence response and spoken six-sentence invitation/confirmation; audio unchanged."
DL-A1-12-Q03,DL-A1-12-G01,A1,12,a1-12-trip-invitations,content/A1/lesson-12-trip-invitations.assessment.json,,quiz[2] — DL-A1-12-Q03,3,1,individual structured assessment question,Ready local A1 assessment question; bundled in data/course.json,key and brief Arabic explanation reviewed,ready; active local assessment question,"CR18: A1.12 v2; bounded modal/separation, letter punctuation, written two-sentence response and spoken six-sentence invitation/confirmation; audio unchanged."
DL-A1-12-Q04,DL-A1-12-G01,A1,12,a1-12-trip-invitations,content/A1/lesson-12-trip-invitations.assessment.json,,quiz[3] — DL-A1-12-Q04,4,1,individual structured assessment question,Ready local A1 assessment question; bundled in data/course.json,key and brief Arabic explanation reviewed,ready; active local assessment question,"CR18: A1.12 v2; bounded modal/separation, letter punctuation, written two-sentence response and spoken six-sentence invitation/confirmation; audio unchanged."
DL-A1-12-Q05,DL-A1-12-G01,A1,12,a1-12-trip-invitations,content/A1/lesson-12-trip-invitations.assessment.json,,quiz[4] — DL-A1-12-Q05,5,2,individual structured assessment question,Ready local A1 assessment question; bundled in data/course.json,key and brief Arabic explanation reviewed,ready; active local assessment question,"CR18: A1.12 v2; bounded modal/separation, letter punctuation, written two-sentence response and spoken six-sentence invitation/confirmation; audio unchanged."
DL-A1-12-Q06,DL-A1-12-G01,A1,12,a1-12-trip-invitations,content/A1/lesson-12-trip-invitations.assessment.json,,quiz[5] — DL-A1-12-Q06,6,3,individual structured assessment question,Ready local A1 assessment question; bundled in data/course.json,key and brief Arabic explanation reviewed,ready; active local assessment question,"CR18: A1.12 v2; bounded modal/separation, letter punctuation, written two-sentence response and spoken six-sentence invitation/confirmation; audio unchanged."
DL-A1-12-Q07,DL-A1-12-G01,A1,12,a1-12-trip-invitations,content/A1/lesson-12-trip-invitations.assessment.json,,quiz[6] — DL-A1-12-Q07,7,1,individual structured assessment question,Ready local A1 assessment question; bundled in data/course.json,key and brief Arabic explanation reviewed,ready; active local assessment question,"CR18: A1.12 v2; bounded modal/separation, letter punctuation, written two-sentence response and spoken six-sentence invitation/confirmation; audio unchanged."
DL-A1-12-Q08,DL-A1-12-G01,A1,12,a1-12-trip-invitations,content/A1/lesson-12-trip-invitations.assessment.json,,quiz[7] — DL-A1-12-Q08,8,5,individual structured assessment question,Ready local A1 assessment question; bundled in data/course.json,key and brief Arabic explanation reviewed,ready; active local assessment question,"CR18: A1.12 v2; bounded modal/separation, letter punctuation, written two-sentence response and spoken six-sentence invitation/confirmation; audio unchanged."
DL-A1-12-Q09,DL-A1-12-G01,A1,12,a1-12-trip-invitations,content/A1/lesson-12-trip-invitations.assessment.json,,quiz[8] — DL-A1-12-Q09,9,1,individual structured assessment question,Ready local A1 assessment question; bundled in data/course.json,key and brief Arabic explanation reviewed,ready; active local assessment question,"CR18: A1.12 v2; bounded modal/separation, letter punctuation, written two-sentence response and spoken six-sentence invitation/confirmation; audio unchanged."
DL-A1-12-Q10,DL-A1-12-G01,A1,12,a1-12-trip-invitations,content/A1/lesson-12-trip-invitations.assessment.json,,quiz[9] — DL-A1-12-Q10,10,7,individual structured assessment question,Ready local A1 assessment question; bundled in data/course.json,key and brief Arabic explanation reviewed,ready; active local assessment question,"CR18: A1.12 v2; bounded modal/separation, letter punctuation, written two-sentence response and spoken six-sentence invitation/confirmation; audio unchanged."
DL-A1-12-P01,DL-A1-12-G01,A1,12,a1-12-trip-invitations,content/A1/lesson-12-trip-invitations.assessment.json,,performanceTasks[0] — DL-A1-12-P01,1,7,performance assessment task,Active A1 performance task; local saved response and self-check rubric in the app,local self-check rubric ready; no audio recording or external evaluator,ready; active local performance self-check,"CR18: A1.12 v2; bounded modal/separation, letter punctuation, written two-sentence response and spoken six-sentence invitation/confirmation; audio unchanged."
DL-A1-12-P02,DL-A1-12-G01,A1,12,a1-12-trip-invitations,content/A1/lesson-12-trip-invitations.assessment.json,,performanceTasks[1] — DL-A1-12-P02,2,8,performance assessment task,Active A1 performance task; local saved response and self-check rubric in the app,local self-check rubric ready; no audio recording or external evaluator,ready; active local performance self-check,"CR18: A1.12 v2; bounded modal/separation, letter punctuation, written two-sentence response and spoken six-sentence invitation/confirmation; audio unchanged."
DL-A2-01-Q01,DL-A2-01-G01,A2,1,a2-01-routines-abilities-experiences,content/A2/lesson-01-routines-abilities-experiences.assessment.json,,quiz[0] — DL-A2-01-Q01,1,1,individual structured assessment question,Ready local A2 assessment question; bundled in data/course.json,key and brief Arabic explanation reviewed,ready; active local assessment question,"CR19: A2.1 v2; vor means prior time, not completion; T08 A spoken four sentences / B written four sentences; existing audio preserved."
DL-A2-01-Q02,DL-A2-01-G01,A2,1,a2-01-routines-abilities-experiences,content/A2/lesson-01-routines-abilities-experiences.assessment.json,,quiz[1] — DL-A2-01-Q02,2,1,individual structured assessment question,Ready local A2 assessment question; bundled in data/course.json,key and brief Arabic explanation reviewed,ready; active local assessment question,"CR19: A2.1 v2; vor means prior time, not completion; T08 A spoken four sentences / B written four sentences; existing audio preserved."
DL-A2-01-Q03,DL-A2-01-G01,A2,1,a2-01-routines-abilities-experiences,content/A2/lesson-01-routines-abilities-experiences.assessment.json,,quiz[2] — DL-A2-01-Q03,3,2,individual structured assessment question,Ready local A2 assessment question; bundled in data/course.json,key and brief Arabic explanation reviewed,ready; active local assessment question,"CR19: A2.1 v2; vor means prior time, not completion; T08 A spoken four sentences / B written four sentences; existing audio preserved."
DL-A2-01-Q04,DL-A2-01-G01,A2,1,a2-01-routines-abilities-experiences,content/A2/lesson-01-routines-abilities-experiences.assessment.json,,quiz[3] — DL-A2-01-Q04,4,3,individual structured assessment question,Ready local A2 assessment question; bundled in data/course.json,key and brief Arabic explanation reviewed,ready; active local assessment question,"CR19: A2.1 v2; vor means prior time, not completion; T08 A spoken four sentences / B written four sentences; existing audio preserved."
DL-A2-01-Q05,DL-A2-01-G01,A2,1,a2-01-routines-abilities-experiences,content/A2/lesson-01-routines-abilities-experiences.assessment.json,,quiz[4] — DL-A2-01-Q05,5,4,individual structured assessment question,Ready local A2 assessment question; bundled in data/course.json,key and brief Arabic explanation reviewed,ready; active local assessment question,"CR19: A2.1 v2; vor means prior time, not completion; T08 A spoken four sentences / B written four sentences; existing audio preserved."
DL-A2-01-Q06,DL-A2-01-G01,A2,1,a2-01-routines-abilities-experiences,content/A2/lesson-01-routines-abilities-experiences.assessment.json,,quiz[5] — DL-A2-01-Q06,6,5,individual structured assessment question,Ready local A2 assessment question; bundled in data/course.json,key and brief Arabic explanation reviewed,ready; active local assessment question,"CR19: A2.1 v2; vor means prior time, not completion; T08 A spoken four sentences / B written four sentences; existing audio preserved."
DL-A2-01-Q07,DL-A2-01-G01,A2,1,a2-01-routines-abilities-experiences,content/A2/lesson-01-routines-abilities-experiences.assessment.json,,quiz[6] — DL-A2-01-Q07,7,6,individual structured assessment question,Ready local A2 assessment question; bundled in data/course.json,key and brief Arabic explanation reviewed,ready; active local assessment question,"CR19: A2.1 v2; vor means prior time, not completion; T08 A spoken four sentences / B written four sentences; existing audio preserved."
DL-A2-01-Q08,DL-A2-01-G01,A2,1,a2-01-routines-abilities-experiences,content/A2/lesson-01-routines-abilities-experiences.assessment.json,,quiz[7] — DL-A2-01-Q08,8,6,individual structured assessment question,Ready local A2 assessment question; bundled in data/course.json,key and brief Arabic explanation reviewed,ready; active local assessment question,"CR19: A2.1 v2; vor means prior time, not completion; T08 A spoken four sentences / B written four sentences; existing audio preserved."
DL-A2-01-Q09,DL-A2-01-G01,A2,1,a2-01-routines-abilities-experiences,content/A2/lesson-01-routines-abilities-experiences.assessment.json,,quiz[8] — DL-A2-01-Q09,9,8,individual structured assessment question,Ready local A2 assessment question; bundled in data/course.json,key and brief Arabic explanation reviewed,ready; active local assessment question,"CR19: A2.1 v2; vor means prior time, not completion; T08 A spoken four sentences / B written four sentences; existing audio preserved."
DL-A2-01-Q10,DL-A2-01-G01,A2,1,a2-01-routines-abilities-experiences,content/A2/lesson-01-routines-abilities-experiences.assessment.json,,quiz[9] — DL-A2-01-Q10,10,6,individual structured assessment question,Ready local A2 assessment question; bundled in data/course.json,key and brief Arabic explanation reviewed,ready; active local assessment question,"CR19: A2.1 v2; vor means prior time, not completion; T08 A spoken four sentences / B written four sentences; existing audio preserved."
DL-A2-01-P01,DL-A2-01-G01,A2,1,a2-01-routines-abilities-experiences,content/A2/lesson-01-routines-abilities-experiences.assessment.json,,performanceTasks[0] — DL-A2-01-P01,1,8,performance assessment task,Active A2 performance task; local saved response and self-check rubric in the app,local self-check rubric ready; no audio recording or external evaluator,ready; active local performance self-check,"CR19: A2.1 v2; vor means prior time, not completion; T08 A spoken four sentences / B written four sentences; existing audio preserved."
DL-A2-01-P02,DL-A2-01-G01,A2,1,a2-01-routines-abilities-experiences,content/A2/lesson-01-routines-abilities-experiences.assessment.json,,performanceTasks[1] — DL-A2-01-P02,2,8,performance assessment task,Active A2 performance task; local saved response and self-check rubric in the app,local self-check rubric ready; no audio recording or external evaluator,ready; active local performance self-check,"CR19: A2.1 v2; vor means prior time, not completion; T08 A spoken four sentences / B written four sentences; existing audio preserved."
DL-A2-02-Q01,DL-A2-02-G01,A2,2,a2-02-travel-comparisons,content/A2/lesson-02-travel-comparisons.assessment.json,,quiz[0] — DL-A2-02-Q01,1,1,individual structured assessment question,Ready local A2 assessment question; bundled in data/course.json,key and brief Arabic explanation reviewed,ready; active local assessment question,"CR20: A2.2 v2; Q05 -> T07; P01/T08 fictional table + spoken four sentences, P02/T07 written four sentences; recorded speech unchanged."
DL-A2-02-Q02,DL-A2-02-G01,A2,2,a2-02-travel-comparisons,content/A2/lesson-02-travel-comparisons.assessment.json,,quiz[1] — DL-A2-02-Q02,2,2,individual structured assessment question,Ready local A2 assessment question; bundled in data/course.json,key and brief Arabic explanation reviewed,ready; active local assessment question,"CR20: A2.2 v2; Q05 -> T07; P01/T08 fictional table + spoken four sentences, P02/T07 written four sentences; recorded speech unchanged."
DL-A2-02-Q03,DL-A2-02-G01,A2,2,a2-02-travel-comparisons,content/A2/lesson-02-travel-comparisons.assessment.json,,quiz[2] — DL-A2-02-Q03,3,3,individual structured assessment question,Ready local A2 assessment question; bundled in data/course.json,key and brief Arabic explanation reviewed,ready; active local assessment question,"CR20: A2.2 v2; Q05 -> T07; P01/T08 fictional table + spoken four sentences, P02/T07 written four sentences; recorded speech unchanged."
DL-A2-02-Q04,DL-A2-02-G01,A2,2,a2-02-travel-comparisons,content/A2/lesson-02-travel-comparisons.assessment.json,,quiz[3] — DL-A2-02-Q04,4,4,individual structured assessment question,Ready local A2 assessment question; bundled in data/course.json,key and brief Arabic explanation reviewed,ready; active local assessment question,"CR20: A2.2 v2; Q05 -> T07; P01/T08 fictional table + spoken four sentences, P02/T07 written four sentences; recorded speech unchanged."
DL-A2-02-Q05,DL-A2-02-G01,A2,2,a2-02-travel-comparisons,content/A2/lesson-02-travel-comparisons.assessment.json,,quiz[4] — DL-A2-02-Q05,5,7,individual structured assessment question,Ready local A2 assessment question; bundled in data/course.json,key and brief Arabic explanation reviewed,ready; active local assessment question,"CR20: A2.2 v2; Q05 -> T07; P01/T08 fictional table + spoken four sentences, P02/T07 written four sentences; recorded speech unchanged."
DL-A2-02-Q06,DL-A2-02-G01,A2,2,a2-02-travel-comparisons,content/A2/lesson-02-travel-comparisons.assessment.json,,quiz[5] — DL-A2-02-Q06,6,5,individual structured assessment question,Ready local A2 assessment question; bundled in data/course.json,key and brief Arabic explanation reviewed,ready; active local assessment question,"CR20: A2.2 v2; Q05 -> T07; P01/T08 fictional table + spoken four sentences, P02/T07 written four sentences; recorded speech unchanged."
DL-A2-02-Q07,DL-A2-02-G01,A2,2,a2-02-travel-comparisons,content/A2/lesson-02-travel-comparisons.assessment.json,,quiz[6] — DL-A2-02-Q07,7,5,individual structured assessment question,Ready local A2 assessment question; bundled in data/course.json,key and brief Arabic explanation reviewed,ready; active local assessment question,"CR20: A2.2 v2; Q05 -> T07; P01/T08 fictional table + spoken four sentences, P02/T07 written four sentences; recorded speech unchanged."
DL-A2-02-Q08,DL-A2-02-G01,A2,2,a2-02-travel-comparisons,content/A2/lesson-02-travel-comparisons.assessment.json,,quiz[7] — DL-A2-02-Q08,8,5,individual structured assessment question,Ready local A2 assessment question; bundled in data/course.json,key and brief Arabic explanation reviewed,ready; active local assessment question,"CR20: A2.2 v2; Q05 -> T07; P01/T08 fictional table + spoken four sentences, P02/T07 written four sentences; recorded speech unchanged."
DL-A2-02-Q09,DL-A2-02-G01,A2,2,a2-02-travel-comparisons,content/A2/lesson-02-travel-comparisons.assessment.json,,quiz[8] — DL-A2-02-Q09,9,5,individual structured assessment question,Ready local A2 assessment question; bundled in data/course.json,key and brief Arabic explanation reviewed,ready; active local assessment question,"CR20: A2.2 v2; Q05 -> T07; P01/T08 fictional table + spoken four sentences, P02/T07 written four sentences; recorded speech unchanged."
DL-A2-02-Q10,DL-A2-02-G01,A2,2,a2-02-travel-comparisons,content/A2/lesson-02-travel-comparisons.assessment.json,,quiz[9] — DL-A2-02-Q10,10,3,individual structured assessment question,Ready local A2 assessment question; bundled in data/course.json,key and brief Arabic explanation reviewed,ready; active local assessment question,"CR20: A2.2 v2; Q05 -> T07; P01/T08 fictional table + spoken four sentences, P02/T07 written four sentences; recorded speech unchanged."
DL-A2-02-P01,DL-A2-02-G01,A2,2,a2-02-travel-comparisons,content/A2/lesson-02-travel-comparisons.assessment.json,,performanceTasks[0] — DL-A2-02-P01,1,8,performance assessment task,Active A2 performance task; local saved response and self-check rubric in the app,local self-check rubric ready; no audio recording or external evaluator,ready; active local performance self-check,"CR20: A2.2 v2; Q05 -> T07; P01/T08 fictional table + spoken four sentences, P02/T07 written four sentences; recorded speech unchanged."
DL-A2-02-P02,DL-A2-02-G01,A2,2,a2-02-travel-comparisons,content/A2/lesson-02-travel-comparisons.assessment.json,,performanceTasks[1] — DL-A2-02-P02,2,7,performance assessment task,Active A2 performance task; local saved response and self-check rubric in the app,local self-check rubric ready; no audio recording or external evaluator,ready; active local performance self-check,"CR20: A2.2 v2; Q05 -> T07; P01/T08 fictional table + spoken four sentences, P02/T07 written four sentences; recorded speech unchanged."
DL-A2-03-Q01,DL-A2-03-G01,A2,3,a2-03-food-nutrition-shopping,content/A2/lesson-03-food-nutrition-shopping.assessment.json,,quiz[0] — DL-A2-03-Q01,1,1,individual structured assessment question,Ready local A2 assessment question; bundled in data/course.json,key and brief Arabic explanation reviewed,ready; active local assessment question,"CR21: A2.3 v2; Q09/T04, Q10/T03; T08A/P01 written list and question, T08B/P02 spoken four turns and man comment; existing audio unchanged."
DL-A2-03-Q02,DL-A2-03-G01,A2,3,a2-03-food-nutrition-shopping,content/A2/lesson-03-food-nutrition-shopping.assessment.json,,quiz[1] — DL-A2-03-Q02,2,2,individual structured assessment question,Ready local A2 assessment question; bundled in data/course.json,key and brief Arabic explanation reviewed,ready; active local assessment question,"CR21: A2.3 v2; Q09/T04, Q10/T03; T08A/P01 written list and question, T08B/P02 spoken four turns and man comment; existing audio unchanged."
DL-A2-03-Q03,DL-A2-03-G01,A2,3,a2-03-food-nutrition-shopping,content/A2/lesson-03-food-nutrition-shopping.assessment.json,,quiz[2] — DL-A2-03-Q03,3,3,individual structured assessment question,Ready local A2 assessment question; bundled in data/course.json,key and brief Arabic explanation reviewed,ready; active local assessment question,"CR21: A2.3 v2; Q09/T04, Q10/T03; T08A/P01 written list and question, T08B/P02 spoken four turns and man comment; existing audio unchanged."
DL-A2-03-Q04,DL-A2-03-G01,A2,3,a2-03-food-nutrition-shopping,content/A2/lesson-03-food-nutrition-shopping.assessment.json,,quiz[3] — DL-A2-03-Q04,4,4,individual structured assessment question,Ready local A2 assessment question; bundled in data/course.json,key and brief Arabic explanation reviewed,ready; active local assessment question,"CR21: A2.3 v2; Q09/T04, Q10/T03; T08A/P01 written list and question, T08B/P02 spoken four turns and man comment; existing audio unchanged."
DL-A2-03-Q05,DL-A2-03-G01,A2,3,a2-03-food-nutrition-shopping,content/A2/lesson-03-food-nutrition-shopping.assessment.json,,quiz[4] — DL-A2-03-Q05,5,5,individual structured assessment question,Ready local A2 assessment question; bundled in data/course.json,key and brief Arabic explanation reviewed,ready; active local assessment question,"CR21: A2.3 v2; Q09/T04, Q10/T03; T08A/P01 written list and question, T08B/P02 spoken four turns and man comment; existing audio unchanged."
DL-A2-03-Q06,DL-A2-03-G01,A2,3,a2-03-food-nutrition-shopping,content/A2/lesson-03-food-nutrition-shopping.assessment.json,,quiz[5] — DL-A2-03-Q06,6,5,individual structured assessment question,Ready local A2 assessment question; bundled in data/course.json,key and brief Arabic explanation reviewed,ready; active local assessment question,"CR21: A2.3 v2; Q09/T04, Q10/T03; T08A/P01 written list and question, T08B/P02 spoken four turns and man comment; existing audio unchanged."
DL-A2-03-Q07,DL-A2-03-G01,A2,3,a2-03-food-nutrition-shopping,content/A2/lesson-03-food-nutrition-shopping.assessment.json,,quiz[6] — DL-A2-03-Q07,7,6,individual structured assessment question,Ready local A2 assessment question; bundled in data/course.json,key and brief Arabic explanation reviewed,ready; active local assessment question,"CR21: A2.3 v2; Q09/T04, Q10/T03; T08A/P01 written list and question, T08B/P02 spoken four turns and man comment; existing audio unchanged."
DL-A2-03-Q08,DL-A2-03-G01,A2,3,a2-03-food-nutrition-shopping,content/A2/lesson-03-food-nutrition-shopping.assessment.json,,quiz[7] — DL-A2-03-Q08,8,6,individual structured assessment question,Ready local A2 assessment question; bundled in data/course.json,key and brief Arabic explanation reviewed,ready; active local assessment question,"CR21: A2.3 v2; Q09/T04, Q10/T03; T08A/P01 written list and question, T08B/P02 spoken four turns and man comment; existing audio unchanged."
DL-A2-03-Q09,DL-A2-03-G01,A2,3,a2-03-food-nutrition-shopping,content/A2/lesson-03-food-nutrition-shopping.assessment.json,,quiz[8] — DL-A2-03-Q09,9,4,individual structured assessment question,Ready local A2 assessment question; bundled in data/course.json,key and brief Arabic explanation reviewed,ready; active local assessment question,"CR21: A2.3 v2; Q09/T04, Q10/T03; T08A/P01 written list and question, T08B/P02 spoken four turns and man comment; existing audio unchanged."
DL-A2-03-Q10,DL-A2-03-G01,A2,3,a2-03-food-nutrition-shopping,content/A2/lesson-03-food-nutrition-shopping.assessment.json,,quiz[9] — DL-A2-03-Q10,10,3,individual structured assessment question,Ready local A2 assessment question; bundled in data/course.json,key and brief Arabic explanation reviewed,ready; active local assessment question,"CR21: A2.3 v2; Q09/T04, Q10/T03; T08A/P01 written list and question, T08B/P02 spoken four turns and man comment; existing audio unchanged."
DL-A2-03-P01,DL-A2-03-G01,A2,3,a2-03-food-nutrition-shopping,content/A2/lesson-03-food-nutrition-shopping.assessment.json,,performanceTasks[0] — DL-A2-03-P01,1,8,performance assessment task,Active A2 performance task; local saved response and self-check rubric in the app,local self-check rubric ready; no audio recording or external evaluator,ready; active local performance self-check,"CR21: A2.3 v2; Q09/T04, Q10/T03; T08A/P01 written list and question, T08B/P02 spoken four turns and man comment; existing audio unchanged."
DL-A2-03-P02,DL-A2-03-G01,A2,3,a2-03-food-nutrition-shopping,content/A2/lesson-03-food-nutrition-shopping.assessment.json,,performanceTasks[1] — DL-A2-03-P02,2,8,performance assessment task,Active A2 performance task; local saved response and self-check rubric in the app,local self-check rubric ready; no audio recording or external evaluator,ready; active local performance self-check,"CR21: A2.3 v2; Q09/T04, Q10/T03; T08A/P01 written list and question, T08B/P02 spoken four turns and man comment; existing audio unchanged."
DL-A2-04-Q01,DL-A2-04-G01,A2,4,a2-04-office-phone-appointments,content/A2/lesson-04-office-phone-appointments.assessment.json,,quiz[0] — DL-A2-04-Q01,1,1,individual structured assessment question,Ready local A2 assessment question; bundled in data/course.json,key and brief Arabic explanation reviewed,ready; active local assessment question,"CR22: A2.4 v2; Q04/T03, Q09-Q10/T01; T08A/P01 six spoken turns, T08B/P02 written email; existing audio preserved."
DL-A2-04-Q02,DL-A2-04-G01,A2,4,a2-04-office-phone-appointments,content/A2/lesson-04-office-phone-appointments.assessment.json,,quiz[1] — DL-A2-04-Q02,2,2,individual structured assessment question,Ready local A2 assessment question; bundled in data/course.json,key and brief Arabic explanation reviewed,ready; active local assessment question,"CR22: A2.4 v2; Q04/T03, Q09-Q10/T01; T08A/P01 six spoken turns, T08B/P02 written email; existing audio preserved."
DL-A2-04-Q03,DL-A2-04-G01,A2,4,a2-04-office-phone-appointments,content/A2/lesson-04-office-phone-appointments.assessment.json,,quiz[2] — DL-A2-04-Q03,3,3,individual structured assessment question,Ready local A2 assessment question; bundled in data/course.json,key and brief Arabic explanation reviewed,ready; active local assessment question,"CR22: A2.4 v2; Q04/T03, Q09-Q10/T01; T08A/P01 six spoken turns, T08B/P02 written email; existing audio preserved."
DL-A2-04-Q04,DL-A2-04-G01,A2,4,a2-04-office-phone-appointments,content/A2/lesson-04-office-phone-appointments.assessment.json,,quiz[3] — DL-A2-04-Q04,4,3,individual structured assessment question,Ready local A2 assessment question; bundled in data/course.json,key and brief Arabic explanation reviewed,ready; active local assessment question,"CR22: A2.4 v2; Q04/T03, Q09-Q10/T01; T08A/P01 six spoken turns, T08B/P02 written email; existing audio preserved."
DL-A2-04-Q05,DL-A2-04-G01,A2,4,a2-04-office-phone-appointments,content/A2/lesson-04-office-phone-appointments.assessment.json,,quiz[4] — DL-A2-04-Q05,5,5,individual structured assessment question,Ready local A2 assessment question; bundled in data/course.json,key and brief Arabic explanation reviewed,ready; active local assessment question,"CR22: A2.4 v2; Q04/T03, Q09-Q10/T01; T08A/P01 six spoken turns, T08B/P02 written email; existing audio preserved."
DL-A2-04-Q06,DL-A2-04-G01,A2,4,a2-04-office-phone-appointments,content/A2/lesson-04-office-phone-appointments.assessment.json,,quiz[5] — DL-A2-04-Q06,6,5,individual structured assessment question,Ready local A2 assessment question; bundled in data/course.json,key and brief Arabic explanation reviewed,ready; active local assessment question,"CR22: A2.4 v2; Q04/T03, Q09-Q10/T01; T08A/P01 six spoken turns, T08B/P02 written email; existing audio preserved."
DL-A2-04-Q07,DL-A2-04-G01,A2,4,a2-04-office-phone-appointments,content/A2/lesson-04-office-phone-appointments.assessment.json,,quiz[6] — DL-A2-04-Q07,7,1,individual structured assessment question,Ready local A2 assessment question; bundled in data/course.json,key and brief Arabic explanation reviewed,ready; active local assessment question,"CR22: A2.4 v2; Q04/T03, Q09-Q10/T01; T08A/P01 six spoken turns, T08B/P02 written email; existing audio preserved."
DL-A2-04-Q08,DL-A2-04-G01,A2,4,a2-04-office-phone-appointments,content/A2/lesson-04-office-phone-appointments.assessment.json,,quiz[7] — DL-A2-04-Q08,8,7,individual structured assessment question,Ready local A2 assessment question; bundled in data/course.json,key and brief Arabic explanation reviewed,ready; active local assessment question,"CR22: A2.4 v2; Q04/T03, Q09-Q10/T01; T08A/P01 six spoken turns, T08B/P02 written email; existing audio preserved."
DL-A2-04-Q09,DL-A2-04-G01,A2,4,a2-04-office-phone-appointments,content/A2/lesson-04-office-phone-appointments.assessment.json,,quiz[8] — DL-A2-04-Q09,9,1,individual structured assessment question,Ready local A2 assessment question; bundled in data/course.json,key and brief Arabic explanation reviewed,ready; active local assessment question,"CR22: A2.4 v2; Q04/T03, Q09-Q10/T01; T08A/P01 six spoken turns, T08B/P02 written email; existing audio preserved."
DL-A2-04-Q10,DL-A2-04-G01,A2,4,a2-04-office-phone-appointments,content/A2/lesson-04-office-phone-appointments.assessment.json,,quiz[9] — DL-A2-04-Q10,10,1,individual structured assessment question,Ready local A2 assessment question; bundled in data/course.json,key and brief Arabic explanation reviewed,ready; active local assessment question,"CR22: A2.4 v2; Q04/T03, Q09-Q10/T01; T08A/P01 six spoken turns, T08B/P02 written email; existing audio preserved."
DL-A2-04-P01,DL-A2-04-G01,A2,4,a2-04-office-phone-appointments,content/A2/lesson-04-office-phone-appointments.assessment.json,,performanceTasks[0] — DL-A2-04-P01,1,8,performance assessment task,Active A2 performance task; local saved response and self-check rubric in the app,local self-check rubric ready; no audio recording or external evaluator,ready; active local performance self-check,"CR22: A2.4 v2; Q04/T03, Q09-Q10/T01; T08A/P01 six spoken turns, T08B/P02 written email; existing audio preserved."
DL-A2-04-P02,DL-A2-04-G01,A2,4,a2-04-office-phone-appointments,content/A2/lesson-04-office-phone-appointments.assessment.json,,performanceTasks[1] — DL-A2-04-P02,2,8,performance assessment task,Active A2 performance task; local saved response and self-check rubric in the app,local self-check rubric ready; no audio recording or external evaluator,ready; active local performance self-check,"CR22: A2.4 v2; Q04/T03, Q09-Q10/T01; T08A/P01 six spoken turns, T08B/P02 written email; existing audio preserved."
DL-A2-05-Q01,DL-A2-05-G01,A2,5,a2-05-training-routine-wenn,content/A2/lesson-05-training-routine-wenn.assessment.json,,quiz[0] — DL-A2-05-Q01,1,1,individual structured assessment question,Ready local A2 assessment question; bundled in data/course.json,key and brief Arabic explanation reviewed,ready; active local assessment question,"CR23: A2.5 v2; Q02/Q10 T04, Q08 T03; T08/P01 written schedule, T07/P02 spoken given situations; audio unchanged."
DL-A2-05-Q02,DL-A2-05-G01,A2,5,a2-05-training-routine-wenn,content/A2/lesson-05-training-routine-wenn.assessment.json,,quiz[1] — DL-A2-05-Q02,2,4,individual structured assessment question,Ready local A2 assessment question; bundled in data/course.json,key and brief Arabic explanation reviewed,ready; active local assessment question,"CR23: A2.5 v2; Q02/Q10 T04, Q08 T03; T08/P01 written schedule, T07/P02 spoken given situations; audio unchanged."
DL-A2-05-Q03,DL-A2-05-G01,A2,5,a2-05-training-routine-wenn,content/A2/lesson-05-training-routine-wenn.assessment.json,,quiz[2] — DL-A2-05-Q03,3,3,individual structured assessment question,Ready local A2 assessment question; bundled in data/course.json,key and brief Arabic explanation reviewed,ready; active local assessment question,"CR23: A2.5 v2; Q02/Q10 T04, Q08 T03; T08/P01 written schedule, T07/P02 spoken given situations; audio unchanged."
DL-A2-05-Q04,DL-A2-05-G01,A2,5,a2-05-training-routine-wenn,content/A2/lesson-05-training-routine-wenn.assessment.json,,quiz[3] — DL-A2-05-Q04,4,4,individual structured assessment question,Ready local A2 assessment question; bundled in data/course.json,key and brief Arabic explanation reviewed,ready; active local assessment question,"CR23: A2.5 v2; Q02/Q10 T04, Q08 T03; T08/P01 written schedule, T07/P02 spoken given situations; audio unchanged."
DL-A2-05-Q05,DL-A2-05-G01,A2,5,a2-05-training-routine-wenn,content/A2/lesson-05-training-routine-wenn.assessment.json,,quiz[4] — DL-A2-05-Q05,5,5,individual structured assessment question,Ready local A2 assessment question; bundled in data/course.json,key and brief Arabic explanation reviewed,ready; active local assessment question,"CR23: A2.5 v2; Q02/Q10 T04, Q08 T03; T08/P01 written schedule, T07/P02 spoken given situations; audio unchanged."
DL-A2-05-Q06,DL-A2-05-G01,A2,5,a2-05-training-routine-wenn,content/A2/lesson-05-training-routine-wenn.assessment.json,,quiz[5] — DL-A2-05-Q06,6,5,individual structured assessment question,Ready local A2 assessment question; bundled in data/course.json,key and brief Arabic explanation reviewed,ready; active local assessment question,"CR23: A2.5 v2; Q02/Q10 T04, Q08 T03; T08/P01 written schedule, T07/P02 spoken given situations; audio unchanged."
DL-A2-05-Q07,DL-A2-05-G01,A2,5,a2-05-training-routine-wenn,content/A2/lesson-05-training-routine-wenn.assessment.json,,quiz[6] — DL-A2-05-Q07,7,5,individual structured assessment question,Ready local A2 assessment question; bundled in data/course.json,key and brief Arabic explanation reviewed,ready; active local assessment question,"CR23: A2.5 v2; Q02/Q10 T04, Q08 T03; T08/P01 written schedule, T07/P02 spoken given situations; audio unchanged."
DL-A2-05-Q08,DL-A2-05-G01,A2,5,a2-05-training-routine-wenn,content/A2/lesson-05-training-routine-wenn.assessment.json,,quiz[7] — DL-A2-05-Q08,8,3,individual structured assessment question,Ready local A2 assessment question; bundled in data/course.json,key and brief Arabic explanation reviewed,ready; active local assessment question,"CR23: A2.5 v2; Q02/Q10 T04, Q08 T03; T08/P01 written schedule, T07/P02 spoken given situations; audio unchanged."
DL-A2-05-Q09,DL-A2-05-G01,A2,5,a2-05-training-routine-wenn,content/A2/lesson-05-training-routine-wenn.assessment.json,,quiz[8] — DL-A2-05-Q09,9,7,individual structured assessment question,Ready local A2 assessment question; bundled in data/course.json,key and brief Arabic explanation reviewed,ready; active local assessment question,"CR23: A2.5 v2; Q02/Q10 T04, Q08 T03; T08/P01 written schedule, T07/P02 spoken given situations; audio unchanged."
DL-A2-05-Q10,DL-A2-05-G01,A2,5,a2-05-training-routine-wenn,content/A2/lesson-05-training-routine-wenn.assessment.json,,quiz[9] — DL-A2-05-Q10,10,4,individual structured assessment question,Ready local A2 assessment question; bundled in data/course.json,key and brief Arabic explanation reviewed,ready; active local assessment question,"CR23: A2.5 v2; Q02/Q10 T04, Q08 T03; T08/P01 written schedule, T07/P02 spoken given situations; audio unchanged."
DL-A2-05-P01,DL-A2-05-G01,A2,5,a2-05-training-routine-wenn,content/A2/lesson-05-training-routine-wenn.assessment.json,,performanceTasks[0] — DL-A2-05-P01,1,8,performance assessment task,Active A2 performance task; local saved response and self-check rubric in the app,local self-check rubric ready; no audio recording or external evaluator,ready; active local performance self-check,"CR23: A2.5 v2; Q02/Q10 T04, Q08 T03; T08/P01 written schedule, T07/P02 spoken given situations; audio unchanged."
DL-A2-05-P02,DL-A2-05-G01,A2,5,a2-05-training-routine-wenn,content/A2/lesson-05-training-routine-wenn.assessment.json,,performanceTasks[1] — DL-A2-05-P02,2,7,performance assessment task,Active A2 performance task; local saved response and self-check rubric in the app,local self-check rubric ready; no audio recording or external evaluator,ready; active local performance self-check,"CR23: A2.5 v2; Q02/Q10 T04, Q08 T03; T08/P01 written schedule, T07/P02 spoken given situations; audio unchanged."
DL-A2-06-Q01,DL-A2-06-G01,A2,6,a2-06-family-happiness-gifts,content/A2/lesson-06-family-happiness-gifts.assessment.json,,quiz[0] — DL-A2-06-Q01,1,1,individual structured assessment question,Ready local A2 assessment question; bundled in data/course.json,key and brief Arabic explanation reviewed,ready; active local assessment question,"CR24: A2.6 v2; Q02/T07; T03 modal+infinitive, T07 auf; T08A/P01 spoken description, T08B/P02 written invitation; audio preserved."
DL-A2-06-Q02,DL-A2-06-G01,A2,6,a2-06-family-happiness-gifts,content/A2/lesson-06-family-happiness-gifts.assessment.json,,quiz[1] — DL-A2-06-Q02,2,7,individual structured assessment question,Ready local A2 assessment question; bundled in data/course.json,key and brief Arabic explanation reviewed,ready; active local assessment question,"CR24: A2.6 v2; Q02/T07; T03 modal+infinitive, T07 auf; T08A/P01 spoken description, T08B/P02 written invitation; audio preserved."
DL-A2-06-Q03,DL-A2-06-G01,A2,6,a2-06-family-happiness-gifts,content/A2/lesson-06-family-happiness-gifts.assessment.json,,quiz[2] — DL-A2-06-Q03,3,3,individual structured assessment question,Ready local A2 assessment question; bundled in data/course.json,key and brief Arabic explanation reviewed,ready; active local assessment question,"CR24: A2.6 v2; Q02/T07; T03 modal+infinitive, T07 auf; T08A/P01 spoken description, T08B/P02 written invitation; audio preserved."
DL-A2-06-Q04,DL-A2-06-G01,A2,6,a2-06-family-happiness-gifts,content/A2/lesson-06-family-happiness-gifts.assessment.json,,quiz[3] — DL-A2-06-Q04,4,4,individual structured assessment question,Ready local A2 assessment question; bundled in data/course.json,key and brief Arabic explanation reviewed,ready; active local assessment question,"CR24: A2.6 v2; Q02/T07; T03 modal+infinitive, T07 auf; T08A/P01 spoken description, T08B/P02 written invitation; audio preserved."
DL-A2-06-Q05,DL-A2-06-G01,A2,6,a2-06-family-happiness-gifts,content/A2/lesson-06-family-happiness-gifts.assessment.json,,quiz[4] — DL-A2-06-Q05,5,5,individual structured assessment question,Ready local A2 assessment question; bundled in data/course.json,key and brief Arabic explanation reviewed,ready; active local assessment question,"CR24: A2.6 v2; Q02/T07; T03 modal+infinitive, T07 auf; T08A/P01 spoken description, T08B/P02 written invitation; audio preserved."
DL-A2-06-Q06,DL-A2-06-G01,A2,6,a2-06-family-happiness-gifts,content/A2/lesson-06-family-happiness-gifts.assessment.json,,quiz[5] — DL-A2-06-Q06,6,5,individual structured assessment question,Ready local A2 assessment question; bundled in data/course.json,key and brief Arabic explanation reviewed,ready; active local assessment question,"CR24: A2.6 v2; Q02/T07; T03 modal+infinitive, T07 auf; T08A/P01 spoken description, T08B/P02 written invitation; audio preserved."
DL-A2-06-Q07,DL-A2-06-G01,A2,6,a2-06-family-happiness-gifts,content/A2/lesson-06-family-happiness-gifts.assessment.json,,quiz[6] — DL-A2-06-Q07,7,5,individual structured assessment question,Ready local A2 assessment question; bundled in data/course.json,key and brief Arabic explanation reviewed,ready; active local assessment question,"CR24: A2.6 v2; Q02/T07; T03 modal+infinitive, T07 auf; T08A/P01 spoken description, T08B/P02 written invitation; audio preserved."
DL-A2-06-Q08,DL-A2-06-G01,A2,6,a2-06-family-happiness-gifts,content/A2/lesson-06-family-happiness-gifts.assessment.json,,quiz[7] — DL-A2-06-Q08,8,6,individual structured assessment question,Ready local A2 assessment question; bundled in data/course.json,key and brief Arabic explanation reviewed,ready; active local assessment question,"CR24: A2.6 v2; Q02/T07; T03 modal+infinitive, T07 auf; T08A/P01 spoken description, T08B/P02 written invitation; audio preserved."
DL-A2-06-Q09,DL-A2-06-G01,A2,6,a2-06-family-happiness-gifts,content/A2/lesson-06-family-happiness-gifts.assessment.json,,quiz[8] — DL-A2-06-Q09,9,7,individual structured assessment question,Ready local A2 assessment question; bundled in data/course.json,key and brief Arabic explanation reviewed,ready; active local assessment question,"CR24: A2.6 v2; Q02/T07; T03 modal+infinitive, T07 auf; T08A/P01 spoken description, T08B/P02 written invitation; audio preserved."
DL-A2-06-Q10,DL-A2-06-G01,A2,6,a2-06-family-happiness-gifts,content/A2/lesson-06-family-happiness-gifts.assessment.json,,quiz[9] — DL-A2-06-Q10,10,3,individual structured assessment question,Ready local A2 assessment question; bundled in data/course.json,key and brief Arabic explanation reviewed,ready; active local assessment question,"CR24: A2.6 v2; Q02/T07; T03 modal+infinitive, T07 auf; T08A/P01 spoken description, T08B/P02 written invitation; audio preserved."
DL-A2-06-P01,DL-A2-06-G01,A2,6,a2-06-family-happiness-gifts,content/A2/lesson-06-family-happiness-gifts.assessment.json,,performanceTasks[0] — DL-A2-06-P01,1,8,performance assessment task,Active A2 performance task; local saved response and self-check rubric in the app,local self-check rubric ready; no audio recording or external evaluator,ready; active local performance self-check,"CR24: A2.6 v2; Q02/T07; T03 modal+infinitive, T07 auf; T08A/P01 spoken description, T08B/P02 written invitation; audio preserved."
DL-A2-06-P02,DL-A2-06-G01,A2,6,a2-06-family-happiness-gifts,content/A2/lesson-06-family-happiness-gifts.assessment.json,,performanceTasks[1] — DL-A2-06-P02,2,8,performance assessment task,Active A2 performance task; local saved response and self-check rubric in the app,local self-check rubric ready; no audio recording or external evaluator,ready; active local performance self-check,"CR24: A2.6 v2; Q02/T07; T03 modal+infinitive, T07 auf; T08A/P01 spoken description, T08B/P02 written invitation; audio preserved."
DL-A2-07-Q01,DL-A2-07-G01,A2,7,a2-07-language-learning-travel-purpose,content/A2/lesson-07-language-learning-travel-purpose.assessment.json,,quiz[0] — DL-A2-07-Q01,1,1,individual structured assessment question,Ready local A2 assessment question; bundled in data/course.json,key and brief Arabic explanation reviewed,ready; active local assessment question,"CR25: individually reviewed purpose, subjects, infinitive form and evidence; a2-07-v2. P01 spoken plan, P02 written preparation. Q08 remains T05; no new audio approval."
DL-A2-07-Q02,DL-A2-07-G01,A2,7,a2-07-language-learning-travel-purpose,content/A2/lesson-07-language-learning-travel-purpose.assessment.json,,quiz[1] — DL-A2-07-Q02,2,7,individual structured assessment question,Ready local A2 assessment question; bundled in data/course.json,key and brief Arabic explanation reviewed,ready; active local assessment question,"CR25: individually reviewed purpose, subjects, infinitive form and evidence; a2-07-v2. P01 spoken plan, P02 written preparation. Q08 remains T05; no new audio approval."
DL-A2-07-Q03,DL-A2-07-G01,A2,7,a2-07-language-learning-travel-purpose,content/A2/lesson-07-language-learning-travel-purpose.assessment.json,,quiz[2] — DL-A2-07-Q03,3,3,individual structured assessment question,Ready local A2 assessment question; bundled in data/course.json,key and brief Arabic explanation reviewed,ready; active local assessment question,"CR25: individually reviewed purpose, subjects, infinitive form and evidence; a2-07-v2. P01 spoken plan, P02 written preparation. Q08 remains T05; no new audio approval."
DL-A2-07-Q04,DL-A2-07-G01,A2,7,a2-07-language-learning-travel-purpose,content/A2/lesson-07-language-learning-travel-purpose.assessment.json,,quiz[3] — DL-A2-07-Q04,4,4,individual structured assessment question,Ready local A2 assessment question; bundled in data/course.json,key and brief Arabic explanation reviewed,ready; active local assessment question,"CR25: individually reviewed purpose, subjects, infinitive form and evidence; a2-07-v2. P01 spoken plan, P02 written preparation. Q08 remains T05; no new audio approval."
DL-A2-07-Q05,DL-A2-07-G01,A2,7,a2-07-language-learning-travel-purpose,content/A2/lesson-07-language-learning-travel-purpose.assessment.json,,quiz[4] — DL-A2-07-Q05,5,5,individual structured assessment question,Ready local A2 assessment question; bundled in data/course.json,key and brief Arabic explanation reviewed,ready; active local assessment question,"CR25: individually reviewed purpose, subjects, infinitive form and evidence; a2-07-v2. P01 spoken plan, P02 written preparation. Q08 remains T05; no new audio approval."
DL-A2-07-Q06,DL-A2-07-G01,A2,7,a2-07-language-learning-travel-purpose,content/A2/lesson-07-language-learning-travel-purpose.assessment.json,,quiz[5] — DL-A2-07-Q06,6,5,individual structured assessment question,Ready local A2 assessment question; bundled in data/course.json,key and brief Arabic explanation reviewed,ready; active local assessment question,"CR25: individually reviewed purpose, subjects, infinitive form and evidence; a2-07-v2. P01 spoken plan, P02 written preparation. Q08 remains T05; no new audio approval."
DL-A2-07-Q07,DL-A2-07-G01,A2,7,a2-07-language-learning-travel-purpose,content/A2/lesson-07-language-learning-travel-purpose.assessment.json,,quiz[6] — DL-A2-07-Q07,7,5,individual structured assessment question,Ready local A2 assessment question; bundled in data/course.json,key and brief Arabic explanation reviewed,ready; active local assessment question,"CR25: individually reviewed purpose, subjects, infinitive form and evidence; a2-07-v2. P01 spoken plan, P02 written preparation. Q08 remains T05; no new audio approval."
DL-A2-07-Q08,DL-A2-07-G01,A2,7,a2-07-language-learning-travel-purpose,content/A2/lesson-07-language-learning-travel-purpose.assessment.json,,quiz[7] — DL-A2-07-Q08,8,5,individual structured assessment question,Ready local A2 assessment question; bundled in data/course.json,key and brief Arabic explanation reviewed,ready; active local assessment question,"CR25: individually reviewed purpose, subjects, infinitive form and evidence; a2-07-v2. P01 spoken plan, P02 written preparation. Q08 remains T05; no new audio approval."
DL-A2-07-Q09,DL-A2-07-G01,A2,7,a2-07-language-learning-travel-purpose,content/A2/lesson-07-language-learning-travel-purpose.assessment.json,,quiz[8] — DL-A2-07-Q09,9,7,individual structured assessment question,Ready local A2 assessment question; bundled in data/course.json,key and brief Arabic explanation reviewed,ready; active local assessment question,"CR25: individually reviewed purpose, subjects, infinitive form and evidence; a2-07-v2. P01 spoken plan, P02 written preparation. Q08 remains T05; no new audio approval."
DL-A2-07-Q10,DL-A2-07-G01,A2,7,a2-07-language-learning-travel-purpose,content/A2/lesson-07-language-learning-travel-purpose.assessment.json,,quiz[9] — DL-A2-07-Q10,10,7,individual structured assessment question,Ready local A2 assessment question; bundled in data/course.json,key and brief Arabic explanation reviewed,ready; active local assessment question,"CR25: individually reviewed purpose, subjects, infinitive form and evidence; a2-07-v2. P01 spoken plan, P02 written preparation. Q08 remains T05; no new audio approval."
DL-A2-07-P01,DL-A2-07-G01,A2,7,a2-07-language-learning-travel-purpose,content/A2/lesson-07-language-learning-travel-purpose.assessment.json,,performanceTasks[0] — DL-A2-07-P01,1,8,performance assessment task,Active A2 performance task; local saved response and self-check rubric in the app,local self-check rubric ready; no audio recording or external evaluator,ready; active local performance self-check,"CR25: individually reviewed purpose, subjects, infinitive form and evidence; a2-07-v2. P01 spoken plan, P02 written preparation. Q08 remains T05; no new audio approval."
DL-A2-07-P02,DL-A2-07-G01,A2,7,a2-07-language-learning-travel-purpose,content/A2/lesson-07-language-learning-travel-purpose.assessment.json,,performanceTasks[1] — DL-A2-07-P02,2,8,performance assessment task,Active A2 performance task; local saved response and self-check rubric in the app,local self-check rubric ready; no audio recording or external evaluator,ready; active local performance self-check,"CR25: individually reviewed purpose, subjects, infinitive form and evidence; a2-07-v2. P01 spoken plan, P02 written preparation. Q08 remains T05; no new audio approval."
DL-A2-08-Q01,DL-A2-08-G01,A2,8,a2-08-media-news-passive,content/A2/lesson-08-media-news-passive.assessment.json,,quiz[0] — DL-A2-08-Q01,1,1,individual structured assessment question,Ready local A2 assessment question; bundled in data/course.json,key and brief Arabic explanation reviewed,ready; active local assessment question,"CR26: case/agreement and Vorgangspassiv reviewed; a2-08-v2. P01 spoken fictional news; P02 written T03 transformation. Unchanged audio with explicit MODEL pronoun-list caveat, not new approval."
DL-A2-08-Q02,DL-A2-08-G01,A2,8,a2-08-media-news-passive,content/A2/lesson-08-media-news-passive.assessment.json,,quiz[1] — DL-A2-08-Q02,2,2,individual structured assessment question,Ready local A2 assessment question; bundled in data/course.json,key and brief Arabic explanation reviewed,ready; active local assessment question,"CR26: case/agreement and Vorgangspassiv reviewed; a2-08-v2. P01 spoken fictional news; P02 written T03 transformation. Unchanged audio with explicit MODEL pronoun-list caveat, not new approval."
DL-A2-08-Q03,DL-A2-08-G01,A2,8,a2-08-media-news-passive,content/A2/lesson-08-media-news-passive.assessment.json,,quiz[2] — DL-A2-08-Q03,3,3,individual structured assessment question,Ready local A2 assessment question; bundled in data/course.json,key and brief Arabic explanation reviewed,ready; active local assessment question,"CR26: case/agreement and Vorgangspassiv reviewed; a2-08-v2. P01 spoken fictional news; P02 written T03 transformation. Unchanged audio with explicit MODEL pronoun-list caveat, not new approval."
DL-A2-08-Q04,DL-A2-08-G01,A2,8,a2-08-media-news-passive,content/A2/lesson-08-media-news-passive.assessment.json,,quiz[3] — DL-A2-08-Q04,4,7,individual structured assessment question,Ready local A2 assessment question; bundled in data/course.json,key and brief Arabic explanation reviewed,ready; active local assessment question,"CR26: case/agreement and Vorgangspassiv reviewed; a2-08-v2. P01 spoken fictional news; P02 written T03 transformation. Unchanged audio with explicit MODEL pronoun-list caveat, not new approval."
DL-A2-08-Q05,DL-A2-08-G01,A2,8,a2-08-media-news-passive,content/A2/lesson-08-media-news-passive.assessment.json,,quiz[4] — DL-A2-08-Q05,5,5,individual structured assessment question,Ready local A2 assessment question; bundled in data/course.json,key and brief Arabic explanation reviewed,ready; active local assessment question,"CR26: case/agreement and Vorgangspassiv reviewed; a2-08-v2. P01 spoken fictional news; P02 written T03 transformation. Unchanged audio with explicit MODEL pronoun-list caveat, not new approval."
DL-A2-08-Q06,DL-A2-08-G01,A2,8,a2-08-media-news-passive,content/A2/lesson-08-media-news-passive.assessment.json,,quiz[5] — DL-A2-08-Q06,6,5,individual structured assessment question,Ready local A2 assessment question; bundled in data/course.json,key and brief Arabic explanation reviewed,ready; active local assessment question,"CR26: case/agreement and Vorgangspassiv reviewed; a2-08-v2. P01 spoken fictional news; P02 written T03 transformation. Unchanged audio with explicit MODEL pronoun-list caveat, not new approval."
DL-A2-08-Q07,DL-A2-08-G01,A2,8,a2-08-media-news-passive,content/A2/lesson-08-media-news-passive.assessment.json,,quiz[6] — DL-A2-08-Q07,7,5,individual structured assessment question,Ready local A2 assessment question; bundled in data/course.json,key and brief Arabic explanation reviewed,ready; active local assessment question,"CR26: case/agreement and Vorgangspassiv reviewed; a2-08-v2. P01 spoken fictional news; P02 written T03 transformation. Unchanged audio with explicit MODEL pronoun-list caveat, not new approval."
DL-A2-08-Q08,DL-A2-08-G01,A2,8,a2-08-media-news-passive,content/A2/lesson-08-media-news-passive.assessment.json,,quiz[7] — DL-A2-08-Q08,8,6,individual structured assessment question,Ready local A2 assessment question; bundled in data/course.json,key and brief Arabic explanation reviewed,ready; active local assessment question,"CR26: case/agreement and Vorgangspassiv reviewed; a2-08-v2. P01 spoken fictional news; P02 written T03 transformation. Unchanged audio with explicit MODEL pronoun-list caveat, not new approval."
DL-A2-08-Q09,DL-A2-08-G01,A2,8,a2-08-media-news-passive,content/A2/lesson-08-media-news-passive.assessment.json,,quiz[8] — DL-A2-08-Q09,9,7,individual structured assessment question,Ready local A2 assessment question; bundled in data/course.json,key and brief Arabic explanation reviewed,ready; active local assessment question,"CR26: case/agreement and Vorgangspassiv reviewed; a2-08-v2. P01 spoken fictional news; P02 written T03 transformation. Unchanged audio with explicit MODEL pronoun-list caveat, not new approval."
DL-A2-08-Q10,DL-A2-08-G01,A2,8,a2-08-media-news-passive,content/A2/lesson-08-media-news-passive.assessment.json,,quiz[9] — DL-A2-08-Q10,10,4,individual structured assessment question,Ready local A2 assessment question; bundled in data/course.json,key and brief Arabic explanation reviewed,ready; active local assessment question,"CR26: case/agreement and Vorgangspassiv reviewed; a2-08-v2. P01 spoken fictional news; P02 written T03 transformation. Unchanged audio with explicit MODEL pronoun-list caveat, not new approval."
DL-A2-08-P01,DL-A2-08-G01,A2,8,a2-08-media-news-passive,content/A2/lesson-08-media-news-passive.assessment.json,,performanceTasks[0] — DL-A2-08-P01,1,8,performance assessment task,Active A2 performance task; local saved response and self-check rubric in the app,local self-check rubric ready; no audio recording or external evaluator,ready; active local performance self-check,"CR26: case/agreement and Vorgangspassiv reviewed; a2-08-v2. P01 spoken fictional news; P02 written T03 transformation. Unchanged audio with explicit MODEL pronoun-list caveat, not new approval."
DL-A2-08-P02,DL-A2-08-G01,A2,8,a2-08-media-news-passive,content/A2/lesson-08-media-news-passive.assessment.json,,performanceTasks[1] — DL-A2-08-P02,2,3,performance assessment task,Active A2 performance task; local saved response and self-check rubric in the app,local self-check rubric ready; no audio recording or external evaluator,ready; active local performance self-check,"CR26: case/agreement and Vorgangspassiv reviewed; a2-08-v2. P01 spoken fictional news; P02 written T03 transformation. Unchanged audio with explicit MODEL pronoun-list caveat, not new approval."
DL-A2-09-Q01,DL-A2-09-G01,A2,9,a2-09-products-technology-complaints,content/A2/lesson-09-products-technology-complaints.assessment.json,,quiz[0] — DL-A2-09-Q01,1,1,individual structured assessment question,Ready local A2 assessment question; bundled in data/course.json,key and brief Arabic explanation reviewed,ready; active local assessment question,"CR27: polite modal requests, role/evidence boundaries and ob practiced; a2-09-v2. P01 written complaint, P02 spoken roles. Existing audio/voices unchanged with PHR text caveat, not new approval."
DL-A2-09-Q02,DL-A2-09-G01,A2,9,a2-09-products-technology-complaints,content/A2/lesson-09-products-technology-complaints.assessment.json,,quiz[1] — DL-A2-09-Q02,2,2,individual structured assessment question,Ready local A2 assessment question; bundled in data/course.json,key and brief Arabic explanation reviewed,ready; active local assessment question,"CR27: polite modal requests, role/evidence boundaries and ob practiced; a2-09-v2. P01 written complaint, P02 spoken roles. Existing audio/voices unchanged with PHR text caveat, not new approval."
DL-A2-09-Q03,DL-A2-09-G01,A2,9,a2-09-products-technology-complaints,content/A2/lesson-09-products-technology-complaints.assessment.json,,quiz[2] — DL-A2-09-Q03,3,3,individual structured assessment question,Ready local A2 assessment question; bundled in data/course.json,key and brief Arabic explanation reviewed,ready; active local assessment question,"CR27: polite modal requests, role/evidence boundaries and ob practiced; a2-09-v2. P01 written complaint, P02 spoken roles. Existing audio/voices unchanged with PHR text caveat, not new approval."
DL-A2-09-Q04,DL-A2-09-G01,A2,9,a2-09-products-technology-complaints,content/A2/lesson-09-products-technology-complaints.assessment.json,,quiz[3] — DL-A2-09-Q04,4,4,individual structured assessment question,Ready local A2 assessment question; bundled in data/course.json,key and brief Arabic explanation reviewed,ready; active local assessment question,"CR27: polite modal requests, role/evidence boundaries and ob practiced; a2-09-v2. P01 written complaint, P02 spoken roles. Existing audio/voices unchanged with PHR text caveat, not new approval."
DL-A2-09-Q05,DL-A2-09-G01,A2,9,a2-09-products-technology-complaints,content/A2/lesson-09-products-technology-complaints.assessment.json,,quiz[4] — DL-A2-09-Q05,5,5,individual structured assessment question,Ready local A2 assessment question; bundled in data/course.json,key and brief Arabic explanation reviewed,ready; active local assessment question,"CR27: polite modal requests, role/evidence boundaries and ob practiced; a2-09-v2. P01 written complaint, P02 spoken roles. Existing audio/voices unchanged with PHR text caveat, not new approval."
DL-A2-09-Q06,DL-A2-09-G01,A2,9,a2-09-products-technology-complaints,content/A2/lesson-09-products-technology-complaints.assessment.json,,quiz[5] — DL-A2-09-Q06,6,5,individual structured assessment question,Ready local A2 assessment question; bundled in data/course.json,key and brief Arabic explanation reviewed,ready; active local assessment question,"CR27: polite modal requests, role/evidence boundaries and ob practiced; a2-09-v2. P01 written complaint, P02 spoken roles. Existing audio/voices unchanged with PHR text caveat, not new approval."
DL-A2-09-Q07,DL-A2-09-G01,A2,9,a2-09-products-technology-complaints,content/A2/lesson-09-products-technology-complaints.assessment.json,,quiz[6] — DL-A2-09-Q07,7,5,individual structured assessment question,Ready local A2 assessment question; bundled in data/course.json,key and brief Arabic explanation reviewed,ready; active local assessment question,"CR27: polite modal requests, role/evidence boundaries and ob practiced; a2-09-v2. P01 written complaint, P02 spoken roles. Existing audio/voices unchanged with PHR text caveat, not new approval."
DL-A2-09-Q08,DL-A2-09-G01,A2,9,a2-09-products-technology-complaints,content/A2/lesson-09-products-technology-complaints.assessment.json,,quiz[7] — DL-A2-09-Q08,8,6,individual structured assessment question,Ready local A2 assessment question; bundled in data/course.json,key and brief Arabic explanation reviewed,ready; active local assessment question,"CR27: polite modal requests, role/evidence boundaries and ob practiced; a2-09-v2. P01 written complaint, P02 spoken roles. Existing audio/voices unchanged with PHR text caveat, not new approval."
DL-A2-09-Q09,DL-A2-09-G01,A2,9,a2-09-products-technology-complaints,content/A2/lesson-09-products-technology-complaints.assessment.json,,quiz[8] — DL-A2-09-Q09,9,7,individual structured assessment question,Ready local A2 assessment question; bundled in data/course.json,key and brief Arabic explanation reviewed,ready; active local assessment question,"CR27: polite modal requests, role/evidence boundaries and ob practiced; a2-09-v2. P01 written complaint, P02 spoken roles. Existing audio/voices unchanged with PHR text caveat, not new approval."
DL-A2-09-Q10,DL-A2-09-G01,A2,9,a2-09-products-technology-complaints,content/A2/lesson-09-products-technology-complaints.assessment.json,,quiz[9] — DL-A2-09-Q10,10,7,individual structured assessment question,Ready local A2 assessment question; bundled in data/course.json,key and brief Arabic explanation reviewed,ready; active local assessment question,"CR27: polite modal requests, role/evidence boundaries and ob practiced; a2-09-v2. P01 written complaint, P02 spoken roles. Existing audio/voices unchanged with PHR text caveat, not new approval."
DL-A2-09-P01,DL-A2-09-G01,A2,9,a2-09-products-technology-complaints,content/A2/lesson-09-products-technology-complaints.assessment.json,,performanceTasks[0] — DL-A2-09-P01,1,8,performance assessment task,Active A2 performance task; local saved response and self-check rubric in the app,local self-check rubric ready; no audio recording or external evaluator,ready; active local performance self-check,"CR27: polite modal requests, role/evidence boundaries and ob practiced; a2-09-v2. P01 written complaint, P02 spoken roles. Existing audio/voices unchanged with PHR text caveat, not new approval."
DL-A2-09-P02,DL-A2-09-G01,A2,9,a2-09-products-technology-complaints,content/A2/lesson-09-products-technology-complaints.assessment.json,,performanceTasks[1] — DL-A2-09-P02,2,8,performance assessment task,Active A2 performance task; local saved response and self-check rubric in the app,local self-check rubric ready; no audio recording or external evaluator,ready; active local performance self-check,"CR27: polite modal requests, role/evidence boundaries and ob practiced; a2-09-v2. P01 written complaint, P02 spoken roles. Existing audio/voices unchanged with PHR text caveat, not new approval."
DL-A2-10-Q01,DL-A2-10-G01,A2,10,a2-10-sports-health-feelings-weil,content/A2/lesson-10-sports-health-feelings-weil.assessment.json,,quiz[0] — DL-A2-10-Q01,1,1,individual structured assessment question,Ready local A2 assessment question; bundled in data/course.json,key and brief Arabic explanation reviewed,ready; active local assessment question,"CR28: causal weil/denn and finite-verb placement; bounded meaning and neutral listening evidence; a2-10-v2. P01 spoken fictional activity; P02 written causal transformations. Existing audio/voices/status unchanged, no new acoustic approval."
DL-A2-10-Q02,DL-A2-10-G01,A2,10,a2-10-sports-health-feelings-weil,content/A2/lesson-10-sports-health-feelings-weil.assessment.json,,quiz[1] — DL-A2-10-Q02,2,4,individual structured assessment question,Ready local A2 assessment question; bundled in data/course.json,key and brief Arabic explanation reviewed,ready; active local assessment question,"CR28: causal weil/denn and finite-verb placement; bounded meaning and neutral listening evidence; a2-10-v2. P01 spoken fictional activity; P02 written causal transformations. Existing audio/voices/status unchanged, no new acoustic approval."
DL-A2-10-Q03,DL-A2-10-G01,A2,10,a2-10-sports-health-feelings-weil,content/A2/lesson-10-sports-health-feelings-weil.assessment.json,,quiz[2] — DL-A2-10-Q03,3,3,individual structured assessment question,Ready local A2 assessment question; bundled in data/course.json,key and brief Arabic explanation reviewed,ready; active local assessment question,"CR28: causal weil/denn and finite-verb placement; bounded meaning and neutral listening evidence; a2-10-v2. P01 spoken fictional activity; P02 written causal transformations. Existing audio/voices/status unchanged, no new acoustic approval."
DL-A2-10-Q04,DL-A2-10-G01,A2,10,a2-10-sports-health-feelings-weil,content/A2/lesson-10-sports-health-feelings-weil.assessment.json,,quiz[3] — DL-A2-10-Q04,4,4,individual structured assessment question,Ready local A2 assessment question; bundled in data/course.json,key and brief Arabic explanation reviewed,ready; active local assessment question,"CR28: causal weil/denn and finite-verb placement; bounded meaning and neutral listening evidence; a2-10-v2. P01 spoken fictional activity; P02 written causal transformations. Existing audio/voices/status unchanged, no new acoustic approval."
DL-A2-10-Q05,DL-A2-10-G01,A2,10,a2-10-sports-health-feelings-weil,content/A2/lesson-10-sports-health-feelings-weil.assessment.json,,quiz[4] — DL-A2-10-Q05,5,5,individual structured assessment question,Ready local A2 assessment question; bundled in data/course.json,key and brief Arabic explanation reviewed,ready; active local assessment question,"CR28: causal weil/denn and finite-verb placement; bounded meaning and neutral listening evidence; a2-10-v2. P01 spoken fictional activity; P02 written causal transformations. Existing audio/voices/status unchanged, no new acoustic approval."
DL-A2-10-Q06,DL-A2-10-G01,A2,10,a2-10-sports-health-feelings-weil,content/A2/lesson-10-sports-health-feelings-weil.assessment.json,,quiz[5] — DL-A2-10-Q06,6,5,individual structured assessment question,Ready local A2 assessment question; bundled in data/course.json,key and brief Arabic explanation reviewed,ready; active local assessment question,"CR28: causal weil/denn and finite-verb placement; bounded meaning and neutral listening evidence; a2-10-v2. P01 spoken fictional activity; P02 written causal transformations. Existing audio/voices/status unchanged, no new acoustic approval."
DL-A2-10-Q07,DL-A2-10-G01,A2,10,a2-10-sports-health-feelings-weil,content/A2/lesson-10-sports-health-feelings-weil.assessment.json,,quiz[6] — DL-A2-10-Q07,7,5,individual structured assessment question,Ready local A2 assessment question; bundled in data/course.json,key and brief Arabic explanation reviewed,ready; active local assessment question,"CR28: causal weil/denn and finite-verb placement; bounded meaning and neutral listening evidence; a2-10-v2. P01 spoken fictional activity; P02 written causal transformations. Existing audio/voices/status unchanged, no new acoustic approval."
DL-A2-10-Q08,DL-A2-10-G01,A2,10,a2-10-sports-health-feelings-weil,content/A2/lesson-10-sports-health-feelings-weil.assessment.json,,quiz[7] — DL-A2-10-Q08,8,6,individual structured assessment question,Ready local A2 assessment question; bundled in data/course.json,key and brief Arabic explanation reviewed,ready; active local assessment question,"CR28: causal weil/denn and finite-verb placement; bounded meaning and neutral listening evidence; a2-10-v2. P01 spoken fictional activity; P02 written causal transformations. Existing audio/voices/status unchanged, no new acoustic approval."
DL-A2-10-Q09,DL-A2-10-G01,A2,10,a2-10-sports-health-feelings-weil,content/A2/lesson-10-sports-health-feelings-weil.assessment.json,,quiz[8] — DL-A2-10-Q09,9,3,individual structured assessment question,Ready local A2 assessment question; bundled in data/course.json,key and brief Arabic explanation reviewed,ready; active local assessment question,"CR28: causal weil/denn and finite-verb placement; bounded meaning and neutral listening evidence; a2-10-v2. P01 spoken fictional activity; P02 written causal transformations. Existing audio/voices/status unchanged, no new acoustic approval."
DL-A2-10-Q10,DL-A2-10-G01,A2,10,a2-10-sports-health-feelings-weil,content/A2/lesson-10-sports-health-feelings-weil.assessment.json,,quiz[9] — DL-A2-10-Q10,10,5,individual structured assessment question,Ready local A2 assessment question; bundled in data/course.json,key and brief Arabic explanation reviewed,ready; active local assessment question,"CR28: causal weil/denn and finite-verb placement; bounded meaning and neutral listening evidence; a2-10-v2. P01 spoken fictional activity; P02 written causal transformations. Existing audio/voices/status unchanged, no new acoustic approval."
DL-A2-10-P01,DL-A2-10-G01,A2,10,a2-10-sports-health-feelings-weil,content/A2/lesson-10-sports-health-feelings-weil.assessment.json,,performanceTasks[0] — DL-A2-10-P01,1,8,performance assessment task,Active A2 performance task; local saved response and self-check rubric in the app,local self-check rubric ready; no audio recording or external evaluator,ready; active local performance self-check,"CR28: causal weil/denn and finite-verb placement; bounded meaning and neutral listening evidence; a2-10-v2. P01 spoken fictional activity; P02 written causal transformations. Existing audio/voices/status unchanged, no new acoustic approval."
DL-A2-10-P02,DL-A2-10-G01,A2,10,a2-10-sports-health-feelings-weil,content/A2/lesson-10-sports-health-feelings-weil.assessment.json,,performanceTasks[1] — DL-A2-10-P02,2,7,performance assessment task,Active A2 performance task; local saved response and self-check rubric in the app,local self-check rubric ready; no audio recording or external evaluator,ready; active local performance self-check,"CR28: causal weil/denn and finite-verb placement; bounded meaning and neutral listening evidence; a2-10-v2. P01 spoken fictional activity; P02 written causal transformations. Existing audio/voices/status unchanged, no new acoustic approval."
DL-A2-11-Q01,DL-A2-11-G01,A2,11,a2-11-housing-neighborhood-wohin,content/A2/lesson-11-housing-neighborhood-wohin.assessment.json,,quiz[0] — DL-A2-11-Q01,1,1,individual structured assessment question,Ready local A2 assessment question; bundled in data/course.json,key and brief Arabic explanation reviewed,ready; active local assessment question,"CR29: scoped two-way prepositions, position vs destination, verb/object contrast; a2-11-v2. P01 spoken fictional room; P02 written fictional neighbor request. Existing audio, voices and status unchanged; no new acoustic approval."
DL-A2-11-Q02,DL-A2-11-G01,A2,11,a2-11-housing-neighborhood-wohin,content/A2/lesson-11-housing-neighborhood-wohin.assessment.json,,quiz[1] — DL-A2-11-Q02,2,2,individual structured assessment question,Ready local A2 assessment question; bundled in data/course.json,key and brief Arabic explanation reviewed,ready; active local assessment question,"CR29: scoped two-way prepositions, position vs destination, verb/object contrast; a2-11-v2. P01 spoken fictional room; P02 written fictional neighbor request. Existing audio, voices and status unchanged; no new acoustic approval."
DL-A2-11-Q03,DL-A2-11-G01,A2,11,a2-11-housing-neighborhood-wohin,content/A2/lesson-11-housing-neighborhood-wohin.assessment.json,,quiz[2] — DL-A2-11-Q03,3,2,individual structured assessment question,Ready local A2 assessment question; bundled in data/course.json,key and brief Arabic explanation reviewed,ready; active local assessment question,"CR29: scoped two-way prepositions, position vs destination, verb/object contrast; a2-11-v2. P01 spoken fictional room; P02 written fictional neighbor request. Existing audio, voices and status unchanged; no new acoustic approval."
DL-A2-11-Q04,DL-A2-11-G01,A2,11,a2-11-housing-neighborhood-wohin,content/A2/lesson-11-housing-neighborhood-wohin.assessment.json,,quiz[3] — DL-A2-11-Q04,4,3,individual structured assessment question,Ready local A2 assessment question; bundled in data/course.json,key and brief Arabic explanation reviewed,ready; active local assessment question,"CR29: scoped two-way prepositions, position vs destination, verb/object contrast; a2-11-v2. P01 spoken fictional room; P02 written fictional neighbor request. Existing audio, voices and status unchanged; no new acoustic approval."
DL-A2-11-Q05,DL-A2-11-G01,A2,11,a2-11-housing-neighborhood-wohin,content/A2/lesson-11-housing-neighborhood-wohin.assessment.json,,quiz[4] — DL-A2-11-Q05,5,4,individual structured assessment question,Ready local A2 assessment question; bundled in data/course.json,key and brief Arabic explanation reviewed,ready; active local assessment question,"CR29: scoped two-way prepositions, position vs destination, verb/object contrast; a2-11-v2. P01 spoken fictional room; P02 written fictional neighbor request. Existing audio, voices and status unchanged; no new acoustic approval."
DL-A2-11-Q06,DL-A2-11-G01,A2,11,a2-11-housing-neighborhood-wohin,content/A2/lesson-11-housing-neighborhood-wohin.assessment.json,,quiz[5] — DL-A2-11-Q06,6,5,individual structured assessment question,Ready local A2 assessment question; bundled in data/course.json,key and brief Arabic explanation reviewed,ready; active local assessment question,"CR29: scoped two-way prepositions, position vs destination, verb/object contrast; a2-11-v2. P01 spoken fictional room; P02 written fictional neighbor request. Existing audio, voices and status unchanged; no new acoustic approval."
DL-A2-11-Q07,DL-A2-11-G01,A2,11,a2-11-housing-neighborhood-wohin,content/A2/lesson-11-housing-neighborhood-wohin.assessment.json,,quiz[6] — DL-A2-11-Q07,7,5,individual structured assessment question,Ready local A2 assessment question; bundled in data/course.json,key and brief Arabic explanation reviewed,ready; active local assessment question,"CR29: scoped two-way prepositions, position vs destination, verb/object contrast; a2-11-v2. P01 spoken fictional room; P02 written fictional neighbor request. Existing audio, voices and status unchanged; no new acoustic approval."
DL-A2-11-Q08,DL-A2-11-G01,A2,11,a2-11-housing-neighborhood-wohin,content/A2/lesson-11-housing-neighborhood-wohin.assessment.json,,quiz[7] — DL-A2-11-Q08,8,6,individual structured assessment question,Ready local A2 assessment question; bundled in data/course.json,key and brief Arabic explanation reviewed,ready; active local assessment question,"CR29: scoped two-way prepositions, position vs destination, verb/object contrast; a2-11-v2. P01 spoken fictional room; P02 written fictional neighbor request. Existing audio, voices and status unchanged; no new acoustic approval."
DL-A2-11-Q09,DL-A2-11-G01,A2,11,a2-11-housing-neighborhood-wohin,content/A2/lesson-11-housing-neighborhood-wohin.assessment.json,,quiz[8] — DL-A2-11-Q09,9,7,individual structured assessment question,Ready local A2 assessment question; bundled in data/course.json,key and brief Arabic explanation reviewed,ready; active local assessment question,"CR29: scoped two-way prepositions, position vs destination, verb/object contrast; a2-11-v2. P01 spoken fictional room; P02 written fictional neighbor request. Existing audio, voices and status unchanged; no new acoustic approval."
DL-A2-11-Q10,DL-A2-11-G01,A2,11,a2-11-housing-neighborhood-wohin,content/A2/lesson-11-housing-neighborhood-wohin.assessment.json,,quiz[9] — DL-A2-11-Q10,10,2,individual structured assessment question,Ready local A2 assessment question; bundled in data/course.json,key and brief Arabic explanation reviewed,ready; active local assessment question,"CR29: scoped two-way prepositions, position vs destination, verb/object contrast; a2-11-v2. P01 spoken fictional room; P02 written fictional neighbor request. Existing audio, voices and status unchanged; no new acoustic approval."
DL-A2-11-P01,DL-A2-11-G01,A2,11,a2-11-housing-neighborhood-wohin,content/A2/lesson-11-housing-neighborhood-wohin.assessment.json,,performanceTasks[0] — DL-A2-11-P01,1,8,performance assessment task,Active A2 performance task; local saved response and self-check rubric in the app,local self-check rubric ready; no audio recording or external evaluator,ready; active local performance self-check,"CR29: scoped two-way prepositions, position vs destination, verb/object contrast; a2-11-v2. P01 spoken fictional room; P02 written fictional neighbor request. Existing audio, voices and status unchanged; no new acoustic approval."
DL-A2-11-P02,DL-A2-11-G01,A2,11,a2-11-housing-neighborhood-wohin,content/A2/lesson-11-housing-neighborhood-wohin.assessment.json,,performanceTasks[1] — DL-A2-11-P02,2,7,performance assessment task,Active A2 performance task; local saved response and self-check rubric in the app,local self-check rubric ready; no audio recording or external evaluator,ready; active local performance self-check,"CR29: scoped two-way prepositions, position vs destination, verb/object contrast; a2-11-v2. P01 spoken fictional room; P02 written fictional neighbor request. Existing audio, voices and status unchanged; no new acoustic approval."
DL-A2-12-Q01,DL-A2-12-G01,A2,12,a2-12-holidays-festivals-culture,content/A2/lesson-12-holidays-festivals-culture.assessment.json,,quiz[0] — DL-A2-12-Q01,1,1,individual structured assessment question,Ready local A2 assessment question; bundled in data/course.json,key and brief Arabic explanation reviewed,ready; active local assessment question,"CR30: corrected bevor chronology/Q10 option; scoped nachdem tense and bounded program evidence; a2-12-v2. P01 spoken five-sentence plan; P02 written fixed timeline. Existing audio, voices, status unchanged; no new acoustic approval."
DL-A2-12-Q02,DL-A2-12-G01,A2,12,a2-12-holidays-festivals-culture,content/A2/lesson-12-holidays-festivals-culture.assessment.json,,quiz[1] — DL-A2-12-Q02,2,4,individual structured assessment question,Ready local A2 assessment question; bundled in data/course.json,key and brief Arabic explanation reviewed,ready; active local assessment question,"CR30: corrected bevor chronology/Q10 option; scoped nachdem tense and bounded program evidence; a2-12-v2. P01 spoken five-sentence plan; P02 written fixed timeline. Existing audio, voices, status unchanged; no new acoustic approval."
DL-A2-12-Q03,DL-A2-12-G01,A2,12,a2-12-holidays-festivals-culture,content/A2/lesson-12-holidays-festivals-culture.assessment.json,,quiz[2] — DL-A2-12-Q03,3,3,individual structured assessment question,Ready local A2 assessment question; bundled in data/course.json,key and brief Arabic explanation reviewed,ready; active local assessment question,"CR30: corrected bevor chronology/Q10 option; scoped nachdem tense and bounded program evidence; a2-12-v2. P01 spoken five-sentence plan; P02 written fixed timeline. Existing audio, voices, status unchanged; no new acoustic approval."
DL-A2-12-Q04,DL-A2-12-G01,A2,12,a2-12-holidays-festivals-culture,content/A2/lesson-12-holidays-festivals-culture.assessment.json,,quiz[3] — DL-A2-12-Q04,4,4,individual structured assessment question,Ready local A2 assessment question; bundled in data/course.json,key and brief Arabic explanation reviewed,ready; active local assessment question,"CR30: corrected bevor chronology/Q10 option; scoped nachdem tense and bounded program evidence; a2-12-v2. P01 spoken five-sentence plan; P02 written fixed timeline. Existing audio, voices, status unchanged; no new acoustic approval."
DL-A2-12-Q05,DL-A2-12-G01,A2,12,a2-12-holidays-festivals-culture,content/A2/lesson-12-holidays-festivals-culture.assessment.json,,quiz[4] — DL-A2-12-Q05,5,5,individual structured assessment question,Ready local A2 assessment question; bundled in data/course.json,key and brief Arabic explanation reviewed,ready; active local assessment question,"CR30: corrected bevor chronology/Q10 option; scoped nachdem tense and bounded program evidence; a2-12-v2. P01 spoken five-sentence plan; P02 written fixed timeline. Existing audio, voices, status unchanged; no new acoustic approval."
DL-A2-12-Q06,DL-A2-12-G01,A2,12,a2-12-holidays-festivals-culture,content/A2/lesson-12-holidays-festivals-culture.assessment.json,,quiz[5] — DL-A2-12-Q06,6,5,individual structured assessment question,Ready local A2 assessment question; bundled in data/course.json,key and brief Arabic explanation reviewed,ready; active local assessment question,"CR30: corrected bevor chronology/Q10 option; scoped nachdem tense and bounded program evidence; a2-12-v2. P01 spoken five-sentence plan; P02 written fixed timeline. Existing audio, voices, status unchanged; no new acoustic approval."
DL-A2-12-Q07,DL-A2-12-G01,A2,12,a2-12-holidays-festivals-culture,content/A2/lesson-12-holidays-festivals-culture.assessment.json,,quiz[6] — DL-A2-12-Q07,7,5,individual structured assessment question,Ready local A2 assessment question; bundled in data/course.json,key and brief Arabic explanation reviewed,ready; active local assessment question,"CR30: corrected bevor chronology/Q10 option; scoped nachdem tense and bounded program evidence; a2-12-v2. P01 spoken five-sentence plan; P02 written fixed timeline. Existing audio, voices, status unchanged; no new acoustic approval."
DL-A2-12-Q08,DL-A2-12-G01,A2,12,a2-12-holidays-festivals-culture,content/A2/lesson-12-holidays-festivals-culture.assessment.json,,quiz[7] — DL-A2-12-Q08,8,6,individual structured assessment question,Ready local A2 assessment question; bundled in data/course.json,key and brief Arabic explanation reviewed,ready; active local assessment question,"CR30: corrected bevor chronology/Q10 option; scoped nachdem tense and bounded program evidence; a2-12-v2. P01 spoken five-sentence plan; P02 written fixed timeline. Existing audio, voices, status unchanged; no new acoustic approval."
DL-A2-12-Q09,DL-A2-12-G01,A2,12,a2-12-holidays-festivals-culture,content/A2/lesson-12-holidays-festivals-culture.assessment.json,,quiz[8] — DL-A2-12-Q09,9,7,individual structured assessment question,Ready local A2 assessment question; bundled in data/course.json,key and brief Arabic explanation reviewed,ready; active local assessment question,"CR30: corrected bevor chronology/Q10 option; scoped nachdem tense and bounded program evidence; a2-12-v2. P01 spoken five-sentence plan; P02 written fixed timeline. Existing audio, voices, status unchanged; no new acoustic approval."
DL-A2-12-Q10,DL-A2-12-G01,A2,12,a2-12-holidays-festivals-culture,content/A2/lesson-12-holidays-festivals-culture.assessment.json,,quiz[9] — DL-A2-12-Q10,10,7,individual structured assessment question,Ready local A2 assessment question; bundled in data/course.json,key and brief Arabic explanation reviewed,ready; active local assessment question,"CR30: corrected bevor chronology/Q10 option; scoped nachdem tense and bounded program evidence; a2-12-v2. P01 spoken five-sentence plan; P02 written fixed timeline. Existing audio, voices, status unchanged; no new acoustic approval."
DL-A2-12-P01,DL-A2-12-G01,A2,12,a2-12-holidays-festivals-culture,content/A2/lesson-12-holidays-festivals-culture.assessment.json,,performanceTasks[0] — DL-A2-12-P01,1,8,performance assessment task,Active A2 performance task; local saved response and self-check rubric in the app,local self-check rubric ready; no audio recording or external evaluator,ready; active local performance self-check,"CR30: corrected bevor chronology/Q10 option; scoped nachdem tense and bounded program evidence; a2-12-v2. P01 spoken five-sentence plan; P02 written fixed timeline. Existing audio, voices, status unchanged; no new acoustic approval."
DL-A2-12-P02,DL-A2-12-G01,A2,12,a2-12-holidays-festivals-culture,content/A2/lesson-12-holidays-festivals-culture.assessment.json,,performanceTasks[1] — DL-A2-12-P02,2,7,performance assessment task,Active A2 performance task; local saved response and self-check rubric in the app,local self-check rubric ready; no audio recording or external evaluator,ready; active local performance self-check,"CR30: corrected bevor chronology/Q10 option; scoped nachdem tense and bounded program evidence; a2-12-v2. P01 spoken five-sentence plan; P02 written fixed timeline. Existing audio, voices, status unchanged; no new acoustic approval."
DL-B1-01-Q01,DL-B1-01-G01,B1,1,b1-01-daily-life-hobbies-experiences,content/B1/lesson-01-daily-life-hobbies-experiences.assessment.json,,quiz[0] — DL-B1-01-Q01,1,4,individual structured assessment question,Ready local B1 assessment question; bundled in data/course.json,key and brief Arabic explanation reviewed,ready; active local assessment question,"CR31 text review; v2. T04 vocabulary/meaning; T05 five evidence claims; T07 both connectors; T08 P01 five sentences and P02 four dialogue turns, both spoken. No automatic language grading or new audio approval."
DL-B1-01-Q02,DL-B1-01-G01,B1,1,b1-01-daily-life-hobbies-experiences,content/B1/lesson-01-daily-life-hobbies-experiences.assessment.json,,quiz[1] — DL-B1-01-Q02,2,4,individual structured assessment question,Ready local B1 assessment question; bundled in data/course.json,key and brief Arabic explanation reviewed,ready; active local assessment question,"CR31 text review; v2. T04 vocabulary/meaning; T05 five evidence claims; T07 both connectors; T08 P01 five sentences and P02 four dialogue turns, both spoken. No automatic language grading or new audio approval."
DL-B1-01-Q03,DL-B1-01-G01,B1,1,b1-01-daily-life-hobbies-experiences,content/B1/lesson-01-daily-life-hobbies-experiences.assessment.json,,quiz[2] — DL-B1-01-Q03,3,2,individual structured assessment question,Ready local B1 assessment question; bundled in data/course.json,key and brief Arabic explanation reviewed,ready; active local assessment question,"CR31 text review; v2. T04 vocabulary/meaning; T05 five evidence claims; T07 both connectors; T08 P01 five sentences and P02 four dialogue turns, both spoken. No automatic language grading or new audio approval."
DL-B1-01-Q04,DL-B1-01-G01,B1,1,b1-01-daily-life-hobbies-experiences,content/B1/lesson-01-daily-life-hobbies-experiences.assessment.json,,quiz[3] — DL-B1-01-Q04,4,3,individual structured assessment question,Ready local B1 assessment question; bundled in data/course.json,key and brief Arabic explanation reviewed,ready; active local assessment question,"CR31 text review; v2. T04 vocabulary/meaning; T05 five evidence claims; T07 both connectors; T08 P01 five sentences and P02 four dialogue turns, both spoken. No automatic language grading or new audio approval."
DL-B1-01-Q05,DL-B1-01-G01,B1,1,b1-01-daily-life-hobbies-experiences,content/B1/lesson-01-daily-life-hobbies-experiences.assessment.json,,quiz[4] — DL-B1-01-Q05,5,4,individual structured assessment question,Ready local B1 assessment question; bundled in data/course.json,key and brief Arabic explanation reviewed,ready; active local assessment question,"CR31 text review; v2. T04 vocabulary/meaning; T05 five evidence claims; T07 both connectors; T08 P01 five sentences and P02 four dialogue turns, both spoken. No automatic language grading or new audio approval."
DL-B1-01-Q06,DL-B1-01-G01,B1,1,b1-01-daily-life-hobbies-experiences,content/B1/lesson-01-daily-life-hobbies-experiences.assessment.json,,quiz[5] — DL-B1-01-Q06,6,5,individual structured assessment question,Ready local B1 assessment question; bundled in data/course.json,key and brief Arabic explanation reviewed,ready; active local assessment question,"CR31 text review; v2. T04 vocabulary/meaning; T05 five evidence claims; T07 both connectors; T08 P01 five sentences and P02 four dialogue turns, both spoken. No automatic language grading or new audio approval."
DL-B1-01-Q07,DL-B1-01-G01,B1,1,b1-01-daily-life-hobbies-experiences,content/B1/lesson-01-daily-life-hobbies-experiences.assessment.json,,quiz[6] — DL-B1-01-Q07,7,5,individual structured assessment question,Ready local B1 assessment question; bundled in data/course.json,key and brief Arabic explanation reviewed,ready; active local assessment question,"CR31 text review; v2. T04 vocabulary/meaning; T05 five evidence claims; T07 both connectors; T08 P01 five sentences and P02 four dialogue turns, both spoken. No automatic language grading or new audio approval."
DL-B1-01-Q08,DL-B1-01-G01,B1,1,b1-01-daily-life-hobbies-experiences,content/B1/lesson-01-daily-life-hobbies-experiences.assessment.json,,quiz[7] — DL-B1-01-Q08,8,5,individual structured assessment question,Ready local B1 assessment question; bundled in data/course.json,key and brief Arabic explanation reviewed,ready; active local assessment question,"CR31 text review; v2. T04 vocabulary/meaning; T05 five evidence claims; T07 both connectors; T08 P01 five sentences and P02 four dialogue turns, both spoken. No automatic language grading or new audio approval."
DL-B1-01-Q09,DL-B1-01-G01,B1,1,b1-01-daily-life-hobbies-experiences,content/B1/lesson-01-daily-life-hobbies-experiences.assessment.json,,quiz[8] — DL-B1-01-Q09,9,5,individual structured assessment question,Ready local B1 assessment question; bundled in data/course.json,key and brief Arabic explanation reviewed,ready; active local assessment question,"CR31 text review; v2. T04 vocabulary/meaning; T05 five evidence claims; T07 both connectors; T08 P01 five sentences and P02 four dialogue turns, both spoken. No automatic language grading or new audio approval."
DL-B1-01-Q10,DL-B1-01-G01,B1,1,b1-01-daily-life-hobbies-experiences,content/B1/lesson-01-daily-life-hobbies-experiences.assessment.json,,quiz[9] — DL-B1-01-Q10,10,7,individual structured assessment question,Ready local B1 assessment question; bundled in data/course.json,key and brief Arabic explanation reviewed,ready; active local assessment question,"CR31 text review; v2. T04 vocabulary/meaning; T05 five evidence claims; T07 both connectors; T08 P01 five sentences and P02 four dialogue turns, both spoken. No automatic language grading or new audio approval."
DL-B1-01-P01,DL-B1-01-G01,B1,1,b1-01-daily-life-hobbies-experiences,content/B1/lesson-01-daily-life-hobbies-experiences.assessment.json,,performanceTasks[0] — DL-B1-01-P01,1,8,performance assessment task,Active B1 performance task; local saved response and self-check rubric in the app,local self-check rubric ready; no audio recording or external evaluator,ready; active local performance self-check,"CR31 text review; v2. T04 vocabulary/meaning; T05 five evidence claims; T07 both connectors; T08 P01 five sentences and P02 four dialogue turns, both spoken. No automatic language grading or new audio approval."
DL-B1-01-P02,DL-B1-01-G01,B1,1,b1-01-daily-life-hobbies-experiences,content/B1/lesson-01-daily-life-hobbies-experiences.assessment.json,,performanceTasks[1] — DL-B1-01-P02,2,8,performance assessment task,Active B1 performance task; local saved response and self-check rubric in the app,local self-check rubric ready; no audio recording or external evaluator,ready; active local performance self-check,"CR31 text review; v2. T04 vocabulary/meaning; T05 five evidence claims; T07 both connectors; T08 P01 five sentences and P02 four dialogue turns, both spoken. No automatic language grading or new audio approval."
DL-B1-02-Q01,DL-B1-02-G01,B1,2,b1-02-food-habits-obwohl,content/B1/lesson-02-food-habits-obwohl.assessment.json,,quiz[0] — DL-B1-02-Q01,1,1,individual structured assessment question,Ready local B1.2 assessment question; bundled in data/course.json,key and short Arabic explanation reviewed,ready; active local assessment question,"CR32 v2 text review; T01 six vocabulary items; Q03 only T03; T05 five claims; T08 five-sentence paragraph and four-turn dialogue, both spoken. No health advice, automatic language grading or new acoustic approval."
DL-B1-02-Q02,DL-B1-02-G01,B1,2,b1-02-food-habits-obwohl,content/B1/lesson-02-food-habits-obwohl.assessment.json,,quiz[1] — DL-B1-02-Q02,2,1,individual structured assessment question,Ready local B1.2 assessment question; bundled in data/course.json,key and short Arabic explanation reviewed,ready; active local assessment question,"CR32 v2 text review; T01 six vocabulary items; Q03 only T03; T05 five claims; T08 five-sentence paragraph and four-turn dialogue, both spoken. No health advice, automatic language grading or new acoustic approval."
DL-B1-02-Q03,DL-B1-02-G01,B1,2,b1-02-food-habits-obwohl,content/B1/lesson-02-food-habits-obwohl.assessment.json,,quiz[2] — DL-B1-02-Q03,3,3,individual structured assessment question,Ready local B1.2 assessment question; bundled in data/course.json,key and short Arabic explanation reviewed,ready; active local assessment question,"CR32 v2 text review; T01 six vocabulary items; Q03 only T03; T05 five claims; T08 five-sentence paragraph and four-turn dialogue, both spoken. No health advice, automatic language grading or new acoustic approval."
DL-B1-02-Q04,DL-B1-02-G01,B1,2,b1-02-food-habits-obwohl,content/B1/lesson-02-food-habits-obwohl.assessment.json,,quiz[3] — DL-B1-02-Q04,4,3,individual structured assessment question,Ready local B1.2 assessment question; bundled in data/course.json,key and short Arabic explanation reviewed,ready; active local assessment question,"CR32 v2 text review; T01 six vocabulary items; Q03 only T03; T05 five claims; T08 five-sentence paragraph and four-turn dialogue, both spoken. No health advice, automatic language grading or new acoustic approval."
DL-B1-02-Q05,DL-B1-02-G01,B1,2,b1-02-food-habits-obwohl,content/B1/lesson-02-food-habits-obwohl.assessment.json,,quiz[4] — DL-B1-02-Q05,5,2,individual structured assessment question,Ready local B1.2 assessment question; bundled in data/course.json,key and short Arabic explanation reviewed,ready; active local assessment question,"CR32 v2 text review; T01 six vocabulary items; Q03 only T03; T05 five claims; T08 five-sentence paragraph and four-turn dialogue, both spoken. No health advice, automatic language grading or new acoustic approval."
DL-B1-02-Q06,DL-B1-02-G01,B1,2,b1-02-food-habits-obwohl,content/B1/lesson-02-food-habits-obwohl.assessment.json,,quiz[5] — DL-B1-02-Q06,6,5,individual structured assessment question,Ready local B1.2 assessment question; bundled in data/course.json,key and short Arabic explanation reviewed,ready; active local assessment question,"CR32 v2 text review; T01 six vocabulary items; Q03 only T03; T05 five claims; T08 five-sentence paragraph and four-turn dialogue, both spoken. No health advice, automatic language grading or new acoustic approval."
DL-B1-02-Q07,DL-B1-02-G01,B1,2,b1-02-food-habits-obwohl,content/B1/lesson-02-food-habits-obwohl.assessment.json,,quiz[6] — DL-B1-02-Q07,7,5,individual structured assessment question,Ready local B1.2 assessment question; bundled in data/course.json,key and short Arabic explanation reviewed,ready; active local assessment question,"CR32 v2 text review; T01 six vocabulary items; Q03 only T03; T05 five claims; T08 five-sentence paragraph and four-turn dialogue, both spoken. No health advice, automatic language grading or new acoustic approval."
DL-B1-02-Q08,DL-B1-02-G01,B1,2,b1-02-food-habits-obwohl,content/B1/lesson-02-food-habits-obwohl.assessment.json,,quiz[7] — DL-B1-02-Q08,8,6,individual structured assessment question,Ready local B1.2 assessment question; bundled in data/course.json,key and short Arabic explanation reviewed,ready; active local assessment question,"CR32 v2 text review; T01 six vocabulary items; Q03 only T03; T05 five claims; T08 five-sentence paragraph and four-turn dialogue, both spoken. No health advice, automatic language grading or new acoustic approval."
DL-B1-02-Q09,DL-B1-02-G01,B1,2,b1-02-food-habits-obwohl,content/B1/lesson-02-food-habits-obwohl.assessment.json,,quiz[8] — DL-B1-02-Q09,9,6,individual structured assessment question,Ready local B1.2 assessment question; bundled in data/course.json,key and short Arabic explanation reviewed,ready; active local assessment question,"CR32 v2 text review; T01 six vocabulary items; Q03 only T03; T05 five claims; T08 five-sentence paragraph and four-turn dialogue, both spoken. No health advice, automatic language grading or new acoustic approval."
DL-B1-02-Q10,DL-B1-02-G01,B1,2,b1-02-food-habits-obwohl,content/B1/lesson-02-food-habits-obwohl.assessment.json,,quiz[9] — DL-B1-02-Q10,10,7,individual structured assessment question,Ready local B1.2 assessment question; bundled in data/course.json,key and short Arabic explanation reviewed,ready; active local assessment question,"CR32 v2 text review; T01 six vocabulary items; Q03 only T03; T05 five claims; T08 five-sentence paragraph and four-turn dialogue, both spoken. No health advice, automatic language grading or new acoustic approval."
DL-B1-02-P01,DL-B1-02-G01,B1,2,b1-02-food-habits-obwohl,content/B1/lesson-02-food-habits-obwohl.assessment.json,,performanceTasks[0] — DL-B1-02-P01,1,8,performance assessment task,Active B1.2 performance task; response saved locally and self-check rubric in app,local self-check rubric ready; no audio recording or external evaluator,ready; active local performance self-check,"CR32 v2 text review; T01 six vocabulary items; Q03 only T03; T05 five claims; T08 five-sentence paragraph and four-turn dialogue, both spoken. No health advice, automatic language grading or new acoustic approval."
DL-B1-02-P02,DL-B1-02-G01,B1,2,b1-02-food-habits-obwohl,content/B1/lesson-02-food-habits-obwohl.assessment.json,,performanceTasks[1] — DL-B1-02-P02,2,8,performance assessment task,Active B1.2 performance task; response saved locally and self-check rubric in app,local self-check rubric ready; no audio recording or external evaluator,ready; active local performance self-check,"CR32 v2 text review; T01 six vocabulary items; Q03 only T03; T05 five claims; T08 five-sentence paragraph and four-turn dialogue, both spoken. No health advice, automatic language grading or new acoustic approval."
DL-B1-03-Q01,DL-B1-03-G01,B1,3,b1-03-work-communication-konjunktiv,content/B1/lesson-03-work-communication-konjunktiv.assessment.json,,quiz[0] — DL-B1-03-Q01,1,1,individual structured assessment question,Ready local B1.3 assessment question; bundled in data/course.json,key and short Arabic explanation reviewed,ready; active local assessment question,"CR33 v2: Q02/T01, Q05-Q06/T04 and Q09/T06 direct practice; Q04/T03;T07; P01 written letter and P02 spoken meeting/T08. Proposals are not completed actions; no automatic language grading or new acoustic approval."
DL-B1-03-Q02,DL-B1-03-G01,B1,3,b1-03-work-communication-konjunktiv,content/B1/lesson-03-work-communication-konjunktiv.assessment.json,,quiz[1] — DL-B1-03-Q02,2,1,individual structured assessment question,Ready local B1.3 assessment question; bundled in data/course.json,key and short Arabic explanation reviewed,ready; active local assessment question,"CR33 v2: Q02/T01, Q05-Q06/T04 and Q09/T06 direct practice; Q04/T03;T07; P01 written letter and P02 spoken meeting/T08. Proposals are not completed actions; no automatic language grading or new acoustic approval."
DL-B1-03-Q03,DL-B1-03-G01,B1,3,b1-03-work-communication-konjunktiv,content/B1/lesson-03-work-communication-konjunktiv.assessment.json,,quiz[2] — DL-B1-03-Q03,3,2,individual structured assessment question,Ready local B1.3 assessment question; bundled in data/course.json,key and short Arabic explanation reviewed,ready; active local assessment question,"CR33 v2: Q02/T01, Q05-Q06/T04 and Q09/T06 direct practice; Q04/T03;T07; P01 written letter and P02 spoken meeting/T08. Proposals are not completed actions; no automatic language grading or new acoustic approval."
DL-B1-03-Q04,DL-B1-03-G01,B1,3,b1-03-work-communication-konjunktiv,content/B1/lesson-03-work-communication-konjunktiv.assessment.json,,quiz[3] — DL-B1-03-Q04,4,3;7,individual structured assessment question,Ready local B1.3 assessment question; bundled in data/course.json,key and short Arabic explanation reviewed,ready; active local assessment question,"CR33 v2: Q02/T01, Q05-Q06/T04 and Q09/T06 direct practice; Q04/T03;T07; P01 written letter and P02 spoken meeting/T08. Proposals are not completed actions; no automatic language grading or new acoustic approval."
DL-B1-03-Q05,DL-B1-03-G01,B1,3,b1-03-work-communication-konjunktiv,content/B1/lesson-03-work-communication-konjunktiv.assessment.json,,quiz[4] — DL-B1-03-Q05,5,4,individual structured assessment question,Ready local B1.3 assessment question; bundled in data/course.json,key and short Arabic explanation reviewed,ready; active local assessment question,"CR33 v2: Q02/T01, Q05-Q06/T04 and Q09/T06 direct practice; Q04/T03;T07; P01 written letter and P02 spoken meeting/T08. Proposals are not completed actions; no automatic language grading or new acoustic approval."
DL-B1-03-Q06,DL-B1-03-G01,B1,3,b1-03-work-communication-konjunktiv,content/B1/lesson-03-work-communication-konjunktiv.assessment.json,,quiz[5] — DL-B1-03-Q06,6,4,individual structured assessment question,Ready local B1.3 assessment question; bundled in data/course.json,key and short Arabic explanation reviewed,ready; active local assessment question,"CR33 v2: Q02/T01, Q05-Q06/T04 and Q09/T06 direct practice; Q04/T03;T07; P01 written letter and P02 spoken meeting/T08. Proposals are not completed actions; no automatic language grading or new acoustic approval."
DL-B1-03-Q07,DL-B1-03-G01,B1,3,b1-03-work-communication-konjunktiv,content/B1/lesson-03-work-communication-konjunktiv.assessment.json,,quiz[6] — DL-B1-03-Q07,7,5,individual structured assessment question,Ready local B1.3 assessment question; bundled in data/course.json,key and short Arabic explanation reviewed,ready; active local assessment question,"CR33 v2: Q02/T01, Q05-Q06/T04 and Q09/T06 direct practice; Q04/T03;T07; P01 written letter and P02 spoken meeting/T08. Proposals are not completed actions; no automatic language grading or new acoustic approval."
DL-B1-03-Q08,DL-B1-03-G01,B1,3,b1-03-work-communication-konjunktiv,content/B1/lesson-03-work-communication-konjunktiv.assessment.json,,quiz[7] — DL-B1-03-Q08,8,5,individual structured assessment question,Ready local B1.3 assessment question; bundled in data/course.json,key and short Arabic explanation reviewed,ready; active local assessment question,"CR33 v2: Q02/T01, Q05-Q06/T04 and Q09/T06 direct practice; Q04/T03;T07; P01 written letter and P02 spoken meeting/T08. Proposals are not completed actions; no automatic language grading or new acoustic approval."
DL-B1-03-Q09,DL-B1-03-G01,B1,3,b1-03-work-communication-konjunktiv,content/B1/lesson-03-work-communication-konjunktiv.assessment.json,,quiz[8] — DL-B1-03-Q09,9,6,individual structured assessment question,Ready local B1.3 assessment question; bundled in data/course.json,key and short Arabic explanation reviewed,ready; active local assessment question,"CR33 v2: Q02/T01, Q05-Q06/T04 and Q09/T06 direct practice; Q04/T03;T07; P01 written letter and P02 spoken meeting/T08. Proposals are not completed actions; no automatic language grading or new acoustic approval."
DL-B1-03-Q10,DL-B1-03-G01,B1,3,b1-03-work-communication-konjunktiv,content/B1/lesson-03-work-communication-konjunktiv.assessment.json,,quiz[9] — DL-B1-03-Q10,10,6,individual structured assessment question,Ready local B1.3 assessment question; bundled in data/course.json,key and short Arabic explanation reviewed,ready; active local assessment question,"CR33 v2: Q02/T01, Q05-Q06/T04 and Q09/T06 direct practice; Q04/T03;T07; P01 written letter and P02 spoken meeting/T08. Proposals are not completed actions; no automatic language grading or new acoustic approval."
DL-B1-03-P01,DL-B1-03-G01,B1,3,b1-03-work-communication-konjunktiv,content/B1/lesson-03-work-communication-konjunktiv.assessment.json,,performanceTasks[0] — DL-B1-03-P01,1,8,performance assessment task,Active B1.3 performance task; response saved locally and self-check rubric in app,local self-check rubric ready; no audio recording or external evaluator,ready; active local performance self-check,"CR33 v2: Q02/T01, Q05-Q06/T04 and Q09/T06 direct practice; Q04/T03;T07; P01 written letter and P02 spoken meeting/T08. Proposals are not completed actions; no automatic language grading or new acoustic approval."
DL-B1-03-P02,DL-B1-03-G01,B1,3,b1-03-work-communication-konjunktiv,content/B1/lesson-03-work-communication-konjunktiv.assessment.json,,performanceTasks[1] — DL-B1-03-P02,2,8,performance assessment task,Active B1.3 performance task; response saved locally and self-check rubric in app,local self-check rubric ready; no audio recording or external evaluator,ready; active local performance self-check,"CR33 v2: Q02/T01, Q05-Q06/T04 and Q09/T06 direct practice; Q04/T03;T07; P01 written letter and P02 spoken meeting/T08. Proposals are not completed actions; no automatic language grading or new acoustic approval."
DL-B1-04-Q01,DL-B1-04-G01,B1,4,b1-04-continuing-education-damit,content/B1/lesson-04-continuing-education-damit.assessment.json,,quiz[0] — DL-B1-04-Q01,1,1,individual structured assessment question,Ready local B1.4 assessment question; bundled in data/course.json,answer key and short Arabic explanation reviewed,ready; active local assessment question,"CR34 v2: Q01/T01 vocabulary; Q02/T01 exact blank; Q04/T04;T07. Correct modal order and transcript key; P01 written plan, P02 spoken dialogue/T08. Purpose is not achievement; no automatic language grading or new acoustic approval."
DL-B1-04-Q02,DL-B1-04-G01,B1,4,b1-04-continuing-education-damit,content/B1/lesson-04-continuing-education-damit.assessment.json,,quiz[1] — DL-B1-04-Q02,2,1,individual structured assessment question,Ready local B1.4 assessment question; bundled in data/course.json,answer key and short Arabic explanation reviewed,ready; active local assessment question,"CR34 v2: Q01/T01 vocabulary; Q02/T01 exact blank; Q04/T04;T07. Correct modal order and transcript key; P01 written plan, P02 spoken dialogue/T08. Purpose is not achievement; no automatic language grading or new acoustic approval."
DL-B1-04-Q03,DL-B1-04-G01,B1,4,b1-04-continuing-education-damit,content/B1/lesson-04-continuing-education-damit.assessment.json,,quiz[2] — DL-B1-04-Q03,3,2,individual structured assessment question,Ready local B1.4 assessment question; bundled in data/course.json,answer key and short Arabic explanation reviewed,ready; active local assessment question,"CR34 v2: Q01/T01 vocabulary; Q02/T01 exact blank; Q04/T04;T07. Correct modal order and transcript key; P01 written plan, P02 spoken dialogue/T08. Purpose is not achievement; no automatic language grading or new acoustic approval."
DL-B1-04-Q04,DL-B1-04-G01,B1,4,b1-04-continuing-education-damit,content/B1/lesson-04-continuing-education-damit.assessment.json,,quiz[3] — DL-B1-04-Q04,4,4;7,individual structured assessment question,Ready local B1.4 assessment question; bundled in data/course.json,answer key and short Arabic explanation reviewed,ready; active local assessment question,"CR34 v2: Q01/T01 vocabulary; Q02/T01 exact blank; Q04/T04;T07. Correct modal order and transcript key; P01 written plan, P02 spoken dialogue/T08. Purpose is not achievement; no automatic language grading or new acoustic approval."
DL-B1-04-Q05,DL-B1-04-G01,B1,4,b1-04-continuing-education-damit,content/B1/lesson-04-continuing-education-damit.assessment.json,,quiz[4] — DL-B1-04-Q05,5,5,individual structured assessment question,Ready local B1.4 assessment question; bundled in data/course.json,answer key and short Arabic explanation reviewed,ready; active local assessment question,"CR34 v2: Q01/T01 vocabulary; Q02/T01 exact blank; Q04/T04;T07. Correct modal order and transcript key; P01 written plan, P02 spoken dialogue/T08. Purpose is not achievement; no automatic language grading or new acoustic approval."
DL-B1-04-Q06,DL-B1-04-G01,B1,4,b1-04-continuing-education-damit,content/B1/lesson-04-continuing-education-damit.assessment.json,,quiz[5] — DL-B1-04-Q06,6,5,individual structured assessment question,Ready local B1.4 assessment question; bundled in data/course.json,answer key and short Arabic explanation reviewed,ready; active local assessment question,"CR34 v2: Q01/T01 vocabulary; Q02/T01 exact blank; Q04/T04;T07. Correct modal order and transcript key; P01 written plan, P02 spoken dialogue/T08. Purpose is not achievement; no automatic language grading or new acoustic approval."
DL-B1-04-Q07,DL-B1-04-G01,B1,4,b1-04-continuing-education-damit,content/B1/lesson-04-continuing-education-damit.assessment.json,,quiz[6] — DL-B1-04-Q07,7,5,individual structured assessment question,Ready local B1.4 assessment question; bundled in data/course.json,answer key and short Arabic explanation reviewed,ready; active local assessment question,"CR34 v2: Q01/T01 vocabulary; Q02/T01 exact blank; Q04/T04;T07. Correct modal order and transcript key; P01 written plan, P02 spoken dialogue/T08. Purpose is not achievement; no automatic language grading or new acoustic approval."
DL-B1-04-Q08,DL-B1-04-G01,B1,4,b1-04-continuing-education-damit,content/B1/lesson-04-continuing-education-damit.assessment.json,,quiz[7] — DL-B1-04-Q08,8,6,individual structured assessment question,Ready local B1.4 assessment question; bundled in data/course.json,answer key and short Arabic explanation reviewed,ready; active local assessment question,"CR34 v2: Q01/T01 vocabulary; Q02/T01 exact blank; Q04/T04;T07. Correct modal order and transcript key; P01 written plan, P02 spoken dialogue/T08. Purpose is not achievement; no automatic language grading or new acoustic approval."
DL-B1-04-Q09,DL-B1-04-G01,B1,4,b1-04-continuing-education-damit,content/B1/lesson-04-continuing-education-damit.assessment.json,,quiz[8] — DL-B1-04-Q09,9,6,individual structured assessment question,Ready local B1.4 assessment question; bundled in data/course.json,answer key and short Arabic explanation reviewed,ready; active local assessment question,"CR34 v2: Q01/T01 vocabulary; Q02/T01 exact blank; Q04/T04;T07. Correct modal order and transcript key; P01 written plan, P02 spoken dialogue/T08. Purpose is not achievement; no automatic language grading or new acoustic approval."
DL-B1-04-Q10,DL-B1-04-G01,B1,4,b1-04-continuing-education-damit,content/B1/lesson-04-continuing-education-damit.assessment.json,,quiz[9] — DL-B1-04-Q10,10,6,individual structured assessment question,Ready local B1.4 assessment question; bundled in data/course.json,answer key and short Arabic explanation reviewed,ready; active local assessment question,"CR34 v2: Q01/T01 vocabulary; Q02/T01 exact blank; Q04/T04;T07. Correct modal order and transcript key; P01 written plan, P02 spoken dialogue/T08. Purpose is not achievement; no automatic language grading or new acoustic approval."
DL-B1-04-P01,DL-B1-04-G01,B1,4,b1-04-continuing-education-damit,content/B1/lesson-04-continuing-education-damit.assessment.json,,performanceTasks[0] — DL-B1-04-P01,1,8,performance assessment task,Active B1.4 performance task; response saved locally with self-check rubric in app,local self-check rubric ready; no audio recording or external evaluator,ready; active local performance self-check,"CR34 v2: Q01/T01 vocabulary; Q02/T01 exact blank; Q04/T04;T07. Correct modal order and transcript key; P01 written plan, P02 spoken dialogue/T08. Purpose is not achievement; no automatic language grading or new acoustic approval."
DL-B1-04-P02,DL-B1-04-G01,B1,4,b1-04-continuing-education-damit,content/B1/lesson-04-continuing-education-damit.assessment.json,,performanceTasks[1] — DL-B1-04-P02,2,8,performance assessment task,Active B1.4 performance task; response saved locally with self-check rubric in app,local self-check rubric ready; no audio recording or external evaluator,ready; active local performance self-check,"CR34 v2: Q01/T01 vocabulary; Q02/T01 exact blank; Q04/T04;T07. Correct modal order and transcript key; P01 written plan, P02 spoken dialogue/T08. Purpose is not achievement; no automatic language grading or new acoustic approval."
DL-B1-06-Q01,DL-B1-06-G01,B1,6,b1-06-health-fitness-advice,content/B1/lesson-06-health-fitness-advice.assessment.json,,quiz[0] — DL-B1-06-Q01,1,1,individual structured assessment question,Ready local B1.6 assessment question; bundled in data/course.json,answer key and short Arabic explanation reviewed,ready; active local assessment question,Stable ID linked to B1.6 learning goal and source task(s): DL-B1-06-T01. Assessment works without generated audio.
DL-B1-06-Q02,DL-B1-06-G01,B1,6,b1-06-health-fitness-advice,content/B1/lesson-06-health-fitness-advice.assessment.json,,quiz[1] — DL-B1-06-Q02,2,2,individual structured assessment question,Ready local B1.6 assessment question; bundled in data/course.json,answer key and short Arabic explanation reviewed,ready; active local assessment question,Stable ID linked to B1.6 learning goal and source task(s): DL-B1-06-T02. Assessment works without generated audio.
DL-B1-06-Q03,DL-B1-06-G01,B1,6,b1-06-health-fitness-advice,content/B1/lesson-06-health-fitness-advice.assessment.json,,quiz[2] — DL-B1-06-Q03,3,2,individual structured assessment question,Ready local B1.6 assessment question; bundled in data/course.json,answer key and short Arabic explanation reviewed,ready; active local assessment question,Stable ID linked to B1.6 learning goal and source task(s): DL-B1-06-T02. Assessment works without generated audio.
DL-B1-06-Q04,DL-B1-06-G01,B1,6,b1-06-health-fitness-advice,content/B1/lesson-06-health-fitness-advice.assessment.json,,quiz[3] — DL-B1-06-Q04,4,3,individual structured assessment question,Ready local B1.6 assessment question; bundled in data/course.json,answer key and short Arabic explanation reviewed,ready; active local assessment question,Stable ID linked to B1.6 learning goal and source task(s): DL-B1-06-T03. Assessment works without generated audio.
DL-B1-06-Q05,DL-B1-06-G01,B1,6,b1-06-health-fitness-advice,content/B1/lesson-06-health-fitness-advice.assessment.json,,quiz[4] — DL-B1-06-Q05,5,4,individual structured assessment question,Ready local B1.6 assessment question; bundled in data/course.json,answer key and short Arabic explanation reviewed,ready; active local assessment question,Stable ID linked to B1.6 learning goal and source task(s): DL-B1-06-T04. Assessment works without generated audio.
DL-B1-06-Q06,DL-B1-06-G01,B1,6,b1-06-health-fitness-advice,content/B1/lesson-06-health-fitness-advice.assessment.json,,quiz[5] — DL-B1-06-Q06,6,5,individual structured assessment question,Ready local B1.6 assessment question; bundled in data/course.json,answer key and short Arabic explanation reviewed,ready; active local assessment question,Stable ID linked to B1.6 learning goal and source task(s): DL-B1-06-T05. Assessment works without generated audio.
DL-B1-06-Q07,DL-B1-06-G01,B1,6,b1-06-health-fitness-advice,content/B1/lesson-06-health-fitness-advice.assessment.json,,quiz[6] — DL-B1-06-Q07,7,5,individual structured assessment question,Ready local B1.6 assessment question; bundled in data/course.json,answer key and short Arabic explanation reviewed,ready; active local assessment question,Stable ID linked to B1.6 learning goal and source task(s): DL-B1-06-T05. Assessment works without generated audio.
DL-B1-06-Q08,DL-B1-06-G01,B1,6,b1-06-health-fitness-advice,content/B1/lesson-06-health-fitness-advice.assessment.json,,quiz[7] — DL-B1-06-Q08,8,6,individual structured assessment question,Ready local B1.6 assessment question; bundled in data/course.json,answer key and short Arabic explanation reviewed,ready; active local assessment question,Stable ID linked to B1.6 learning goal and source task(s): DL-B1-06-T06. Assessment works without generated audio.
DL-B1-06-Q09,DL-B1-06-G01,B1,6,b1-06-health-fitness-advice,content/B1/lesson-06-health-fitness-advice.assessment.json,,quiz[8] — DL-B1-06-Q09,9,6,individual structured assessment question,Ready local B1.6 assessment question; bundled in data/course.json,answer key and short Arabic explanation reviewed,ready; active local assessment question,Stable ID linked to B1.6 learning goal and source task(s): DL-B1-06-T06. Assessment works without generated audio.
DL-B1-06-Q10,DL-B1-06-G01,B1,6,b1-06-health-fitness-advice,content/B1/lesson-06-health-fitness-advice.assessment.json,,quiz[9] — DL-B1-06-Q10,10,7,individual structured assessment question,Ready local B1.6 assessment question; bundled in data/course.json,answer key and short Arabic explanation reviewed,ready; active local assessment question,Stable ID linked to B1.6 learning goal and source task(s): DL-B1-06-T07. Assessment works without generated audio.
DL-B1-06-P01,DL-B1-06-G01,B1,6,b1-06-health-fitness-advice,content/B1/lesson-06-health-fitness-advice.assessment.json,,performanceTasks[0] — DL-B1-06-P01,1,8,performance assessment task,Active B1.6 performance task; response saved locally with self-check rubric in app,local self-check rubric ready; no audio recording or external evaluator,ready; active local performance self-check,Stable ID linked to source task DL-B1-06-T08 and B1.6 learning goal; works locally without generated audio.
DL-B1-06-P02,DL-B1-06-G01,B1,6,b1-06-health-fitness-advice,content/B1/lesson-06-health-fitness-advice.assessment.json,,performanceTasks[1] — DL-B1-06-P02,2,8,performance assessment task,Active B1.6 performance task; response saved locally with self-check rubric in app,local self-check rubric ready; no audio recording or external evaluator,ready; active local performance self-check,Stable ID linked to source task DL-B1-06-T08 and B1.6 learning goal; works locally without generated audio.
DL-B1-08-Q01,DL-B1-08-G01,B1,8,b1-08-consumption-advertising-je-desto,content/B1/lesson-08-consumption-advertising-je-desto.assessment.json,,quiz[0] — DL-B1-08-Q01,1,1,individual structured assessment question,Ready local B1.8 assessment question; bundled in data/course.json,answer key and short Arabic explanation reviewed,ready; active local assessment question,Stable ID linked to B1.8 learning goal and source task(s): DL-B1-08-T01. Assessment works without generated audio.
DL-B1-08-Q02,DL-B1-08-G01,B1,8,b1-08-consumption-advertising-je-desto,content/B1/lesson-08-consumption-advertising-je-desto.assessment.json,,quiz[1] — DL-B1-08-Q02,2,1,individual structured assessment question,Ready local B1.8 assessment question; bundled in data/course.json,answer key and short Arabic explanation reviewed,ready; active local assessment question,Stable ID linked to B1.8 learning goal and source task(s): DL-B1-08-T01. Assessment works without generated audio.
DL-B1-08-Q03,DL-B1-08-G01,B1,8,b1-08-consumption-advertising-je-desto,content/B1/lesson-08-consumption-advertising-je-desto.assessment.json,,quiz[2] — DL-B1-08-Q03,3,2,individual structured assessment question,Ready local B1.8 assessment question; bundled in data/course.json,answer key and short Arabic explanation reviewed,ready; active local assessment question,Stable ID linked to B1.8 learning goal and source task(s): DL-B1-08-T02. Assessment works without generated audio.
DL-B1-08-Q04,DL-B1-08-G01,B1,8,b1-08-consumption-advertising-je-desto,content/B1/lesson-08-consumption-advertising-je-desto.assessment.json,,quiz[3] — DL-B1-08-Q04,4,2,individual structured assessment question,Ready local B1.8 assessment question; bundled in data/course.json,answer key and short Arabic explanation reviewed,ready; active local assessment question,Stable ID linked to B1.8 learning goal and source task(s): DL-B1-08-T02. Assessment works without generated audio.
DL-B1-08-Q05,DL-B1-08-G01,B1,8,b1-08-consumption-advertising-je-desto,content/B1/lesson-08-consumption-advertising-je-desto.assessment.json,,quiz[4] — DL-B1-08-Q05,5,3,individual structured assessment question,Ready local B1.8 assessment question; bundled in data/course.json,answer key and short Arabic explanation reviewed,ready; active local assessment question,Stable ID linked to B1.8 learning goal and source task(s): DL-B1-08-T03. Assessment works without generated audio.
DL-B1-08-Q06,DL-B1-08-G01,B1,8,b1-08-consumption-advertising-je-desto,content/B1/lesson-08-consumption-advertising-je-desto.assessment.json,,quiz[5] — DL-B1-08-Q06,6,4,individual structured assessment question,Ready local B1.8 assessment question; bundled in data/course.json,answer key and short Arabic explanation reviewed,ready; active local assessment question,Stable ID linked to B1.8 learning goal and source task(s): DL-B1-08-T04. Assessment works without generated audio.
DL-B1-08-Q07,DL-B1-08-G01,B1,8,b1-08-consumption-advertising-je-desto,content/B1/lesson-08-consumption-advertising-je-desto.assessment.json,,quiz[6] — DL-B1-08-Q07,7,5,individual structured assessment question,Ready local B1.8 assessment question; bundled in data/course.json,answer key and short Arabic explanation reviewed,ready; active local assessment question,Stable ID linked to B1.8 learning goal and source task(s): DL-B1-08-T05. Assessment works without generated audio.
DL-B1-08-Q08,DL-B1-08-G01,B1,8,b1-08-consumption-advertising-je-desto,content/B1/lesson-08-consumption-advertising-je-desto.assessment.json,,quiz[7] — DL-B1-08-Q08,8,5;7,individual structured assessment question,Ready local B1.8 assessment question; bundled in data/course.json,answer key and short Arabic explanation reviewed,ready; active local assessment question,Stable ID linked to B1.8 learning goal and source task(s): DL-B1-08-T05; DL-B1-08-T07. Assessment works without generated audio.
DL-B1-08-Q09,DL-B1-08-G01,B1,8,b1-08-consumption-advertising-je-desto,content/B1/lesson-08-consumption-advertising-je-desto.assessment.json,,quiz[8] — DL-B1-08-Q09,9,6,individual structured assessment question,Ready local B1.8 assessment question; bundled in data/course.json,answer key and short Arabic explanation reviewed,ready; active local assessment question,Stable ID linked to B1.8 learning goal and source task(s): DL-B1-08-T06. Assessment works without generated audio.
DL-B1-08-Q10,DL-B1-08-G01,B1,8,b1-08-consumption-advertising-je-desto,content/B1/lesson-08-consumption-advertising-je-desto.assessment.json,,quiz[9] — DL-B1-08-Q10,10,7,individual structured assessment question,Ready local B1.8 assessment question; bundled in data/course.json,answer key and short Arabic explanation reviewed,ready; active local assessment question,Stable ID linked to B1.8 learning goal and source task(s): DL-B1-08-T07. Assessment works without generated audio.
DL-B1-08-P01,DL-B1-08-G01,B1,8,b1-08-consumption-advertising-je-desto,content/B1/lesson-08-consumption-advertising-je-desto.assessment.json,,performanceTasks[0] — DL-B1-08-P01,1,8,performance assessment task,Active B1.8 performance task; response saved locally with self-check rubric in app,local self-check rubric ready; no audio recording or external evaluator,ready; active local performance self-check,Stable ID linked to source task DL-B1-08-T08 and B1.8 learning goal; works locally without generated audio.
DL-B1-08-P02,DL-B1-08-G01,B1,8,b1-08-consumption-advertising-je-desto,content/B1/lesson-08-consumption-advertising-je-desto.assessment.json,,performanceTasks[1] — DL-B1-08-P02,2,8,performance assessment task,Active B1.8 performance task; response saved locally with self-check rubric in app,local self-check rubric ready; no audio recording or external evaluator,ready; active local performance self-check,Stable ID linked to source task DL-B1-08-T08 and B1.8 learning goal; works locally without generated audio.
DL-B1-09-Q01,DL-B1-09-G01,B1,9,b1-09-travel-transport-environment,content/B1/lesson-09-travel-transport-environment.assessment.json,,quiz[0] — DL-B1-09-Q01,1,1,individual structured assessment question,Ready local B1.9 assessment question; bundled in data/course.json,answer key and short Arabic explanation reviewed,ready; active local assessment question,Stable ID linked to B1.9 learning goal and source task(s): DL-B1-09-T01. Assessment works without generated audio.
DL-B1-09-Q02,DL-B1-09-G01,B1,9,b1-09-travel-transport-environment,content/B1/lesson-09-travel-transport-environment.assessment.json,,quiz[1] — DL-B1-09-Q02,2,1,individual structured assessment question,Ready local B1.9 assessment question; bundled in data/course.json,answer key and short Arabic explanation reviewed,ready; active local assessment question,Stable ID linked to B1.9 learning goal and source task(s): DL-B1-09-T01. Assessment works without generated audio.
DL-B1-09-Q03,DL-B1-09-G01,B1,9,b1-09-travel-transport-environment,content/B1/lesson-09-travel-transport-environment.assessment.json,,quiz[2] — DL-B1-09-Q03,3,2,individual structured assessment question,Ready local B1.9 assessment question; bundled in data/course.json,answer key and short Arabic explanation reviewed,ready; active local assessment question,Stable ID linked to B1.9 learning goal and source task(s): DL-B1-09-T02. Assessment works without generated audio.
DL-B1-09-Q04,DL-B1-09-G01,B1,9,b1-09-travel-transport-environment,content/B1/lesson-09-travel-transport-environment.assessment.json,,quiz[3] — DL-B1-09-Q04,4,3,individual structured assessment question,Ready local B1.9 assessment question; bundled in data/course.json,answer key and short Arabic explanation reviewed,ready; active local assessment question,Stable ID linked to B1.9 learning goal and source task(s): DL-B1-09-T03. Assessment works without generated audio.
DL-B1-09-Q05,DL-B1-09-G01,B1,9,b1-09-travel-transport-environment,content/B1/lesson-09-travel-transport-environment.assessment.json,,quiz[4] — DL-B1-09-Q05,5,3;7,individual structured assessment question,Ready local B1.9 assessment question; bundled in data/course.json,answer key and short Arabic explanation reviewed,ready; active local assessment question,Stable ID linked to B1.9 learning goal and source task(s): DL-B1-09-T03; DL-B1-09-T07. Assessment works without generated audio.
DL-B1-09-Q06,DL-B1-09-G01,B1,9,b1-09-travel-transport-environment,content/B1/lesson-09-travel-transport-environment.assessment.json,,quiz[5] — DL-B1-09-Q06,6,4,individual structured assessment question,Ready local B1.9 assessment question; bundled in data/course.json,answer key and short Arabic explanation reviewed,ready; active local assessment question,Stable ID linked to B1.9 learning goal and source task(s): DL-B1-09-T04. Assessment works without generated audio.
DL-B1-09-Q07,DL-B1-09-G01,B1,9,b1-09-travel-transport-environment,content/B1/lesson-09-travel-transport-environment.assessment.json,,quiz[6] — DL-B1-09-Q07,7,5,individual structured assessment question,Ready local B1.9 assessment question; bundled in data/course.json,answer key and short Arabic explanation reviewed,ready; active local assessment question,Stable ID linked to B1.9 learning goal and source task(s): DL-B1-09-T05. Assessment works without generated audio.
DL-B1-09-Q08,DL-B1-09-G01,B1,9,b1-09-travel-transport-environment,content/B1/lesson-09-travel-transport-environment.assessment.json,,quiz[7] — DL-B1-09-Q08,8,5,individual structured assessment question,Ready local B1.9 assessment question; bundled in data/course.json,answer key and short Arabic explanation reviewed,ready; active local assessment question,Stable ID linked to B1.9 learning goal and source task(s): DL-B1-09-T05. Assessment works without generated audio.
DL-B1-09-Q09,DL-B1-09-G01,B1,9,b1-09-travel-transport-environment,content/B1/lesson-09-travel-transport-environment.assessment.json,,quiz[8] — DL-B1-09-Q09,9,6,individual structured assessment question,Ready local B1.9 assessment question; bundled in data/course.json,answer key and short Arabic explanation reviewed,ready; active local assessment question,Stable ID linked to B1.9 learning goal and source task(s): DL-B1-09-T06. Assessment works without generated audio.
DL-B1-09-Q10,DL-B1-09-G01,B1,9,b1-09-travel-transport-environment,content/B1/lesson-09-travel-transport-environment.assessment.json,,quiz[9] — DL-B1-09-Q10,10,6,individual structured assessment question,Ready local B1.9 assessment question; bundled in data/course.json,answer key and short Arabic explanation reviewed,ready; active local assessment question,Stable ID linked to B1.9 learning goal and source task(s): DL-B1-09-T06. Assessment works without generated audio.
DL-B1-09-P01,DL-B1-09-G01,B1,9,b1-09-travel-transport-environment,content/B1/lesson-09-travel-transport-environment.assessment.json,,performanceTasks[0] — DL-B1-09-P01,1,8,performance assessment task,Active B1.9 performance task; response saved locally with self-check rubric in app,local self-check rubric ready; no audio recording or external evaluator,ready; active local performance self-check,Stable ID linked to B1.9 learning goal and source task(s): DL-B1-09-T08. Works locally without generated audio.
DL-B1-09-P02,DL-B1-09-G01,B1,9,b1-09-travel-transport-environment,content/B1/lesson-09-travel-transport-environment.assessment.json,,performanceTasks[1] — DL-B1-09-P02,2,6;8,performance assessment task,Active B1.9 performance task; response saved locally with self-check rubric in app,local self-check rubric ready; no audio recording or external evaluator,ready; active local performance self-check,Stable ID linked to B1.9 learning goal and source tasks DL-B1-09-T06 and DL-B1-09-T08; works locally without generated audio.
DL-B1-10-Q01,DL-B1-10-G01,B1,10,b1-10-media-news-formal-communication,content/B1/lesson-10-media-news-formal-communication.assessment.json,,quiz[0] — DL-B1-10-Q01,1,1,individual structured assessment question,Ready local B1.10 assessment question; bundled in data/course.json,answer key and short Arabic explanation reviewed,ready; active local assessment question,Stable ID linked to B1.10 learning goal and source task(s): DL-B1-10-T01. Assessment works without generated audio.
DL-B1-10-Q02,DL-B1-10-G01,B1,10,b1-10-media-news-formal-communication,content/B1/lesson-10-media-news-formal-communication.assessment.json,,quiz[1] — DL-B1-10-Q02,2,2,individual structured assessment question,Ready local B1.10 assessment question; bundled in data/course.json,answer key and short Arabic explanation reviewed,ready; active local assessment question,Stable ID linked to B1.10 learning goal and source task(s): DL-B1-10-T02. Assessment works without generated audio.
DL-B1-10-Q03,DL-B1-10-G01,B1,10,b1-10-media-news-formal-communication,content/B1/lesson-10-media-news-formal-communication.assessment.json,,quiz[2] — DL-B1-10-Q03,3,2,individual structured assessment question,Ready local B1.10 assessment question; bundled in data/course.json,answer key and short Arabic explanation reviewed,ready; active local assessment question,Stable ID linked to B1.10 learning goal and source task(s): DL-B1-10-T02. Assessment works without generated audio.
DL-B1-10-Q04,DL-B1-10-G01,B1,10,b1-10-media-news-formal-communication,content/B1/lesson-10-media-news-formal-communication.assessment.json,,quiz[3] — DL-B1-10-Q04,4,3,individual structured assessment question,Ready local B1.10 assessment question; bundled in data/course.json,answer key and short Arabic explanation reviewed,ready; active local assessment question,Stable ID linked to B1.10 learning goal and source task(s): DL-B1-10-T03. Assessment works without generated audio.
DL-B1-10-Q05,DL-B1-10-G01,B1,10,b1-10-media-news-formal-communication,content/B1/lesson-10-media-news-formal-communication.assessment.json,,quiz[4] — DL-B1-10-Q05,5,4,individual structured assessment question,Ready local B1.10 assessment question; bundled in data/course.json,answer key and short Arabic explanation reviewed,ready; active local assessment question,Stable ID linked to B1.10 learning goal and source task(s): DL-B1-10-T04. Assessment works without generated audio.
DL-B1-10-Q06,DL-B1-10-G01,B1,10,b1-10-media-news-formal-communication,content/B1/lesson-10-media-news-formal-communication.assessment.json,,quiz[5] — DL-B1-10-Q06,6,7,individual structured assessment question,Ready local B1.10 assessment question; bundled in data/course.json,answer key and short Arabic explanation reviewed,ready; active local assessment question,Stable ID linked to B1.10 learning goal and source task(s): DL-B1-10-T07. Assessment works without generated audio.
DL-B1-10-Q07,DL-B1-10-G01,B1,10,b1-10-media-news-formal-communication,content/B1/lesson-10-media-news-formal-communication.assessment.json,,quiz[6] — DL-B1-10-Q07,7,5,individual structured assessment question,Ready local B1.10 assessment question; bundled in data/course.json,answer key and short Arabic explanation reviewed,ready; active local assessment question,Stable ID linked to B1.10 learning goal and source task(s): DL-B1-10-T05. Assessment works without generated audio.
DL-B1-10-Q08,DL-B1-10-G01,B1,10,b1-10-media-news-formal-communication,content/B1/lesson-10-media-news-formal-communication.assessment.json,,quiz[7] — DL-B1-10-Q08,8,5,individual structured assessment question,Ready local B1.10 assessment question; bundled in data/course.json,answer key and short Arabic explanation reviewed,ready; active local assessment question,Stable ID linked to B1.10 learning goal and source task(s): DL-B1-10-T05. Assessment works without generated audio.
DL-B1-10-Q09,DL-B1-10-G01,B1,10,b1-10-media-news-formal-communication,content/B1/lesson-10-media-news-formal-communication.assessment.json,,quiz[8] — DL-B1-10-Q09,9,6,individual structured assessment question,Ready local B1.10 assessment question; bundled in data/course.json,answer key and short Arabic explanation reviewed,ready; active local assessment question,Stable ID linked to B1.10 learning goal and source task(s): DL-B1-10-T06. Assessment works without generated audio.
DL-B1-10-Q10,DL-B1-10-G01,B1,10,b1-10-media-news-formal-communication,content/B1/lesson-10-media-news-formal-communication.assessment.json,,quiz[9] — DL-B1-10-Q10,10,6,individual structured assessment question,Ready local B1.10 assessment question; bundled in data/course.json,answer key and short Arabic explanation reviewed,ready; active local assessment question,Stable ID linked to B1.10 learning goal and source task(s): DL-B1-10-T06. Assessment works without generated audio.
DL-B1-10-P01,DL-B1-10-G01,B1,10,b1-10-media-news-formal-communication,content/B1/lesson-10-media-news-formal-communication.assessment.json,,performanceTasks[0] — DL-B1-10-P01,1,8,performance assessment task,Active B1.10 performance task; response saved locally with self-check rubric in app,local self-check rubric ready; no audio recording or external evaluator,ready; active local performance self-check,Stable ID linked to source task(s): DL-B1-10-T08 and B1.10 learning goal; works locally without generated audio.
DL-B1-10-P02,DL-B1-10-G01,B1,10,b1-10-media-news-formal-communication,content/B1/lesson-10-media-news-formal-communication.assessment.json,,performanceTasks[1] — DL-B1-10-P02,2,6;8,performance assessment task,Active B1.10 performance task; response saved locally with self-check rubric in app,local self-check rubric ready; no audio recording or external evaluator,ready; active local performance self-check,Stable ID linked to source task(s): DL-B1-10-T06; DL-B1-10-T08 and B1.10 learning goal; works locally without generated audio.
DL-B1-11-Q01,DL-B1-11-G01,B1,11,b1-11-history-politics-passive-past,content/B1/lesson-11-history-politics-passive-past.assessment.json,,quiz[0] — DL-B1-11-Q01,1,1,individual structured assessment question,Ready local B1.11 assessment question; bundled in data/course.json,answer key and short Arabic explanation reviewed,ready; active local assessment question,Stable ID linked to B1.11 learning goal and source task(s): DL-B1-11-T01. Assessment works without generated audio.
DL-B1-11-Q02,DL-B1-11-G01,B1,11,b1-11-history-politics-passive-past,content/B1/lesson-11-history-politics-passive-past.assessment.json,,quiz[1] — DL-B1-11-Q02,2,4,individual structured assessment question,Ready local B1.11 assessment question; bundled in data/course.json,answer key and short Arabic explanation reviewed,ready; active local assessment question,Stable ID linked to B1.11 learning goal and source task(s): DL-B1-11-T04. Assessment works without generated audio.
DL-B1-11-Q03,DL-B1-11-G01,B1,11,b1-11-history-politics-passive-past,content/B1/lesson-11-history-politics-passive-past.assessment.json,,quiz[2] — DL-B1-11-Q03,3,2,individual structured assessment question,Ready local B1.11 assessment question; bundled in data/course.json,answer key and short Arabic explanation reviewed,ready; active local assessment question,Stable ID linked to B1.11 learning goal and source task(s): DL-B1-11-T02. Assessment works without generated audio.
DL-B1-11-Q04,DL-B1-11-G01,B1,11,b1-11-history-politics-passive-past,content/B1/lesson-11-history-politics-passive-past.assessment.json,,quiz[3] — DL-B1-11-Q04,4,3,individual structured assessment question,Ready local B1.11 assessment question; bundled in data/course.json,answer key and short Arabic explanation reviewed,ready; active local assessment question,Stable ID linked to B1.11 learning goal and source task(s): DL-B1-11-T03. Assessment works without generated audio.
DL-B1-11-Q05,DL-B1-11-G01,B1,11,b1-11-history-politics-passive-past,content/B1/lesson-11-history-politics-passive-past.assessment.json,,quiz[4] — DL-B1-11-Q05,5,3,individual structured assessment question,Ready local B1.11 assessment question; bundled in data/course.json,answer key and short Arabic explanation reviewed,ready; active local assessment question,Stable ID linked to B1.11 learning goal and source task(s): DL-B1-11-T03. Assessment works without generated audio.
DL-B1-11-Q06,DL-B1-11-G01,B1,11,b1-11-history-politics-passive-past,content/B1/lesson-11-history-politics-passive-past.assessment.json,,quiz[5] — DL-B1-11-Q06,6,7,individual structured assessment question,Ready local B1.11 assessment question; bundled in data/course.json,answer key and short Arabic explanation reviewed,ready; active local assessment question,Stable ID linked to B1.11 learning goal and source task(s): DL-B1-11-T07. Assessment works without generated audio.
DL-B1-11-Q07,DL-B1-11-G01,B1,11,b1-11-history-politics-passive-past,content/B1/lesson-11-history-politics-passive-past.assessment.json,,quiz[6] — DL-B1-11-Q07,7,5,individual structured assessment question,Ready local B1.11 assessment question; bundled in data/course.json,answer key and short Arabic explanation reviewed,ready; active local assessment question,Stable ID linked to B1.11 learning goal and source task(s): DL-B1-11-T05. Assessment works without generated audio.
DL-B1-11-Q08,DL-B1-11-G01,B1,11,b1-11-history-politics-passive-past,content/B1/lesson-11-history-politics-passive-past.assessment.json,,quiz[7] — DL-B1-11-Q08,8,5,individual structured assessment question,Ready local B1.11 assessment question; bundled in data/course.json,answer key and short Arabic explanation reviewed,ready; active local assessment question,Stable ID linked to B1.11 learning goal and source task(s): DL-B1-11-T05. Assessment works without generated audio.
DL-B1-11-Q09,DL-B1-11-G01,B1,11,b1-11-history-politics-passive-past,content/B1/lesson-11-history-politics-passive-past.assessment.json,,quiz[8] — DL-B1-11-Q09,9,6,individual structured assessment question,Ready local B1.11 assessment question; bundled in data/course.json,answer key and short Arabic explanation reviewed,ready; active local assessment question,Stable ID linked to B1.11 learning goal and source task(s): DL-B1-11-T06. Assessment works without generated audio.
DL-B1-11-Q10,DL-B1-11-G01,B1,11,b1-11-history-politics-passive-past,content/B1/lesson-11-history-politics-passive-past.assessment.json,,quiz[9] — DL-B1-11-Q10,10,6,individual structured assessment question,Ready local B1.11 assessment question; bundled in data/course.json,answer key and short Arabic explanation reviewed,ready; active local assessment question,Stable ID linked to B1.11 learning goal and source task(s): DL-B1-11-T06. Assessment works without generated audio.
DL-B1-11-P01,DL-B1-11-G01,B1,11,b1-11-history-politics-passive-past,content/B1/lesson-11-history-politics-passive-past.assessment.json,,performanceTasks[0] — DL-B1-11-P01,1,8,performance assessment task,Active B1.11 performance task; response saved locally with self-check rubric in app,local self-check rubric ready; no audio recording or external evaluator,ready; active local performance self-check,Stable ID linked to source task(s): DL-B1-11-T08 and B1.11 learning goal; works locally without generated audio.
DL-B1-11-P02,DL-B1-11-G01,B1,11,b1-11-history-politics-passive-past,content/B1/lesson-11-history-politics-passive-past.assessment.json,,performanceTasks[1] — DL-B1-11-P02,2,6;8,performance assessment task,Active B1.11 performance task; response saved locally with self-check rubric in app,local self-check rubric ready; no audio recording or external evaluator,ready; active local performance self-check,Stable ID linked to source task(s): DL-B1-11-T06; DL-B1-11-T08 and B1.11 learning goal; works locally without generated audio.
DL-B1-12-Q01,DL-B1-12-G01,B1,12,b1-12-innovation-research-future,content/B1/lesson-12-innovation-research-future.assessment.json,,quiz[0] — DL-B1-12-Q01,1,1,individual structured assessment question,Ready local B1.12 assessment question; bundled in data/course.json,answer key and short Arabic explanation reviewed,ready; active local assessment question,Stable ID linked to B1.12 learning goal and source task(s): DL-B1-12-T01. Assessment works without generated audio.
DL-B1-12-Q02,DL-B1-12-G01,B1,12,b1-12-innovation-research-future,content/B1/lesson-12-innovation-research-future.assessment.json,,quiz[1] — DL-B1-12-Q02,2,2,individual structured assessment question,Ready local B1.12 assessment question; bundled in data/course.json,answer key and short Arabic explanation reviewed,ready; active local assessment question,Stable ID linked to B1.12 learning goal and source task(s): DL-B1-12-T02. Assessment works without generated audio.
DL-B1-12-Q03,DL-B1-12-G01,B1,12,b1-12-innovation-research-future,content/B1/lesson-12-innovation-research-future.assessment.json,,quiz[2] — DL-B1-12-Q03,3,3,individual structured assessment question,Ready local B1.12 assessment question; bundled in data/course.json,answer key and short Arabic explanation reviewed,ready; active local assessment question,Stable ID linked to B1.12 learning goal and source task(s): DL-B1-12-T03. Assessment works without generated audio.
DL-B1-12-Q04,DL-B1-12-G01,B1,12,b1-12-innovation-research-future,content/B1/lesson-12-innovation-research-future.assessment.json,,quiz[3] — DL-B1-12-Q04,4,4,individual structured assessment question,Ready local B1.12 assessment question; bundled in data/course.json,answer key and short Arabic explanation reviewed,ready; active local assessment question,Stable ID linked to B1.12 learning goal and source task(s): DL-B1-12-T04. Assessment works without generated audio.
DL-B1-12-Q05,DL-B1-12-G01,B1,12,b1-12-innovation-research-future,content/B1/lesson-12-innovation-research-future.assessment.json,,quiz[4] — DL-B1-12-Q05,5,5,individual structured assessment question,Ready local B1.12 assessment question; bundled in data/course.json,answer key and short Arabic explanation reviewed,ready; active local assessment question,Stable ID linked to B1.12 learning goal and source task(s): DL-B1-12-T05. Assessment works without generated audio.
DL-B1-12-Q06,DL-B1-12-G01,B1,12,b1-12-innovation-research-future,content/B1/lesson-12-innovation-research-future.assessment.json,,quiz[5] — DL-B1-12-Q06,6,5,individual structured assessment question,Ready local B1.12 assessment question; bundled in data/course.json,answer key and short Arabic explanation reviewed,ready; active local assessment question,Stable ID linked to B1.12 learning goal and source task(s): DL-B1-12-T05. Assessment works without generated audio.
DL-B1-12-Q07,DL-B1-12-G01,B1,12,b1-12-innovation-research-future,content/B1/lesson-12-innovation-research-future.assessment.json,,quiz[6] — DL-B1-12-Q07,7,6,individual structured assessment question,Ready local B1.12 assessment question; bundled in data/course.json,answer key and short Arabic explanation reviewed,ready; active local assessment question,Stable ID linked to B1.12 learning goal and source task(s): DL-B1-12-T06. Assessment works without generated audio.
DL-B1-12-Q08,DL-B1-12-G01,B1,12,b1-12-innovation-research-future,content/B1/lesson-12-innovation-research-future.assessment.json,,quiz[7] — DL-B1-12-Q08,8,6,individual structured assessment question,Ready local B1.12 assessment question; bundled in data/course.json,answer key and short Arabic explanation reviewed,ready; active local assessment question,Stable ID linked to B1.12 learning goal and source task(s): DL-B1-12-T06. Assessment works without generated audio.
DL-B1-12-Q09,DL-B1-12-G01,B1,12,b1-12-innovation-research-future,content/B1/lesson-12-innovation-research-future.assessment.json,,quiz[8] — DL-B1-12-Q09,9,7,individual structured assessment question,Ready local B1.12 assessment question; bundled in data/course.json,answer key and short Arabic explanation reviewed,ready; active local assessment question,Stable ID linked to B1.12 learning goal and source task(s): DL-B1-12-T07. Assessment works without generated audio.
DL-B1-12-Q10,DL-B1-12-G01,B1,12,b1-12-innovation-research-future,content/B1/lesson-12-innovation-research-future.assessment.json,,quiz[9] — DL-B1-12-Q10,10,7,individual structured assessment question,Ready local B1.12 assessment question; bundled in data/course.json,answer key and short Arabic explanation reviewed,ready; active local assessment question,Stable ID linked to B1.12 learning goal and source task(s): DL-B1-12-T07. Assessment works without generated audio.
DL-B1-12-P01,DL-B1-12-G01,B1,12,b1-12-innovation-research-future,content/B1/lesson-12-innovation-research-future.assessment.json,,performanceTasks[0] — DL-B1-12-P01,1,8,performance assessment task,Active B1.12 performance task; response saved locally with self-check rubric in app,local self-check rubric ready; no audio recording or external evaluator,ready; active local performance self-check,Stable ID linked to source task(s): DL-B1-12-T08 and B1.12 learning goal; works locally without generated audio.
DL-B1-12-P02,DL-B1-12-G01,B1,12,b1-12-innovation-research-future,content/B1/lesson-12-innovation-research-future.assessment.json,,performanceTasks[1] — DL-B1-12-P02,2,6;8,performance assessment task,Active B1.12 performance task; response saved locally with self-check rubric in app,local self-check rubric ready; no audio recording or external evaluator,ready; active local performance self-check,Stable ID linked to source task(s): DL-B1-12-T06; DL-B1-12-T08 and B1.12 learning goal; works locally without generated audio.
DL-B2-01-Q01,DL-B2-01-G01,B2,1,b2-01-time-management-habits-reading,content/B2/lesson-01-time-management-habits-reading.assessment.json,,quiz[0] — DL-B2-01-Q01,1,1,individual structured assessment question,Ready local B2.1 assessment question; bundled in data/course.json,answer key and short Arabic explanation reviewed,ready; active local assessment question,Stable ID linked to B2.1 learning goal and source task(s): DL-B2-01-T01. Assessment works without generated audio.
DL-B2-01-Q02,DL-B2-01-G01,B2,1,b2-01-time-management-habits-reading,content/B2/lesson-01-time-management-habits-reading.assessment.json,,quiz[1] — DL-B2-01-Q02,2,2,individual structured assessment question,Ready local B2.1 assessment question; bundled in data/course.json,answer key and short Arabic explanation reviewed,ready; active local assessment question,Stable ID linked to B2.1 learning goal and source task(s): DL-B2-01-T02. Assessment works without generated audio.
DL-B2-01-Q03,DL-B2-01-G01,B2,1,b2-01-time-management-habits-reading,content/B2/lesson-01-time-management-habits-reading.assessment.json,,quiz[2] — DL-B2-01-Q03,3,3,individual structured assessment question,Ready local B2.1 assessment question; bundled in data/course.json,answer key and short Arabic explanation reviewed,ready; active local assessment question,Stable ID linked to B2.1 learning goal and source task(s): DL-B2-01-T03. Assessment works without generated audio.
DL-B2-01-Q04,DL-B2-01-G01,B2,1,b2-01-time-management-habits-reading,content/B2/lesson-01-time-management-habits-reading.assessment.json,,quiz[3] — DL-B2-01-Q04,4,4,individual structured assessment question,Ready local B2.1 assessment question; bundled in data/course.json,answer key and short Arabic explanation reviewed,ready; active local assessment question,Stable ID linked to B2.1 learning goal and source task(s): DL-B2-01-T04. Assessment works without generated audio.
DL-B2-01-Q05,DL-B2-01-G01,B2,1,b2-01-time-management-habits-reading,content/B2/lesson-01-time-management-habits-reading.assessment.json,,quiz[4] — DL-B2-01-Q05,5,5,individual structured assessment question,Ready local B2.1 assessment question; bundled in data/course.json,answer key and short Arabic explanation reviewed,ready; active local assessment question,Stable ID linked to B2.1 learning goal and source task(s): DL-B2-01-T05. Assessment works without generated audio.
DL-B2-01-Q06,DL-B2-01-G01,B2,1,b2-01-time-management-habits-reading,content/B2/lesson-01-time-management-habits-reading.assessment.json,,quiz[5] — DL-B2-01-Q06,6,5,individual structured assessment question,Ready local B2.1 assessment question; bundled in data/course.json,answer key and short Arabic explanation reviewed,ready; active local assessment question,Stable ID linked to B2.1 learning goal and source task(s): DL-B2-01-T05. Assessment works without generated audio.
DL-B2-01-Q07,DL-B2-01-G01,B2,1,b2-01-time-management-habits-reading,content/B2/lesson-01-time-management-habits-reading.assessment.json,,quiz[6] — DL-B2-01-Q07,7,6,individual structured assessment question,Ready local B2.1 assessment question; bundled in data/course.json,answer key and short Arabic explanation reviewed,ready; active local assessment question,Stable ID linked to B2.1 learning goal and source task(s): DL-B2-01-T06. Assessment works without generated audio.
DL-B2-01-Q08,DL-B2-01-G01,B2,1,b2-01-time-management-habits-reading,content/B2/lesson-01-time-management-habits-reading.assessment.json,,quiz[7] — DL-B2-01-Q08,8,6,individual structured assessment question,Ready local B2.1 assessment question; bundled in data/course.json,answer key and short Arabic explanation reviewed,ready; active local assessment question,Stable ID linked to B2.1 learning goal and source task(s): DL-B2-01-T06. Assessment works without generated audio.
DL-B2-01-Q09,DL-B2-01-G01,B2,1,b2-01-time-management-habits-reading,content/B2/lesson-01-time-management-habits-reading.assessment.json,,quiz[8] — DL-B2-01-Q09,9,7,individual structured assessment question,Ready local B2.1 assessment question; bundled in data/course.json,answer key and short Arabic explanation reviewed,ready; active local assessment question,Stable ID linked to B2.1 learning goal and source task(s): DL-B2-01-T07. Assessment works without generated audio.
DL-B2-01-Q10,DL-B2-01-G01,B2,1,b2-01-time-management-habits-reading,content/B2/lesson-01-time-management-habits-reading.assessment.json,,quiz[9] — DL-B2-01-Q10,10,7,individual structured assessment question,Ready local B2.1 assessment question; bundled in data/course.json,answer key and short Arabic explanation reviewed,ready; active local assessment question,Stable ID linked to B2.1 learning goal and source task(s): DL-B2-01-T07. Assessment works without generated audio.
DL-B2-01-P01,DL-B2-01-G01,B2,1,b2-01-time-management-habits-reading,content/B2/lesson-01-time-management-habits-reading.assessment.json,,performanceTasks[0] — DL-B2-01-P01,1,8,performance assessment task,Active B2.1 performance task; response saved locally with self-check rubric in app,local self-check rubric ready; no audio recording or external evaluator,ready; active local performance self-check,"Stable ID linked to DL-B2-01-T08 and the B2.1 goal; locally saved self-check with visible rubric. Requires a method link (indem or dadurch, dass) and a purpose link (um … zu), in 5–7 German sentences or a comparable oral explanation. Solo written-and-read-aloud alternative; no recording, generated audio, or automated correction."
DL-B2-01-P02,DL-B2-01-G01,B2,1,b2-01-time-management-habits-reading,content/B2/lesson-01-time-management-habits-reading.assessment.json,,performanceTasks[1] — DL-B2-01-P02,2,6;8,performance assessment task,Active B2.1 performance task; response saved locally with self-check rubric in app,local self-check rubric ready; no audio recording or external evaluator,ready; active local performance self-check,"Stable ID linked to DL-B2-01-T06 and DL-B2-01-T08 and the B2.1 goal; cites the written listening text and adds a strategy. Requires a method link (indem or dadurch, dass) and a purpose link (um … zu), in 5–7 German sentences or a comparable oral explanation. Solo written-and-read-aloud alternative; no MP3, recording, generated audio, or automated correction."
DL-B2-02-Q01,DL-B2-02-G01,B2,2,b2-02-career-formal-communication-konjunktiv1,content/B2/lesson-02-career-formal-communication-konjunktiv1.assessment.json,,quiz[0] — DL-B2-02-Q01,1,1,individual structured assessment question,Ready local B2.2 assessment question; bundled in data/course.json,answer key and short Arabic explanation reviewed,ready; active local assessment question,Stable assessment ID linked to DL-B2-02-T01 and DL-B2-02-G01. Answer and Arabic explanation reviewed; works without generated audio.
DL-B2-02-Q02,DL-B2-02-G01,B2,2,b2-02-career-formal-communication-konjunktiv1,content/B2/lesson-02-career-formal-communication-konjunktiv1.assessment.json,,quiz[1] — DL-B2-02-Q02,2,2,individual structured assessment question,Ready local B2.2 assessment question; bundled in data/course.json,answer key and short Arabic explanation reviewed,ready; active local assessment question,Stable assessment ID linked to DL-B2-02-T02 and DL-B2-02-G01. Answer and Arabic explanation reviewed; works without generated audio.
DL-B2-02-Q03,DL-B2-02-G01,B2,2,b2-02-career-formal-communication-konjunktiv1,content/B2/lesson-02-career-formal-communication-konjunktiv1.assessment.json,,quiz[2] — DL-B2-02-Q03,3,3,individual structured assessment question,Ready local B2.2 assessment question; bundled in data/course.json,answer key and short Arabic explanation reviewed,ready; active local assessment question,Stable assessment ID linked to DL-B2-02-T03 and DL-B2-02-G01. Answer and Arabic explanation reviewed; works without generated audio.
DL-B2-02-Q04,DL-B2-02-G01,B2,2,b2-02-career-formal-communication-konjunktiv1,content/B2/lesson-02-career-formal-communication-konjunktiv1.assessment.json,,quiz[3] — DL-B2-02-Q04,4,4,individual structured assessment question,Ready local B2.2 assessment question; bundled in data/course.json,answer key and short Arabic explanation reviewed,ready; active local assessment question,Stable assessment ID linked to DL-B2-02-T04 and DL-B2-02-G01. Answer and Arabic explanation reviewed; works without generated audio.
DL-B2-02-Q05,DL-B2-02-G01,B2,2,b2-02-career-formal-communication-konjunktiv1,content/B2/lesson-02-career-formal-communication-konjunktiv1.assessment.json,,quiz[4] — DL-B2-02-Q05,5,5,individual structured assessment question,Ready local B2.2 assessment question; bundled in data/course.json,answer key and short Arabic explanation reviewed,ready; active local assessment question,Stable assessment ID linked to DL-B2-02-T05 and DL-B2-02-G01. Answer and Arabic explanation reviewed; works without generated audio.
DL-B2-02-Q06,DL-B2-02-G01,B2,2,b2-02-career-formal-communication-konjunktiv1,content/B2/lesson-02-career-formal-communication-konjunktiv1.assessment.json,,quiz[5] — DL-B2-02-Q06,6,5,individual structured assessment question,Ready local B2.2 assessment question; bundled in data/course.json,answer key and short Arabic explanation reviewed,ready; active local assessment question,Stable assessment ID linked to DL-B2-02-T05 and DL-B2-02-G01. Answer and Arabic explanation reviewed; works without generated audio.
DL-B2-02-Q07,DL-B2-02-G01,B2,2,b2-02-career-formal-communication-konjunktiv1,content/B2/lesson-02-career-formal-communication-konjunktiv1.assessment.json,,quiz[6] — DL-B2-02-Q07,7,6,individual structured assessment question,Ready local B2.2 assessment question; bundled in data/course.json,answer key and short Arabic explanation reviewed,ready; active local assessment question,Stable assessment ID linked to DL-B2-02-T06 and DL-B2-02-G01. Answer and Arabic explanation reviewed; works without generated audio.
DL-B2-02-Q08,DL-B2-02-G01,B2,2,b2-02-career-formal-communication-konjunktiv1,content/B2/lesson-02-career-formal-communication-konjunktiv1.assessment.json,,quiz[7] — DL-B2-02-Q08,8,6,individual structured assessment question,Ready local B2.2 assessment question; bundled in data/course.json,answer key and short Arabic explanation reviewed,ready; active local assessment question,Stable assessment ID linked to DL-B2-02-T06 and DL-B2-02-G01. Answer and Arabic explanation reviewed; works without generated audio.
DL-B2-02-Q09,DL-B2-02-G01,B2,2,b2-02-career-formal-communication-konjunktiv1,content/B2/lesson-02-career-formal-communication-konjunktiv1.assessment.json,,quiz[8] — DL-B2-02-Q09,9,7,individual structured assessment question,Ready local B2.2 assessment question; bundled in data/course.json,answer key and short Arabic explanation reviewed,ready; active local assessment question,Stable assessment ID linked to DL-B2-02-T07 and DL-B2-02-G01. Answer and Arabic explanation reviewed; works without generated audio.
DL-B2-02-Q10,DL-B2-02-G01,B2,2,b2-02-career-formal-communication-konjunktiv1,content/B2/lesson-02-career-formal-communication-konjunktiv1.assessment.json,,quiz[9] — DL-B2-02-Q10,10,2,individual structured assessment question,Ready local B2.2 assessment question; bundled in data/course.json,answer key and short Arabic explanation reviewed,ready; active local assessment question,Stable assessment ID linked to DL-B2-02-T02 and DL-B2-02-G01. Answer and Arabic explanation reviewed; works without generated audio.
DL-B2-02-P01,DL-B2-02-G01,B2,2,b2-02-career-formal-communication-konjunktiv1,content/B2/lesson-02-career-formal-communication-konjunktiv1.assessment.json,,performanceTasks[0] — DL-B2-02-P01,1,8,performance assessment task,Active B2.2 performance task; response saved locally with self-check rubric in app,local self-check rubric ready; no audio recording or external evaluator,ready; active local performance self-check,"Stable ID linked to DL-B2-02-T08 and DL-B2-02-G01; visible local self-check rubric. Four–six sentence career-consultation summary; four attributed statements, at least two Konjunktiv I forms, and source/claim distinction. Solo written-and-read-aloud option; no recording, generated audio, or automated correction."
DL-B2-02-P02,DL-B2-02-G01,B2,2,b2-02-career-formal-communication-konjunktiv1,content/B2/lesson-02-career-formal-communication-konjunktiv1.assessment.json,,performanceTasks[1] — DL-B2-02-P02,2,6;8,performance assessment task,Active B2.2 performance task; response saved locally with self-check rubric in app,local self-check rubric ready; no audio recording or external evaluator,ready; active local performance self-check,"Stable ID linked to DL-B2-02-T06, DL-B2-02-T08 and DL-B2-02-G01; visible local self-check rubric. Four–six sentence professional briefing sourced to the written listening script; attributes the coach and participant, uses Konjunktiv I, and adds a clearly marked next step. Solo written-and-read-aloud option; no recording, generated audio, or automated correction."
DL-B2-11-Q01,DL-B2-11-G01,B2,11,b2-11-humans-nature-environment-nominalization,content/B2/b2-11-humans-nature-environment-nominalization.assessment.json,,quiz[0] — DL-B2-11-Q01,1,1,individual structured assessment question,Ready local B2.11 assessment question; bundled in data/course.json,answer key and short Arabic explanation reviewed,ready; active local assessment question,Stable assessment ID linked to DL-B2-11-T01 and DL-B2-11-G01. Source-backed Arabic explanation; no generated audio required.
DL-B2-11-Q02,DL-B2-11-G01,B2,11,b2-11-humans-nature-environment-nominalization,content/B2/b2-11-humans-nature-environment-nominalization.assessment.json,,quiz[1] — DL-B2-11-Q02,2,2,individual structured assessment question,Ready local B2.11 assessment question; bundled in data/course.json,answer key and short Arabic explanation reviewed,ready; active local assessment question,Stable assessment ID linked to DL-B2-11-T02 and DL-B2-11-G01. Source-backed Arabic explanation; no generated audio required.
DL-B2-11-Q03,DL-B2-11-G01,B2,11,b2-11-humans-nature-environment-nominalization,content/B2/b2-11-humans-nature-environment-nominalization.assessment.json,,quiz[2] — DL-B2-11-Q03,3,2,individual structured assessment question,Ready local B2.11 assessment question; bundled in data/course.json,answer key and short Arabic explanation reviewed,ready; active local assessment question,Stable assessment ID linked to DL-B2-11-T02 and DL-B2-11-G01. Source-backed Arabic explanation; no generated audio required.
DL-B2-11-Q04,DL-B2-11-G01,B2,11,b2-11-humans-nature-environment-nominalization,content/B2/b2-11-humans-nature-environment-nominalization.assessment.json,,quiz[3] — DL-B2-11-Q04,4,3,individual structured assessment question,Ready local B2.11 assessment question; bundled in data/course.json,answer key and short Arabic explanation reviewed,ready; active local assessment question,Stable assessment ID linked to DL-B2-11-T03 and DL-B2-11-G01. Source-backed Arabic explanation; no generated audio required.
DL-B2-11-Q05,DL-B2-11-G01,B2,11,b2-11-humans-nature-environment-nominalization,content/B2/b2-11-humans-nature-environment-nominalization.assessment.json,,quiz[4] — DL-B2-11-Q05,5,3,individual structured assessment question,Ready local B2.11 assessment question; bundled in data/course.json,answer key and short Arabic explanation reviewed,ready; active local assessment question,Stable assessment ID linked to DL-B2-11-T03 and DL-B2-11-G01. Source-backed Arabic explanation; no generated audio required.
DL-B2-11-Q06,DL-B2-11-G01,B2,11,b2-11-humans-nature-environment-nominalization,content/B2/b2-11-humans-nature-environment-nominalization.assessment.json,,quiz[5] — DL-B2-11-Q06,6,4,individual structured assessment question,Ready local B2.11 assessment question; bundled in data/course.json,answer key and short Arabic explanation reviewed,ready; active local assessment question,Stable assessment ID linked to DL-B2-11-T04 and DL-B2-11-G01. Source-backed Arabic explanation; no generated audio required.
DL-B2-11-Q07,DL-B2-11-G01,B2,11,b2-11-humans-nature-environment-nominalization,content/B2/b2-11-humans-nature-environment-nominalization.assessment.json,,quiz[6] — DL-B2-11-Q07,7,5,individual structured assessment question,Ready local B2.11 assessment question; bundled in data/course.json,answer key and short Arabic explanation reviewed,ready; active local assessment question,Stable assessment ID linked to DL-B2-11-T05 and DL-B2-11-G01. Source-backed Arabic explanation; no generated audio required.
DL-B2-11-Q08,DL-B2-11-G01,B2,11,b2-11-humans-nature-environment-nominalization,content/B2/b2-11-humans-nature-environment-nominalization.assessment.json,,quiz[7] — DL-B2-11-Q08,8,5,individual structured assessment question,Ready local B2.11 assessment question; bundled in data/course.json,answer key and short Arabic explanation reviewed,ready; active local assessment question,Stable assessment ID linked to DL-B2-11-T05 and DL-B2-11-G01. Source-backed Arabic explanation; no generated audio required.
DL-B2-11-Q09,DL-B2-11-G01,B2,11,b2-11-humans-nature-environment-nominalization,content/B2/b2-11-humans-nature-environment-nominalization.assessment.json,,quiz[8] — DL-B2-11-Q09,9,6,individual structured assessment question,Ready local B2.11 assessment question; bundled in data/course.json,answer key and short Arabic explanation reviewed,ready; active local assessment question,Stable assessment ID linked to DL-B2-11-T06 and DL-B2-11-G01. Source-backed Arabic explanation; no generated audio required.
DL-B2-11-Q10,DL-B2-11-G01,B2,11,b2-11-humans-nature-environment-nominalization,content/B2/b2-11-humans-nature-environment-nominalization.assessment.json,,quiz[9] — DL-B2-11-Q10,10,7,individual structured assessment question,Ready local B2.11 assessment question; bundled in data/course.json,answer key and short Arabic explanation reviewed,ready; active local assessment question,Stable assessment ID linked to DL-B2-11-T07 and DL-B2-11-G01. Source-backed Arabic explanation; no generated audio required.
DL-B2-11-P01,DL-B2-11-G01,B2,11,b2-11-humans-nature-environment-nominalization,content/B2/b2-11-humans-nature-environment-nominalization.assessment.json,,performanceTasks[0] — DL-B2-11-P01,1,8,performance assessment task,Active B2.11 performance task; response saved locally with self-check rubric in app,local self-check rubric ready; no audio recording or external evaluator,ready; active local performance self-check,"Stable assessment ID linked to DL-B2-11-T08 and DL-B2-11-G01; fictional environmental proposal, five or more German sentences, two nominal forms, possible impact and human need. Written/oral choice; solo write/read-aloud without recording or sending; no generated audio."
DL-B2-11-P02,DL-B2-11-G01,B2,11,b2-11-humans-nature-environment-nominalization,content/B2/b2-11-humans-nature-environment-nominalization.assessment.json,,performanceTasks[1] — DL-B2-11-P02,2,5;6;8,performance assessment task,Active B2.11 performance task; response saved locally with self-check rubric in app,local self-check rubric ready; no audio recording or external evaluator,ready; active local performance self-check,"Stable assessment ID linked to DL-B2-11-T05; DL-B2-11-T06; DL-B2-11-T08 and DL-B2-11-G01; integrates fictional T05 reading and written T06 transcript with T08, nominal forms and a cautious possible impact. Written/oral choice; solo write/read-aloud without recording or sending; no MP3 required."
DL-B2-12-Q01,DL-B2-12-G01,B2,12,b2-12-leisure-media-reported-speech,content/B2/lesson-12-leisure-media-reported-speech.assessment.json,,quiz[0] — DL-B2-12-Q01,1,1,individual structured assessment question,Ready local B2.12 assessment question; bundled in data/course.json,answer key and short Arabic explanation reviewed,ready; active local assessment question,Stable assessment ID linked to DL-B2-12-T01 and DL-B2-12-G01. Source-backed Arabic explanation; no generated audio required.
DL-B2-12-Q02,DL-B2-12-G01,B2,12,b2-12-leisure-media-reported-speech,content/B2/lesson-12-leisure-media-reported-speech.assessment.json,,quiz[1] — DL-B2-12-Q02,2,2,individual structured assessment question,Ready local B2.12 assessment question; bundled in data/course.json,answer key and short Arabic explanation reviewed,ready; active local assessment question,Stable assessment ID linked to DL-B2-12-T02 and DL-B2-12-G01. Source-backed Arabic explanation; no generated audio required.
DL-B2-12-Q03,DL-B2-12-G01,B2,12,b2-12-leisure-media-reported-speech,content/B2/lesson-12-leisure-media-reported-speech.assessment.json,,quiz[2] — DL-B2-12-Q03,3,2,individual structured assessment question,Ready local B2.12 assessment question; bundled in data/course.json,answer key and short Arabic explanation reviewed,ready; active local assessment question,Stable assessment ID linked to DL-B2-12-T02 and DL-B2-12-G01. Source-backed Arabic explanation; no generated audio required.
DL-B2-12-Q04,DL-B2-12-G01,B2,12,b2-12-leisure-media-reported-speech,content/B2/lesson-12-leisure-media-reported-speech.assessment.json,,quiz[3] — DL-B2-12-Q04,4,3,individual structured assessment question,Ready local B2.12 assessment question; bundled in data/course.json,answer key and short Arabic explanation reviewed,ready; active local assessment question,Stable assessment ID linked to DL-B2-12-T03 and DL-B2-12-G01. Source-backed Arabic explanation; no generated audio required.
DL-B2-12-Q05,DL-B2-12-G01,B2,12,b2-12-leisure-media-reported-speech,content/B2/lesson-12-leisure-media-reported-speech.assessment.json,,quiz[4] — DL-B2-12-Q05,5,3,individual structured assessment question,Ready local B2.12 assessment question; bundled in data/course.json,answer key and short Arabic explanation reviewed,ready; active local assessment question,Stable assessment ID linked to DL-B2-12-T03 and DL-B2-12-G01. Source-backed Arabic explanation; no generated audio required.
DL-B2-12-Q06,DL-B2-12-G01,B2,12,b2-12-leisure-media-reported-speech,content/B2/lesson-12-leisure-media-reported-speech.assessment.json,,quiz[5] — DL-B2-12-Q06,6,5,individual structured assessment question,Ready local B2.12 assessment question; bundled in data/course.json,answer key and short Arabic explanation reviewed,ready; active local assessment question,Stable assessment ID linked to DL-B2-12-T05 and DL-B2-12-G01. Source-backed Arabic explanation; no generated audio required.
DL-B2-12-Q07,DL-B2-12-G01,B2,12,b2-12-leisure-media-reported-speech,content/B2/lesson-12-leisure-media-reported-speech.assessment.json,,quiz[6] — DL-B2-12-Q07,7,5,individual structured assessment question,Ready local B2.12 assessment question; bundled in data/course.json,answer key and short Arabic explanation reviewed,ready; active local assessment question,Stable assessment ID linked to DL-B2-12-T05 and DL-B2-12-G01. Source-backed Arabic explanation; no generated audio required.
DL-B2-12-Q08,DL-B2-12-G01,B2,12,b2-12-leisure-media-reported-speech,content/B2/lesson-12-leisure-media-reported-speech.assessment.json,,quiz[7] — DL-B2-12-Q08,8,6,individual structured assessment question,Ready local B2.12 assessment question; bundled in data/course.json,answer key and short Arabic explanation reviewed,ready; active local assessment question,Stable assessment ID linked to DL-B2-12-T06 and DL-B2-12-G01. Source-backed Arabic explanation; no generated audio required.
DL-B2-12-Q09,DL-B2-12-G01,B2,12,b2-12-leisure-media-reported-speech,content/B2/lesson-12-leisure-media-reported-speech.assessment.json,,quiz[8] — DL-B2-12-Q09,9,7,individual structured assessment question,Ready local B2.12 assessment question; bundled in data/course.json,answer key and short Arabic explanation reviewed,ready; active local assessment question,Stable assessment ID linked to DL-B2-12-T07 and DL-B2-12-G01. Source-backed Arabic explanation; no generated audio required.
DL-B2-12-Q10,DL-B2-12-G01,B2,12,b2-12-leisure-media-reported-speech,content/B2/lesson-12-leisure-media-reported-speech.assessment.json,,quiz[9] — DL-B2-12-Q10,10,4,individual structured assessment question,Ready local B2.12 assessment question; bundled in data/course.json,answer key and short Arabic explanation reviewed,ready; active local assessment question,Stable assessment ID linked to DL-B2-12-T04 and DL-B2-12-G01. Source-backed Arabic explanation; no generated audio required.
DL-B2-12-P01,DL-B2-12-G01,B2,12,b2-12-leisure-media-reported-speech,content/B2/lesson-12-leisure-media-reported-speech.assessment.json,,performanceTasks[0] — DL-B2-12-P01,1,8,performance assessment task,Active B2.12 performance task; response saved locally with self-check rubric in app,local self-check rubric ready; no audio recording or external evaluator,ready; active local performance self-check,"Stable assessment ID linked to DL-B2-12-T08 and DL-B2-12-G01; fictional media summary, three attributed views, clear Konjunktiv I/Konjunktiv II distinction, and separate personal opinion. Written/oral choice; solo write/read-aloud without recording or sending; no generated audio."
DL-B2-12-P02,DL-B2-12-G01,B2,12,b2-12-leisure-media-reported-speech,content/B2/lesson-12-leisure-media-reported-speech.assessment.json,,performanceTasks[1] — DL-B2-12-P02,2,5;6;8,performance assessment task,Active B2.12 performance task; response saved locally with self-check rubric in app,local self-check rubric ready; no audio recording or external evaluator,ready; active local performance self-check,"Stable assessment ID linked to DL-B2-12-T05; DL-B2-12-T06; DL-B2-12-T08 and DL-B2-12-G01; fictional media summary, three attributed views, clear Konjunktiv I/Konjunktiv II distinction, and separate personal opinion. Written/oral choice; solo write/read-aloud without recording or sending; no generated audio."
DL-A0-GATE-T01,DL-A0-GATE-G01,A0,GATE,a0-a1-gate,content/A0/lesson-06-placement-check.md,95,### مهمة 1 — DL-A0-GATE-T01,1,1,gate source performance activity,Source activity linked to DL-A0-GATE-P01,source criteria and comparison model present,catalogued; linked to active gate performance self-check,CR6: explicit source activity; training cross-reference in current guide; no independent speech/language scoring.
DL-A0-GATE-T02,DL-A0-GATE-G01,A0,GATE,a0-a1-gate,content/A0/lesson-06-placement-check.md,105,### مهمة 2 — DL-A0-GATE-T02,2,2,gate source performance activity,Source activity linked to DL-A0-GATE-P02,source criteria and comparison model present,catalogued; linked to active gate performance self-check,CR6: explicit source activity; training cross-reference in current guide; no independent speech/language scoring.
DL-A0-GATE-T03,DL-A0-GATE-G01,A0,GATE,a0-a1-gate,content/A0/lesson-06-placement-check.md,115,### مهمة 3 — DL-A0-GATE-T03,3,3,gate source performance activity,Source activity linked to DL-A0-GATE-P03,source criteria and comparison model present,catalogued; linked to active gate performance self-check,CR6: explicit source activity; training cross-reference in current guide; no independent speech/language scoring.
